date,open,high,low,close,volume
20180102,39.7762,40.2765,39.5659,40.2671,25555934
20180103,40.3303,40.8024,40.197,40.2601,29517899
20180104,40.3326,40.55,40.2251,40.4471,22434597
20180105,40.543,40.9941,40.4518,40.9076,23660018
20180108,40.7557,41.0502,40.6575,40.7557,20567766
20180109,40.8024,40.9217,40.536,40.751,21583997
20180110,40.4775,40.744,40.4401,40.7417,23959895
20180111,40.8118,41.0218,40.7884,40.9731,18667729
20180112,41.1835,41.4593,41.0596,41.3962,25418080
20180116,41.5855,41.9338,41.1741,41.1858,29565947
20180117,41.1765,41.9011,40.924,41.866,34386836
20180118,41.9292,42.0998,41.6673,41.9034,31193352
20180119,41.7515,41.9782,41.471,41.7164,32425067
20180122,41.4453,41.5575,41.282,41.3752,27108551
20180123,41.4453,41.9455,41.3331,41.3845,32689146
20180124,41.4336,41.4453,40.4869,40.7253,51105090
20180125,40.7919,40.8959,39.8627,39.9983,41529004
20180126,40.2064,40.2064,39.7529,40.0918,39143011
20180129,39.7762,39.7762,39.0539,39.262,50640406
20180130,38.6928,39.1241,38.4999,39.0306,46048185
20180131,39.0072,39.3746,38.9207,39.1381,32478930
20180201,39.0761,39.4163,38.9815,39.2199,47230787
20180202,38.8038,38.9908,37.4246,37.5181,86593825
20180205,37.1909,38.3082,36.4662,36.5808,72738522
20180206,36.1927,38.2708,35.9987,38.1096,68243838
20180207,38.1224,38.196,37.1835,37.2937,51608580
20180208,37.4691,37.635,36.2395,36.2675,54390516
20180209,36.8661,37.0585,35.263,36.7112,70672608
20180212,37.2017,38.4668,36.9693,38.1898,60819539
20180213,38.0115,38.6686,37.941,38.5724,32549163
20180214,38.2685,39.3235,38.2297,39.2836,40644933
20180215,39.8516,40.6261,39.6662,40.6027,51147171
20180216,40.4548,41.0322,40.3163,40.4712,40176091
20180220,40.382,40.9008,40.2342,40.3351,33930540
20180221,40.5651,40.8679,40.1379,40.152,37471623
20180222,40.3234,40.828,40.3022,40.4877,30991940
20180223,40.7623,41.227,40.7318,41.1918,33812360
20180226,41.3913,42.1048,41.3584,42.0062,38162174
20180227,42.0368,42.3607,41.8161,41.8701,38928125
20180228,42.0743,42.3923,41.7903,41.8067,37782138
20180301,41.9053,42.1952,40.5252,41.0744,48801970
20180302,40.5581,41.3796,40.4759,41.3584,38453950
20180305,41.1237,41.7175,40.9618,41.5016,28401366
20180306,41.7574,41.8372,41.3397,41.4664,23788506
20180307,41.0604,41.2739,40.9031,41.0815,31703462
20180308,41.1871,41.572,41.0909,41.5298,23774107
20180309,41.7692,42.248,41.6354,42.2433,32185162
20180312,42.3161,42.809,42.2973,42.6517,32207081
20180313,42.8559,43.0695,42.0696,42.241,31693529
20180314,42.3231,42.37,41.734,41.8818,29368356
20180315,41.8959,42.3043,41.795,41.9311,22743798
20180316,41.9311,42.0414,41.6894,41.7833,39404688
20180319,41.619,41.6542,40.7599,41.1449,33446771
20180320,41.1308,41.4969,41.0604,41.1308,19649350
20180321,41.0838,41.0956,40.1966,40.199,37054935
20180322,39.9009,40.5299,39.5723,39.631,41490767
20180323,39.523,39.8821,38.7132,38.7132,41028784
20180326,39.4479,40.6285,39.0653,40.551,37541236
20180327,40.7646,41.1096,39.178,39.5113,40922579
20180328,39.2554,39.9056,38.7719,39.0747,41668545
20180329,39.3857,40.3116,39.1733,39.3798,38398505
20180402,39.4033,39.6521,38.6029,39.1216,37586791
20180403,39.347,39.6064,38.6992,39.523,30278046
20180404,38.6992,40.3727,38.6733,40.2788,34605489
20180405,40.5064,40.8938,40.3891,40.5581,26933197
20180406,40.1286,40.483,39.4784,39.5207,35005290
20180409,39.8727,40.6261,39.8645,39.9126,29017718
20180410,40.605,40.8397,40.26,40.6637,28614241
20180411,40.4243,40.8217,40.2999,40.4736,22431640
20180412,40.7012,41.0744,40.6144,40.8726,22889285
20180413,41.0228,41.2716,40.8045,41.0111,25124255
20180416,41.0815,41.3537,41.0346,41.2669,21578420
20180417,41.4242,41.9984,41.4054,41.8349,26605442
20180418,41.734,41.971,41.5157,41.741,20754538
20180419,41.0627,41.166,40.5252,40.5581,34808800
20180420,40.0405,40.1869,38.8283,38.8963,65491140
20180423,39.158,39.178,38.5137,38.7837,36515477
20180424,38.8846,39.0395,37.8401,38.2438,33692017
20180425,38.1687,38.8259,38.1194,38.4105,28382084
20180426,38.5208,38.8987,38.3447,38.5443,27963014
20180427,38.4926,38.5701,37.7016,38.0983,35655839
20180430,38.0538,39.2578,37.9856,38.7884,42427424
20180501,39.0583,39.7131,38.7907,39.6896,53569376
20180502,41.1272,41.7199,40.7928,41.4429,66539371
20180503,41.281,41.6612,40.9433,41.518,34068180
20180504,41.8372,43.2455,41.8185,43.1469,56201317
20180507,43.4638,44.0482,43.3629,43.4591,42451423
20180508,43.4192,43.7079,43.1082,43.668,28402777
20180509,43.7854,43.9849,43.4732,43.9755,23211241
20180510,44.0647,44.6819,44.0435,44.6045,27989289
20180511,44.6469,44.7812,44.1662,44.4348,26212221
20180514,44.5338,44.6563,44.2628,44.3312,20778772
20180515,44.0084,44.0767,43.6125,43.9283,23695159
20180516,43.8411,44.4042,43.8246,44.3382,19183064
20180517,44.2958,44.5102,43.9094,44.0579,17294029
20180518,44.105,44.2511,43.8552,43.8976,18297728
20180521,44.2958,44.5951,44.0391,44.2086,18400787
20180522,44.3842,44.5032,44.0084,44.0979,15240704
20180523,43.9071,44.4136,43.768,44.3806,20058415
20180524,44.4772,44.4937,43.8741,44.3312,23233975
20180525,44.35,44.6846,44.2134,44.4325,17460963
20180529,44.2016,44.4725,44.0296,44.2723,22514075
20180530,44.2298,44.2958,44.0084,44.178,18690547
20180531,44.112,44.35,43.8576,44.0296,27482793
20180601,44.2937,44.8283,44.2369,44.8236,23442510
20180604,45.1523,45.5729,45.0851,45.1982,26266174
20180605,45.4892,45.6954,45.3231,45.5469,21565963
20180606,45.6223,45.7284,45.2194,45.7048,20933619
20180607,45.7425,45.7566,45.3172,45.5823,21347180
20180608,45.0427,45.2383,44.7129,45.1676,26656799
20180611,45.0851,45.2312,44.8165,45.0569,18308460
20180612,45.0934,45.3822,45.038,45.3043,16911141
20180613,45.3372,45.4456,44.8707,44.932,21638393
20180614,45.1323,45.137,44.8189,44.9555,21610074
20180615,44.7741,44.8048,44.3571,44.4937,61719160
20180618,44.2675,44.5833,44.1073,44.4702,18484865
20180619,43.622,43.9023,43.2238,43.7515,33578455
20180620,43.9071,44.1073,43.761,43.9424,20628701
20180621,44.1191,44.3783,43.5748,43.6974,25711898
20180622,43.8529,43.8599,43.5183,43.5701,27200447
20180625,43.212,43.5701,42.5829,42.9222,31663096
20180626,43.1154,43.9495,43.0094,43.4547,24569201
20180627,43.6426,44.1262,43.3604,43.3911,25285328
20180628,43.3769,43.8741,43.3062,43.7068,17365235
20180629,43.8929,44.105,43.0965,43.6149,22737666
20180702,43.3109,44.1309,43.2167,44.1026,17731343
20180703,44.2463,44.284,43.245,43.3345,13954806
20180705,43.6502,43.9212,43.4193,43.6832,16604248
20180706,43.6879,44.3981,43.6361,44.2888,17485245
20180709,44.6492,44.9273,44.6021,44.9037,19756634
20180710,44.9343,45.0686,44.8095,44.8495,15939149
20180711,44.4136,44.7152,44.2039,44.2675,18831470
20180712,44.6563,45.0993,44.6045,45.0097,18041131
20180713,45.0215,45.2006,44.9791,45.0804,12519792
20180716,45.1252,45.3914,44.8648,44.9815,15043110
20180717,44.7082,45.2077,44.5786,45.1087,15534523
20180718,45.1865,45.1912,44.7506,44.8613,16393381
20180719,44.694,45.3679,44.694,45.21,20286752
20180720,45.1865,45.3396,44.8071,45.1063,20706042
20180723,44.9273,45.2289,44.6634,45.1464,15989365
20180724,45.3443,45.6294,45.2501,45.4739,18697898
20180725,45.4881,45.9098,45.3396,45.9027,16826483
20180726,45.8532,46.1713,45.6176,45.759,19075964
20180727,45.9428,45.9899,44.7906,44.998,24023972
20180730,45.2147,45.2854,44.5479,44.7458,21029535
20180731,44.8377,45.2713,44.6115,44.8354,39373038
20180801,46.9182,47.5379,46.4894,47.4766,67935716
20180802,47.2599,49.0977,47.2057,48.8644,62404012
20180803,48.7796,49.1825,48.4145,49.0058,33447396
20180806,49.0081,49.3027,48.789,49.2603,25425387
20180807,49.3192,49.3616,48.716,48.7984,25587387
20180808,48.5487,48.9634,48.1882,48.8314,22525487
20180809,48.8385,49.4275,48.8197,49.2155,23492626
20180810,49.0287,49.4401,48.8656,49.0689,24611202
20180813,49.1091,49.878,49.1091,49.3857,25890880
20180814,49.6896,49.7853,49.2415,49.5938,20748010
20180815,49.4685,49.8279,49.2581,49.7097,28807564
20180816,50.0667,50.5543,50.0005,50.4379,28500367
20180817,50.4663,51.5326,50.4001,51.4451,35426997
20180820,51.5681,51.8235,50.8611,50.9439,30287695
20180821,51.2607,51.3529,50.6046,50.8446,26159755
20180822,50.6223,51.1567,50.5609,50.8469,19018131
20180823,50.7524,51.3198,50.7405,50.951,18883224
20180824,51.2134,51.2844,50.8611,51.1094,18476356
20180827,51.3435,51.7194,51.1496,51.5303,20525117
20180828,51.7833,52.145,51.762,51.9464,22776766
20180829,52.0528,52.8425,51.8778,52.7219,27254804
20180830,52.7858,53.9704,52.5848,53.2066,48793824
20180831,53.5566,54.1146,53.436,53.8214,43340134
20180904,54.0058,54.1879,53.585,53.994,27390132
20180905,54.143,54.3037,53.2232,53.6417,33332960
20180906,53.4904,53.7552,52.3247,52.7503,34289976
20180907,52.4548,53.287,52.1852,52.3247,37619810
20180910,52.242,52.4548,51.1827,51.6225,39516453
20180911,51.5468,53.0338,51.204,52.9276,35749049
20180912,53.1854,53.1995,51.9795,52.2703,49278740
20180913,52.8496,53.9916,52.625,53.5329,41706377
20180914,53.3769,53.6346,52.6136,52.9253,31999289
20180917,52.5257,52.7148,51.3718,51.5161,37195133
20180918,51.4948,52.4548,51.3364,51.6012,31571712
20180919,51.6627,51.9275,50.9061,51.6319,27123833
20180920,52.0741,52.5564,51.8164,52.0244,26608794
20180921,52.2018,52.3389,51.3766,51.4641,96246748
20180924,51.2655,52.3153,51.2205,52.2041,27693358
20180925,51.9582,52.6841,51.9464,52.5351,24554379
20180926,52.2538,52.904,51.9606,52.1166,23984706
20180927,52.9205,53.54,52.8543,53.1877,30181227
20180928,53.1499,53.3982,52.9678,53.3745,22929364
20181001,53.8971,54.2446,53.5187,53.7339,23600802
20181002,53.7315,54.3818,53.585,54.2115,24788170
20181003,54.3936,55.2022,54.3297,54.8712,28654799
20181004,54.5662,54.9374,53.6086,53.9065,32042000
20181005,53.8994,54.0058,52.1545,53.0317,33580463
20181008,52.5399,53.1523,52.0646,52.9087,29663923
20181009,52.878,53.7363,52.5484,53.6417,26891029
20181010,53.3083,53.5187,51.0834,51.1567,41990554
20181011,50.7216,51.8991,50.2015,50.7051,53124392
20181012,52.1166,52.6983,51.2702,52.5162,40337851
20181015,52.2916,52.45,51.3718,51.3931,30791007
20181016,51.7643,52.7243,51.2519,52.5257,29183963
20181017,52.5612,52.6415,51.8613,52.2987,22885397
20181018,51.5114,51.9559,50.3622,51.0763,32581315
20181019,51.5586,52.3153,51.4097,51.8542,33078726
20181022,51.9677,52.8118,51.7667,52.171,28792082
20181023,51.0314,52.7858,50.7642,52.6628,38767846
20181024,52.6321,53.0175,50.7264,50.8564,40925163
20181025,51.4759,52.3436,51.2489,51.97,29855768
20181026,51.0479,52.0623,50.2842,51.1425,47258375
20181029,51.8258,51.944,48.7284,50.1825,45935520
20181030,49.9248,50.8777,49.4803,50.4332,36659990
20181031,51.2796,52.1237,51.2182,51.7478,38358933
20181101,51.7927,52.5753,51.2631,52.5422,58323180
20181102,49.5465,50.5159,48.5724,49.0571,91328654
20181105,48.3052,48.3265,46.8558,47.6644,66163669
20181106,47.7425,48.4045,47.6881,48.1799,31882881
20181107,48.7001,49.6671,48.265,49.6411,33424434
20181108,49.8214,49.8546,49.055,49.4679,25362636
20181109,48.7703,48.8795,47.9873,48.5141,34365750
20181112,47.2162,47.4179,45.9801,46.0702,51135518
20181113,45.4676,46.7844,45.4249,45.6099,46882936
20181114,46.0062,46.1438,44.1151,44.3216,60800957
20181115,44.6988,45.5482,44.3453,45.4154,46478801
20181116,45.1994,46.2599,44.9527,45.9184,36928253
20181119,45.0808,45.2469,43.8921,44.0985,41920872
20181120,42.3214,43.0569,41.6428,41.9916,67825247
20181121,42.6441,42.7722,41.8896,41.9441,31124210
20181123,41.5076,41.9002,40.8337,40.8788,23623972
20181126,41.3415,41.5099,40.3972,41.4316,44998520
20181127,40.6937,41.4672,40.5443,41.3415,41387377
20181128,41.9323,43.0142,41.5052,42.9312,46062539
20181129,43.3393,43.3725,42.1624,42.6014,41769992
20181130,42.7769,42.7864,42.0035,42.3712,39531549
20181203,43.7663,43.8802,42.9952,43.8518,40798002
20181204,42.9335,43.2752,41.8231,41.9228,41344282
20181206,40.7531,41.4696,40.4351,41.4554,43098410
20181207,41.1635,41.4008,39.9321,39.9772,42281631
20181210,39.1491,40.3568,38.7529,40.2406,62025994
20181211,40.7293,40.7602,39.6237,40.0104,47281665
20181212,40.4304,40.791,40.1029,40.1219,35627674
20181213,40.4517,40.9452,40.2287,40.5609,31897827
20181214,40.0982,40.1172,39.2156,39.263,40703710
20181217,39.2559,39.944,38.6105,38.8976,44287922
20181218,39.2393,39.7494,39.0044,39.403,33841518
20181219,39.3864,39.7304,37.7469,38.174,49047297
20181220,38.0577,38.4634,36.8476,37.2106,64772960
20181221,37.2178,37.5262,35.5023,35.7633,95744384
20181224,35.1512,35.9579,34.781,34.838,37169232
20181226,35.1868,37.3056,34.8119,37.2913,58582544
20181227,36.9758,37.1964,35.6067,37.0493,53117065
20181228,37.3696,37.6116,36.6697,37.0683,42291424
20181231,37.614,37.8109,37.1276,37.4266,35003466
20190102,36.7504,37.6899,36.5938,37.4693,37039737
20190103,34.1618,34.5746,33.692,33.7371,91312195
20190104,34.2923,35.2461,34.1191,35.1773,58607070
20190107,35.2817,35.3125,34.6173,35.099,54777764
20190108,35.4857,36.0219,35.239,35.7681,41025314
20190109,35.8962,36.6649,35.5023,36.3755,45099081
20190110,36.1833,36.5321,35.7942,36.4917,35780670
20190111,36.2734,36.468,35.9484,36.1335,27023241
20190114,35.7918,35.8914,35.405,35.5901,32439186
20190115,35.6542,36.3944,35.602,36.3185,28710324
20190116,36.3209,36.9852,36.3019,36.7622,30569706
20190117,36.5866,37.4076,36.3636,36.9805,29821160
20190118,37.3696,37.4598,37.0091,37.2083,33751023
20190122,37.111,37.1869,36.2118,36.3731,30393970
20190123,36.5748,36.8097,35.9935,36.5202,23130570
20190124,36.5653,36.6531,36.003,36.2307,25441549
20190125,36.8903,37.5191,36.6151,37.4313,33547893
20190128,36.9639,37.092,36.4585,37.0849,26192058
20190129,37.073,37.5191,36.5653,36.7005,41587239
20190130,38.7339,39.422,38.0174,39.2084,61109780
20190131,39.4125,40.0982,39.0447,39.4908,40739649
20190201,39.6142,40.0934,39.3698,39.5098,32668138
20190204,39.7209,40.7281,39.6901,40.632,31495582
20190205,41.014,41.5408,40.8931,41.3272,36101628
20190206,41.4388,41.657,41.0124,41.3415,28239591
20190207,40.9049,41.2703,40.4161,40.5585,31741690
20190208,40.2678,40.6657,40.132,40.6062,23819966
20190211,40.7587,40.7968,40.3298,40.3727,20993425
20190212,40.5323,40.7468,40.437,40.7205,22283523
20190213,40.8397,41.0994,40.4894,40.5514,22490233
20190214,40.4394,40.8091,40.3607,40.6991,21835747
20190215,40.8063,40.9136,40.4489,40.6086,24626814
20190219,40.4394,40.8516,40.3869,40.7301,18972826
20190220,40.792,41.2996,40.7444,40.9922,26114362
20190221,40.9374,41.0732,40.58,40.7611,17249670
20190222,40.885,41.2233,40.8373,41.2162,18913154
20190225,41.4997,41.9072,41.4497,41.5164,21873358
20190226,41.3925,41.7714,41.2646,41.5402,17070211
20190227,41.2734,41.6999,41.159,41.6689,27835389
20190228,41.5379,41.6785,41.2043,41.2591,28215416
20190301,41.5283,41.7356,41.1971,41.6928,25886167
20190304,41.8643,42.3552,41.4545,41.9024,27436203
20190305,41.9239,41.9382,41.5903,41.8262,19737419
20190306,41.6213,41.8167,41.4473,41.5855,20810384
20190307,41.4306,41.5665,40.9898,41.1042,24796374
20190308,40.5847,41.24,40.3893,41.2019,23999358
20190311,41.8167,42.6816,41.7833,42.6292,32011034
20190312,42.8913,43.5275,42.7412,43.1082,32467584
20190313,43.4275,43.6777,43.1105,43.2988,31032524
20190314,43.8206,43.8683,43.5013,43.7801,23579508
20190315,44.047,44.638,43.7825,44.3496,39042912
20190318,44.2734,44.8905,44.271,44.8024,26219832
20190319,44.881,45.0335,44.302,44.4473,31646369
20190320,44.3758,45.1527,44.0184,44.8357,31035231
20190321,45.2789,46.7825,45.2289,46.487,51034237
20190322,46.5466,47.1066,45.46,45.5244,42407666
20190325,45.634,45.746,44.464,44.9739,43845293
20190326,45.6707,45.9604,43.9827,44.5093,49800538
20190327,44.9763,45.217,44.4521,44.9096,29848427
20190328,45.024,45.1691,44.6856,44.9692,20780363
20190329,45.2337,45.2932,44.9263,45.2623,23563961
20190401,45.665,45.6745,44.8882,45.5696,27861964
20190402,45.5339,46.3369,45.5244,46.2321,22765732
20190403,46.0486,46.823,46.0248,46.549,23271830
20190404,46.4156,46.7921,46.0224,46.63,19114275
20190405,46.8111,46.966,46.6872,46.9422,18526644
20190408,46.804,47.7118,46.7849,47.6809,25881697
20190409,47.7333,48.3361,47.4735,47.5379,35768237
20190410,47.3425,47.8334,47.2233,47.8048,21695288
20190411,47.8596,47.8953,47.286,47.4068,20900808
20190412,47.4664,47.6904,46.7539,47.3878,27760668
20190415,47.3187,47.6213,47.1828,47.4735,17536646
20190416,47.5284,47.9835,47.3139,47.4783,25696385
20190417,47.5474,48.4624,47.3258,48.4029,28906780
20190418,48.4005,48.6459,48.2575,48.5768,24195766
20190422,48.3314,48.8342,48.2146,48.7365,19439545
20190423,48.7126,49.5037,48.5863,49.4394,23322991
20190424,49.4108,49.6777,49.3369,49.3631,17540609
20190425,49.2845,49.5061,48.877,48.9152,18543206
20190426,48.8246,48.8485,48.1622,48.6817,18649102
20190429,48.7055,49.0796,48.5768,48.7555,22204716
20190430,48.3862,48.4672,47.445,47.8167,46534923
20190501,50.0113,51.3052,49.8564,50.1638,64827328
20190502,50.0018,50.6713,49.5943,49.8373,31996324
20190503,50.252,50.4783,50.0947,50.4569,20892378
20190506,48.6793,49.7635,48.491,49.6777,32443113
20190507,49.0581,49.4245,47.8536,48.3385,38763698
20190508,48.1098,48.9295,48.074,48.3481,26339504
20190509,47.7523,48.0573,46.8612,47.8286,34908607
20190510,47.2232,47.5655,46.1111,47.166,41208712
20190513,44.9007,45.3241,43.7382,44.4247,57430623
20190514,44.5898,45.3768,44.3506,45.128,36529677
20190515,44.5563,45.8671,44.4965,45.6686,26544718
20190516,45.427,46.0391,45.171,45.4677,33031364
20190517,44.7142,45.6638,44.6735,45.2093,32879090
20190520,43.8985,44.0968,43.1244,43.7956,38612290
20190521,44.3051,44.9701,44.1807,44.6352,28364848
20190522,44.1712,44.4223,43.6665,43.7215,29748556
20190523,43.0086,43.1857,42.5326,42.9752,36529736
20190524,43.1043,43.5684,42.7264,42.8101,23714686
20190528,42.7982,43.1976,42.5566,42.6331,27948160
20190529,42.2001,42.901,42.0997,42.4298,28481165
20190530,42.5661,42.8723,42.2599,42.6498,21218412
20190531,42.1547,42.5757,41.8581,41.8772,27043584
20190603,42.004,42.5589,40.729,41.4538,40396069
20190604,41.9657,43.0158,41.7457,42.9704,30967961
20190605,44.0803,44.2501,43.3292,43.6641,29773427
20190606,43.7932,44.3649,43.5705,44.3051,22526311
20190607,44.6137,45.9078,44.4367,45.4844,30684393
20190610,45.8815,46.733,45.836,46.0657,26220851
20190611,46.611,46.8837,46.3096,46.5991,26932882
20190612,46.3934,46.8766,46.2582,46.4508,18253189
20190613,46.5728,47.0727,46.3096,46.4412,21674625
20190614,45.8181,46.3064,45.5203,46.1039,18761474
20190617,46.1422,46.635,45.9676,46.379,14669144
20190618,46.8957,47.9099,46.6948,47.4698,26551004
20190619,47.764,47.8118,47.1971,47.331,21124235
20190620,47.929,47.9865,47.3693,47.7114,21513988
20190621,47.5535,48.0439,47.398,47.5487,47800589
20190624,47.4913,47.8788,47.4028,47.5009,18220421
20190625,47.465,47.6635,46.7139,46.7809,21070334
20190626,47.3071,48.0774,47.2067,47.7927,26067512
20190627,47.9099,48.2161,47.7377,47.7784,20899717
20190628,47.5248,47.7197,47.1349,47.343,31110642
20190701,48.5988,48.9146,47.996,48.2113,27316739
20190702,48.1778,48.5898,48.1659,48.4936,16935217
20190703,48.6251,48.9026,48.484,48.8954,11362045
20190705,48.6419,49.0557,48.5342,48.8524,17265518
20190708,48.0343,48.1754,47.4602,47.8453,25338628
20190709,47.6492,48.2017,47.5559,48.1372,20578015
20190710,48.2831,48.7328,48.2137,48.6132,17897138
20190711,48.6323,48.8906,48.2496,48.2591,20191842
20190712,48.4266,48.7974,48.3668,48.6299,17595212
20190715,48.8189,49.2447,48.7974,49.0868,16947420
20190716,48.9385,49.3021,48.6778,48.917,16866816
20190717,48.8093,49.0584,48.6227,48.6419,14107450
20190718,48.7974,49.2471,48.7256,49.1944,18582161
20190719,49.2255,49.3954,48.4051,48.4601,20929307
20190722,48.7136,49.57,48.7041,49.5676,22277932
20190723,49.8642,49.9718,49.5843,49.9551,18355210
20190724,49.6752,50.0292,49.5556,49.9144,14991567
20190725,49.9671,50.0508,49.4504,49.5197,13909562
20190726,49.6298,50.168,49.5485,49.692,17618874
20190729,49.8642,50.3857,49.8594,50.156,21673389
20190730,49.936,50.2708,49.5891,49.9407,33935718
20190731,51.7683,52.9523,50.5435,50.9597,69281361
20190801,51.1655,52.1534,49.4536,49.857,54017922
20190802,49.1633,49.3786,48.2304,48.8021,40862122
20190805,47.3597,47.5174,46.0657,46.2475,52392969
20190806,46.9579,47.3782,46.4149,47.1229,35824787
20190807,46.7426,47.7353,46.3623,47.6109,33364400
20190808,47.8884,48.6849,47.6946,48.661,27009523
20190809,48.3345,48.685,47.8518,48.26,24619746
20190812,47.9311,48.5149,47.8182,48.1376,22481889
20190813,48.2672,50.9373,48.2216,50.1761,47539786
20190814,48.7811,49.5686,48.6435,48.6826,36547443
20190815,48.8531,49.2565,47.9431,48.4401,27883363
20190816,49.05,49.7415,48.9443,49.583,28813624
20190819,50.5723,51.0791,50.4294,50.5075,24431915
20190820,50.6347,51.2278,50.5003,50.5099,26919529
20190821,51.1414,51.2998,50.8084,51.0573,21564747
20190822,51.1894,51.4883,50.6035,51.0141,22267819
20190823,50.2866,50.9159,48.2624,48.6562,46882843
20190826,49.4294,49.7487,49.2366,49.5806,26066130
20190827,49.9096,50.0753,48.8699,49.0212,25897344
20190828,49.0068,49.3957,48.8195,49.3501,15957632
20190829,50.0633,50.2601,49.6203,50.1857,21007652
20190830,50.4618,50.5315,49.7511,50.1209,21162561
20190903,49.5662,49.6983,49.0356,49.3909,20059574
20190904,50.0368,50.2986,49.7799,50.2289,19216820
20190905,50.9036,51.3767,50.786,51.211,23946984
20190906,51.3959,51.4847,51.0261,51.2062,19362294
20190909,51.5856,51.9697,50.6803,51.4247,27309401
20190910,51.3503,52.0514,50.834,52.0322,31777931
20190911,52.3611,53.7154,52.2795,53.6865,44289646
20190912,53.9771,54.3661,53.5113,53.5653,32226669
20190913,52.8245,53.0142,52.109,52.5244,39763296
20190916,52.2795,52.8558,52.2387,52.8005,21158141
20190917,52.8149,53.0214,52.6132,52.9926,18386468
20190918,53.0791,53.5089,52.6901,53.4896,25643093
20190919,53.3072,53.7274,52.9134,53.055,22187876
20190920,53.1559,53.4392,52.2178,52.2795,57977094
20190923,52.5724,52.7861,52.2603,52.5172,19419648
20190924,53.0719,53.4224,52.1498,52.2675,31434367
20190925,52.4764,53.1847,52.1379,53.0719,22481006
20190926,52.8245,53.0502,52.5436,52.7981,19088312
20190927,52.9542,53.055,52.1718,52.5412,25361285
20190930,53.0406,53.9243,53.0142,53.7778,26318583
20191001,54.0419,54.7983,53.833,53.9267,36187163
20191002,53.5593,53.6841,52.3275,52.5748,35767257
20191003,52.4476,53.055,51.6557,53.0214,30352686
20191004,54.1788,54.623,53.7586,54.5077,34755553
20191007,54.33,55.2088,54.2268,54.5197,30889269
20191008,54.222,54.7598,53.8642,53.881,29282700
20191009,54.5125,54.695,54.1788,54.5125,19029424
20191010,54.7286,55.3313,54.5774,55.2473,28962984
20191011,55.934,57.0601,55.7797,56.7167,41990210
20191014,56.4022,57.1788,56.347,56.6351,24413484
20191015,56.76,57.0625,56.3974,56.503,23040483
20191016,56.0348,56.4838,55.994,56.2749,19286694
20191017,56.4478,56.7023,56.0708,56.4934,17272897
20191018,56.3278,57.0457,56.2557,56.7648,24377166
20191021,57.0313,57.8645,56.9833,57.7492,22367483
20191022,57.9053,58.155,57.536,57.6172,22684001
20191023,58.131,58.4047,57.9197,58.3903,19932545
20191024,58.7097,58.7793,58.0602,58.4864,17916255
20191025,58.3855,59.2427,58.3183,59.2067,18369296
20191028,59.4084,59.8478,59.2403,59.7998,24143241
20191029,59.7806,59.9679,58.2439,58.4167,35709867
20191030,58.7697,58.8994,57.9173,58.4095,31130522
20191031,59.3652,59.8286,56.9689,59.7301,34790520
20191101,59.9174,61.4517,59.8262,61.4253,37781334
20191104,61.7879,61.9116,61.3197,61.8287,25817952
20191105,61.7207,61.9944,61.5454,61.7399,19974427
20191106,61.6534,61.8263,61.3161,61.7663,18966124
20191107,62.313,62.7007,62.1612,62.4791,23735083
20191108,62.3009,62.7224,61.8578,62.6501,17520495
20191111,62.207,63.2113,62.2022,63.1462,20507459
20191112,62.9897,63.2883,62.838,63.0884,21847226
20191113,62.8886,63.7676,62.8741,63.6929,25817593
20191114,63.5195,63.7917,63.1222,63.2522,22395556
20191115,63.5027,64.0084,63.3413,64.0036,25093666
20191118,64.0132,64.4058,63.6351,64.3263,21700897
20191119,64.519,64.5431,63.9151,64.1312,19069597
20191120,63.9506,64.0814,62.7127,63.3847,26609919
20191121,63.5051,63.5809,62.9006,63.1005,30348778
20191122,63.2402,63.3823,62.8187,63.0451,16331263
20191125,63.2691,64.1674,63.2233,64.1505,21029517
20191126,64.2878,64.3408,63.2185,63.6496,26334882
20191127,63.9603,64.5383,63.8952,64.5045,16386122
20191129,64.2059,64.5431,64.0373,64.3624,11654363
20191202,64.3673,64.6033,63.4473,63.6183,23693550
20191203,62.2094,62.5032,61.7229,62.484,29377268
20191204,62.8741,63.4136,62.7802,63.0355,16810388
20191205,63.5292,64.0349,63.2739,63.9603,18661343
20191206,64.4178,65.2656,64.3745,65.1957,26547493
20191209,65.0247,65.2174,63.7989,64.283,32182645
20191210,64.6876,65.0416,64.0277,64.6587,22632383
20191211,64.7381,65.2897,64.6635,65.2102,19723391
20191212,64.4901,65.6412,64.3795,65.3764,34437042
20191213,65.3764,66.3011,65.2487,66.265,33432806
20191216,66.7106,67.6233,66.7057,67.3993,32081105
20191217,67.3295,67.8593,67.1441,67.5318,28575798
20191218,67.3849,67.8906,67.2211,67.3704,29024687
20191219,67.3126,67.7172,67.1802,67.4379,24626947
20191220,67.9701,68.0713,67.0863,67.2982,69032743
20191223,67.5607,68.4566,67.523,68.3964,24677883
20191224,68.5626,68.6107,68.1362,68.4614,12119714
20191226,68.5939,69.8366,68.565,69.8197,23334004
20191227,70.1111,70.7975,69.3886,69.7932,36592936
20191230,69.7113,70.4892,68.6902,70.2074,36059614
20191231,69.8245,70.7276,69.7258,70.7204,25247625
20200102,71.3442,72.3942,71.0913,72.334,33911864
20200103,71.5633,72.3894,71.4068,71.6308,36633878
20200106,70.7541,72.2401,70.5037,72.2015,29644644
20200107,72.2112,72.4665,71.6428,71.862,27877655
20200108,71.5657,73.319,71.5648,73.018,33090946
20200109,73.9921,74.7616,73.7429,74.5689,42621542
20200110,74.8025,75.3011,74.2366,74.7375,35217272
20200113,75.053,76.3607,74.935,76.3342,30521722
20200114,76.2716,76.4811,75.1806,75.3035,40653457
20200115,75.1036,75.9826,74.5497,74.9807,30480882
20200116,75.5226,76.0308,75.1614,75.92,27207254
20200117,76.168,76.7629,75.8622,76.7605,34454117
20200121,76.3896,76.8303,76.103,76.2403,27710814
20200122,76.7244,77.0639,76.4185,76.5124,25458115
20200123,76.5654,76.9604,76.0187,76.8809,26117993
20200124,77.1266,77.8683,76.4688,76.6593,36634380
20200127,74.6725,75.0843,73.425,74.4052,40485005
20200128,75.2842,76.681,75.1855,76.51,40558486
20200129,78.1381,78.9569,77.3987,78.1116,54149928
20200130,77.1972,78.0514,76.7653,77.9984,31685808
20200131,77.2903,77.7118,74.2462,74.54,49897096
20200203,73.2853,75.4985,72.7844,74.3353,43496401
20200204,75.9368,76.9797,75.5333,76.7894,34154134
20200205,77.9141,78.2127,76.8135,77.4156,29706718
20200206,77.6853,78.3235,77.1301,78.3211,26356385
20200207,77.8214,78.0701,76.7665,77.2565,29421012
20200210,75.8443,77.6235,75.7646,77.6235,27337215
20200211,78.1183,78.1908,76.9379,77.1551,23580780
20200212,77.6041,78.9922,77.6041,78.9874,28432573
20200213,78.2608,78.7508,78.058,78.4249,23686892
20200214,78.3935,78.6929,77.9373,78.4442,20028447
20200218,76.1292,77.1889,75.9481,77.0079,38190545
20200219,77.2493,78.3525,77.2493,78.1232,23495991
20200220,77.8842,78.3718,76.8172,77.3217,25141489
20200221,76.9161,77.3579,74.9559,75.5715,32426415
20200224,71.7598,73.4303,69.8213,71.9818,55548828
20200225,72.6505,73.032,69.0729,69.5437,57668364
20200226,69.1695,71.9094,69.1622,70.6469,49678431
20200227,67.8587,69.0415,65.8936,66.0288,80151381
20200228,62.1036,67.2093,61.8887,65.9902,106721230
20200302,68.1435,72.7688,67.0427,72.1339,85349339
20200303,73.3072,73.3868,68.9933,69.843,79868852
20200304,71.5618,73.242,70.7628,73.0826,54794568
20200305,71.3397,72.3126,70.3475,70.7121,46893219
20200306,68.0759,70.2051,67.89,69.773,56544246
20200309,63.6703,67.132,63.4893,64.2545,71686208
20200310,66.9027,69.1478,65.027,68.8822,71322520
20200311,66.9631,67.8876,65.6281,66.4899,64094970
20200312,61.7849,65.1791,59.8682,59.9237,104618517
20200313,63.9455,67.5738,61.0631,67.1031,92683032
20200316,58.4077,62.5429,57.937,58.4705,80605865
20200317,59.7499,62.1881,57.5507,61.0414,81013965
20200318,57.8814,60.351,57.2417,59.5471,75058406
20200319,59.7197,61.0366,58.567,59.0909,67964255
20200320,59.6702,60.7928,55.0401,55.3395,100423346
20200323,55.0594,55.1607,51.3249,54.1638,84188208
20200324,57.0582,59.7934,56.561,59.5978,71882773
20200325,60.5321,62.3426,58.975,59.2695,75900510
20200326,59.5109,62.4464,59.4723,62.3884,63140169
20200327,61.0149,61.768,59.6389,59.8054,51054153
20200330,60.5296,61.6835,60.2062,61.5122,41994110
20200331,61.7029,63.3661,60.8338,61.3866,49250501
20200401,59.5061,60.042,57.7269,58.1566,44054638
20200402,58.019,59.1802,57.1886,59.1271,41483493
20200403,58.6129,59.313,57.6893,58.2773,32470017
20200406,60.5683,63.5158,60.2013,63.3613,50455071
20200407,65.3722,65.5895,62.5236,62.6274,50721831
20200408,63.4265,64.5442,63.062,64.2304,42223821
20200409,64.8653,65.196,63.8996,64.6939,40529123
20200413,64.7711,66.0723,64.1724,65.9636,32755731
20200414,67.5931,69.5847,67.1224,69.295,48748672
20200415,68.1725,69.1212,67.7452,68.6625,32788641
20200416,69.3747,69.572,68.1605,69.2081,39281290
20200417,68.7253,69.2697,66.8351,68.2691,53812478
20200420,67.0982,67.9987,66.8327,66.852,32503750
20200421,66.6951,66.9293,64.0759,64.7856,45247893
20200422,66.0505,67.0862,65.7102,66.6516,29264342
20200423,66.5961,68.0156,66.3547,66.3933,31203582
20200424,66.9172,68.3197,66.8689,68.3101,31627183
20200427,68.0276,68.6891,67.581,68.3584,29271893
20200428,68.8195,69.0005,67.1586,67.2503,28001187
20200429,68.735,69.9275,68.5322,69.4592,34320204
20200430,69.9975,71.1007,69.6088,70.9245,45765968
20200501,69.1019,72.1798,69.0053,69.7827,60154175
20200504,69.8068,70.8979,69.1181,70.77,33391986
20200505,71.2287,72.6626,71.0838,71.8322,36937795
20200506,72.5322,73.2033,72.1484,72.5733,35583438
20200507,73.1985,73.6693,72.8968,73.3241,28803764
20200508,73.9825,75.1226,73.6557,75.0693,33511985
20200511,74.5779,76.7443,74.3698,76.2505,36486561
20200512,76.9332,77.3829,75.2581,75.3791,40575263
20200513,75.5583,76.4781,73.3943,74.469,50155639
20200514,73.7089,74.987,72.9876,74.9265,39732269
20200515,72.702,74.5295,72.6681,74.4835,41587094
20200518,75.8052,76.6112,75.1163,76.2384,33843125
20200519,76.2554,77.1002,75.7664,75.7979,25432385
20200520,76.6548,77.3422,76.5386,77.272,27876215
20200521,77.1341,77.6738,76.4587,76.6959,25672211
20200522,76.4345,77.272,76.3328,77.1897,20450754
20200526,78.3056,78.4847,76.6112,76.6669,31380454
20200527,76.5241,77.1462,75.7858,77.0009,28236274
20200528,76.6766,78.2911,76.4006,77.0348,33449103
20200529,77.2769,77.7368,76.604,76.9598,38399532
20200601,76.9138,78.0273,76.7831,77.9062,20254653
20200602,77.6387,78.2911,77.1994,78.2669,21910704
20200603,78.5864,78.9592,78.0151,78.6978,26122804
20200604,78.521,78.8188,77.6472,78.02,21890091
20200605,78.2693,80.3026,78.2403,80.2421,34312550
20200608,79.9395,80.7504,79.2303,80.7165,23913634
20200609,80.397,83.6575,80.3655,83.2654,36928091
20200610,84.2118,85.8748,83.7737,85.4076,41662938
20200611,84.5531,84.9767,81.2055,81.3071,50415613
20200612,83.4421,84.1876,80.9013,82.0091,50036513
20200615,80.6657,83.6745,80.5035,83.0233,34702230
20200616,85.0735,85.4947,83.4421,85.2236,41357182
20200617,85.9667,86.0273,84.984,85.105,28601626
20200618,85.0614,85.5552,84.5313,85.1389,24205096
20200619,85.8421,86.308,83.5462,84.6524,66118952
20200622,85.0445,87.01,84.9985,86.8672,33861316
20200623,88.1089,90.1374,87.6902,88.7214,53038869
20200624,88.351,89.2684,86.7825,87.1552,48155849
20200625,87.3102,88.351,86.5525,88.3123,34380628
20200626,88.2082,88.4285,85.4512,85.5988,51314211
20200629,85.5068,87.6669,85.03,87.5716,32661519
20200630,87.1601,88.5882,87.1407,88.3026,35055821
20200701,88.3801,88.9223,88.0872,88.1356,27684309
20200702,89.0409,89.6751,88.0218,88.1356,28510367
20200706,89.5613,90.9604,89.5298,90.4932,29663913
20200707,90.8708,91.6478,90.1011,90.2124,28106114
20200708,91.1879,92.345,91.1008,92.3135,29272970
20200709,93.2043,93.2575,91.6648,92.6427,31410652
20200710,92.3062,92.9307,91.6964,92.8726,22564330
20200713,94.1749,96.7795,92.2312,92.4442,47912285
20200714,91.827,94.1652,90.895,93.974,42747341
20200715,95.8451,96.0944,93.4245,94.6203,38299483
20200716,93.4947,94.3105,92.8581,93.456,27644418
20200717,93.9062,94.0611,92.7952,93.2672,23046725
20200720,93.3531,95.3707,93.0106,95.2327,22579477
20200721,96.0218,96.0968,93.669,93.9183,25911459
20200722,93.6206,94.8624,93.5335,94.1822,22250413
20200723,93.9168,93.9934,89.0866,89.8953,49251108
20200724,88.0968,90.0164,86.3129,89.6726,46359716
20200727,90.7329,91.8899,90.5102,91.7979,30303548
20200728,91.3695,91.5458,90.285,90.2899,25906375
20200729,90.7716,92.2046,90.7353,92.0206,22582314
20200730,91.1952,93.2381,90.7885,93.1341,39532505
20200731,99.6152,103.0342,97.6218,102.8841,93573867
20200803,104.7625,108.0898,104.4648,105.4766,77037847
20200804,105.6654,107.2702,104.9441,106.181,43198092
20200805,105.9026,106.8854,105.4378,106.5658,30497988
20200806,106.8975,110.7776,106.3093,110.2838,50607225
20200807,109.8062,110.262,106.9811,107.7765,49511403
20200810,109.2193,110.359,106.6974,109.343,53100856
20200811,108.607,109.1053,105.8309,106.0911,46975594
20200812,107.1799,109.8741,106.9859,109.617,41486205
20200813,110.9944,112.5585,110.507,111.557,52520516
20200814,111.3812,111.5473,109.651,111.4575,41391302
20200817,112.5779,112.6021,110.5409,111.1665,29890361
20200818,110.9192,112.5172,110.5846,112.0929,26408385
20200819,112.501,113.6448,112.1389,112.2335,36384502
20200820,112.2747,114.8374,112.2586,114.7239,31726797
20200821,115.6818,121.119,115.6697,120.6359,84513660
20200824,124.8335,124.9184,120.2152,122.0788,86484442
20200825,120.9536,121.4209,119.358,121.0773,52873947
20200826,122.3907,123.1797,121.327,122.7238,40755567
20200827,123.3252,123.6574,120.1146,121.2567,38888096
20200828,122.2291,122.6462,120.8372,121.0603,46907479
20200831,123.7496,127.0669,122.217,125.1657,225702688
20200901,128.774,130.7528,126.611,130.1514,152470142
20200902,133.459,133.8373,123.187,127.4549,200118991
20200903,123.0997,124.9717,116.8821,117.2507,257599640
20200904,116.465,119.9861,107.5607,117.3283,332607163
20200908,110.5288,115.4175,109.2969,109.4327,231366563
20200909,113.7394,115.563,111.7995,113.7976,176940455
20200910,116.7463,116.8821,109.1223,110.0826,182274391
20200911,111.1302,111.7704,106.6974,108.6373,180860325
20200914,111.2757,112.4493,109.4133,111.8916,140150087
20200915,114.7773,115.2613,110.199,112.071,184642039
20200916,111.7704,112.5172,108.6761,108.7634,155026675
20200917,106.4258,108.8313,105.4461,107.0272,178010968
20200918,107.0854,107.551,102.9048,103.6323,287104882
20200921,101.4013,106.8817,100.0045,106.775,195713815
20200922,109.2969,109.4715,105.8826,108.453,183055373
20200923,108.2687,108.744,103.5644,103.9038,150718671
20200924,102.0124,106.9399,101.8475,104.9708,167743349
20200925,105.1745,109.0641,104.4373,108.9089,149981441
20200928,111.557,111.8577,109.3939,111.5085,137672403
20200929,111.1108,111.848,110.1602,110.6646,100060526
20200930,110.3736,113.7394,110.2087,112.3329,142675184
20201001,114.108,114.1856,112.3523,113.2835,116120440
20201002,109.5006,111.9062,108.8507,109.6267,144711986
20201005,110.49,113.1477,110.1408,113.0022,106243839
20201006,112.2262,112.6336,108.8798,109.7625,161498212
20201007,111.1787,112.0807,110.7034,111.6249,96848985
20201008,112.7597,112.9052,111.1497,111.5182,83477153
20201009,111.8189,113.4872,111.4697,113.4581,100506865
20201012,116.4553,121.4216,115.7031,120.665,240226769
20201013,121.5089,121.6253,116.0576,117.4641,262330451
20201014,117.3671,119.3362,116.0285,117.5514,151062308
20201015,115.1556,117.5611,114.6027,117.0858,112559219
20201016,117.6387,117.8987,115.2429,115.4466,115393808
20201019,116.3583,116.8036,112.1874,112.4978,120639337
20201020,112.7112,115.4078,112.1583,113.9819,124423728
20201021,113.1671,115.141,112.9537,113.3611,89945980
20201022,113.9237,114.496,111.1496,112.2747,101987954
20201023,112.8955,113.0507,110.8489,111.5861,82572645
20201026,110.587,113.0507,109.4909,111.5958,111850657
20201027,112.0225,113.7588,111.101,113.0992,92276772
20201028,111.5958,111.9643,107.7644,107.8614,143937823
20201029,108.9962,113.4193,108.8313,111.8577,146129173
20201030,107.7256,108.6276,104.4858,105.5916,190573476
20201102,105.8341,107.357,104.0978,105.5043,122866899
20201103,106.3676,108.1426,105.4655,107.1242,107624448
20201104,110.7131,112.1195,108.9768,111.4988,138235482
20201105,114.4087,116.0285,113.3598,115.4563,126387074
20201106,114.9656,115.8206,112.8376,115.3251,114457922
20201109,117.0837,118.5315,112.7599,113.0223,154515315
20201110,112.2741,114.2562,110.8943,112.6822,138023390
20201111,113.8676,116.2384,113.1389,116.1024,112294954
20201112,116.2287,117.1129,115.2085,115.8303,103350674
20201113,116.0538,116.2789,114.5283,115.8789,81688586
20201116,115.5485,117.5599,114.7965,116.8894,91183018
20201117,116.1607,117.2529,115.5874,116.0052,74270973
20201118,115.2473,116.423,114.6546,114.6838,76322111
20201119,114.2562,115.6846,113.4984,115.2765,74112972
20201120,115.2765,115.4028,113.9648,114.0133,73604287
20201123,113.8579,114.2856,110.5251,110.6223,127959318
20201124,110.6806,112.5656,109.398,111.9049,113874218
20201125,112.2741,113.4401,111.9049,112.7405,76499234
20201127,113.2652,114.1591,112.9251,113.2846,46691331
20201130,113.6538,117.5404,113.4984,115.6749,169410176
20201201,117.5793,119.9689,116.6076,119.2408,128166803
20201202,118.5607,119.8724,117.4627,119.5906,89004195
20201203,120.0181,120.2708,118.7453,119.4546,78967630
20201204,119.1242,119.3776,118.0748,118.7841,78260421
20201207,118.8424,121.0384,118.7841,120.2416,86711990
20201208,120.844,121.4367,119.6003,120.8537,82225512
20201209,120.9995,122.3792,117.5696,118.3275,115089193
20201210,117.0837,120.3582,116.7437,119.7461,81312170
20201211,118.959,119.2797,117.1323,118.9396,86939786
20201214,119.1242,119.8529,118.0943,118.3275,79075988
20201215,120.8149,124.274,120.6108,124.2545,157572262
20201216,123.7978,124.7306,122.9719,124.1865,98208591
20201217,125.2456,125.9063,124.4148,125.0513,94359811
20201218,125.3039,125.4399,122.5444,123.0642,192541496
20201221,121.4756,124.6723,119.9491,124.5946,121251553
20201222,127.8788,130.5945,125.9743,128.1411,169351825
20201223,128.4132,128.6755,127.0723,127.2472,88223692
20201224,127.597,129.6763,127.3832,128.2286,54930064
20201228,130.1913,133.4463,129.7249,132.8147,124486237
20201229,134.1362,134.8542,130.5322,131.0463,121047324
20201230,131.7362,132.1346,129.618,129.929,96452124
20201231,130.2787,130.92,127.9857,128.9282,99116586
20210104,129.7346,129.8236,123.1663,125.7411,143301887
20210105,125.2359,128.0051,124.7889,127.2958,97664898
20210106,124.0991,127.3346,122.799,123.0108,155087970
20210107,124.7209,127.8982,124.2351,127.2083,109578157
20210108,128.6755,128.8699,126.5379,128.3063,105158245
20210111,125.5274,126.4796,124.8569,125.3233,100620880
20210112,124.8569,126.0132,123.2634,125.1484,91951145
20210113,125.1096,127.7233,124.8472,127.1792,88636831
20210114,127.0917,127.2861,125.1096,125.2553,90221755
20210115,125.129,126.5323,123.3995,123.5355,111598531
20210119,124.1574,125.061,123.3392,124.2059,90757329
20210120,125.0124,128.7338,124.9055,128.2869,104319489
20210121,130.0067,135.7103,129.8026,132.9896,120529544
20210122,132.4164,135.8852,131.1921,135.1273,114459360
20210125,139.0139,140.9766,132.669,138.8681,157611713
20210126,139.5288,140.209,137.3621,139.1013,98390555
20210127,139.3637,140.209,136.4293,138.0325,140843759
20210128,135.5645,137.9645,132.8245,133.2034,142621128
20210129,131.9791,132.8633,126.5185,128.2188,177523812
20210201,129.9581,131.5419,127.218,130.337,106239823
20210202,131.882,132.4455,130.7937,131.1629,83305367
20210203,131.9111,131.9208,129.8221,130.1427,89880937
20210204,132.4358,133.5046,130.7743,133.4949,84183061
20210205,133.6555,133.7236,132.2055,133.0813,75693830
20210208,132.371,133.2759,131.2908,133.2273,71297214
20210209,132.9451,134.1683,132.1958,132.3515,76774213
20210210,132.8089,133.3051,130.7848,131.7482,73046563
20210211,132.2445,132.7213,130.1717,131.4952,64280029
20210212,130.7361,131.8844,130.0959,131.7287,60145130
20210216,131.8455,132.3515,129.2181,129.6074,80576316
20210217,127.7195,128.6634,125.9874,127.3206,98085249
20210218,125.7247,126.4983,123.9828,126.221,96856748
20210219,126.7367,127.1941,125.3354,126.3767,87668834
20210222,124.5667,126.2307,122.2215,122.6108,103916419
20210223,120.431,123.3017,115.2055,122.4745,158273022
20210224,121.5793,122.1826,118.9422,121.9782,111039904
20210225,121.3263,123.0569,117.2976,117.7355,148199540
20210226,119.2925,121.4917,117.9399,117.9983,164560394
20210301,120.4213,124.4888,119.4871,124.3526,116307892
20210302,124.9559,125.2576,121.6474,121.7544,102260945
20210303,121.4528,122.3286,118.5627,118.7767,112966340
20210304,118.4751,120.2753,115.4293,116.8986,178154975
20210305,117.7258,118.6551,114.4075,118.1539,153766601
20210308,117.6771,117.7452,113.0841,113.2301,154376610
20210309,115.8282,118.7767,115.5947,117.828,129525780
20210310,118.4167,118.8838,116.2369,116.7527,111943326
20210311,119.2438,119.8958,117.9983,118.6794,103026514
20210312,117.1614,117.9107,115.9547,117.7744,88105050
20210315,118.1442,120.6646,117.1808,120.6548,92590555
20210316,122.3188,123.7979,121.3603,122.1923,115227936
20210317,120.7132,122.4744,119.0453,121.4041,111932636
20210318,119.5747,119.8666,117.0835,117.2879,121469755
20210319,116.6748,118.1637,116.4559,116.7624,185549522
20210322,117.0933,120.538,117.0252,120.071,111912284
20210323,120.0126,120.8981,118.8546,119.2438,95467142
20210324,119.5163,119.5941,116.8354,116.8597,88530485
20210325,116.3245,118.3875,115.799,117.3463,98844681
20210326,117.1127,118.2123,115.7212,117.9496,94071234
20210329,118.3778,119.2827,117.4824,118.1248,80819203
20210330,116.8792,117.1644,115.6628,116.6748,85671919
20210331,118.3778,120.1975,117.8912,118.8643,118323826
20210401,120.3337,120.8397,119.1952,119.6914,75089134
20210405,120.538,122.7665,119.7596,122.5134,88651175
20210406,123.0973,123.7104,122.2702,122.8151,80171253
20210407,122.4453,124.4791,121.7739,124.4596,83466716
20210408,125.4814,126.8827,125.063,126.8535,88844591
20210409,126.3085,129.4614,125.9874,129.4176,106686703
20210412,128.9554,129.2765,127.1162,127.7098,91419983
20210413,128.8775,131.0378,128.3812,130.814,91266545
20210414,131.3103,131.3687,128.1136,128.4786,87222782
20210415,130.2204,131.3687,130.0452,130.8821,89347102
20210416,130.6875,131.0475,129.6949,130.5513,84922386
20210419,129.9187,131.826,129.7533,131.213,94264215
20210420,131.3881,131.8844,128.2645,129.5295,94812349
20210421,128.7997,130.1523,127.7683,129.909,68847136
20210422,129.4614,130.5415,127.8752,128.391,84566456
20210423,128.6051,131.4854,128.6051,130.707,78756779
20210426,131.2032,131.4271,129.9674,131.0962,66905069
20210427,131.3784,131.7676,130.5026,130.7751,66015804
20210428,130.6972,131.3881,129.5003,129.9869,107760097
20210429,132.7991,133.383,128.8873,129.8896,151100953
20210430,128.2353,129.9674,127.5395,127.9239,109839466
20210503,128.4883,130.4637,128.2839,128.9748,75135100
20210504,127.6611,127.953,123.2919,124.411,137564718
20210505,125.7247,126.9411,124.5278,124.6543,84000900
20210506,124.4499,126.2599,123.7104,126.2502,78128334
20210507,127.5466,127.9445,126.2063,126.9228,78973273
20210510,126.143,126.2697,123.6086,123.6476,88071229
20210511,120.3822,123.0822,119.6706,122.7313,126142826
20210512,120.2847,121.4934,119.1637,119.6706,112172282
20210513,121.4349,122.9653,121.123,121.8151,105861339
20210514,123.0627,124.6613,122.6728,124.2324,81917951
20210517,123.6184,123.7256,122.01,123.0822,74244624
20210518,123.3649,123.7841,121.6299,121.6981,63342929
20210519,120.0508,121.7614,119.7583,121.5421,92611989
20210520,122.0685,124.4956,121.9418,124.096,76857123
20210521,124.5931,124.7686,122.049,122.2634,79295436
20210524,122.8288,124.7101,122.7606,123.8913,63092945
20210525,124.5931,125.0805,123.131,123.6963,72009482
20210526,123.7499,124.174,123.2285,123.6476,56575920
20210527,123.2479,124.4177,121.9223,122.1172,94625601
20210528,122.3999,122.6241,121.4057,121.4641,71311109
20210601,121.9223,122.1855,120.8111,121.1425,67637118
20210602,121.1425,122.0782,120.9183,121.9028,59278862
20210603,121.5324,121.6981,120.0215,120.4212,76229170
20210604,120.9378,122.975,120.7233,122.7118,75169343
20210607,122.9848,123.131,121.6806,122.7216,71057550
20210608,123.4039,125.217,123.0239,123.5404,74403774
20210609,123.9985,124.5249,123.3259,123.9205,56877937
20210610,123.8133,124.9538,122.7606,122.9263,71186421
20210611,123.3357,124.2227,122.9165,124.135,53522373
20210614,124.5931,127.2444,123.862,127.186,96906490
20210615,126.6596,127.3029,126.1235,126.3672,62746332
20210616,127.0787,127.5856,125.2179,126.8643,91815026
20210617,126.5231,129.2037,126.3769,128.4629,96721669
20210618,127.4101,128.19,126.952,127.1665,108953309
20210621,127.0105,129.0672,125.948,128.96,79663316
20210622,128.7943,130.6951,128.2972,130.5976,74783618
20210623,130.3929,130.929,129.8665,130.3247,60214200
20210624,131.0557,131.2409,129.5741,130.042,68710998
20210625,130.0907,130.5099,129.4571,129.7496,70783746
20210628,130.042,131.8307,129.9835,131.3774,62111303
20210629,131.3969,133.0442,130.9583,132.8883,64556081
20210630,132.7323,133.941,132.4399,133.5024,63261393
20210701,133.1515,133.863,132.3327,133.8045,52485781
20210702,134.4186,136.4656,134.2675,136.4266,78945572
20210706,136.5338,139.5361,136.5338,138.4346,108181793
20210707,139.9114,141.2322,139.0585,140.9202,104911589
20210708,138.0057,140.4231,137.1138,139.6238,105575458
20210709,139.1462,141.973,139.0509,141.4466,99890800
20210712,142.5188,142.6261,140.3646,140.852,76299719
20210713,140.3939,143.7373,140.004,141.9632,100827099
20210714,144.3611,145.794,143.9517,145.3846,127050785
20210715,145.4723,146.2132,143.3766,144.7315,106820297
20210716,144.712,145.9792,142.1972,142.6943,93251426
20210719,140.1209,140.4329,138.0935,138.8538,121434571
20210720,139.8383,143.3861,139.3509,142.4604,96350036
20210721,141.856,142.4409,140.9787,141.7293,74993460
20210722,142.2508,144.4537,142.1289,143.0939,77338156
20210723,143.825,144.9632,143.2109,144.8095,71447416
20210726,144.5268,146.0475,143.9712,145.2287,72434089
20210727,145.3554,145.4431,141.8755,143.0647,104818578
20210728,141.1542,143.2597,138.9415,141.3199,118931191
20210729,141.0323,142.8503,140.93,141.9632,56699475
20210730,140.735,142.6358,140.4719,142.1777,70440626
20210802,142.6651,143.2402,141.5831,141.8463,62879961
20210803,142.1289,144.3075,141.5148,143.6398,64786618
20210804,143.5521,144.059,142.5871,143.2402,56368271
20210805,143.2694,144.1077,142.4799,143.3474,46397674
20210806,142.869,143.611,142.1662,142.664,54126813
20210809,142.7226,143.2107,142.0588,142.6152,48908689
20210810,142.9569,144.1967,141.844,142.1369,69023081
20210811,142.5762,143.2302,142.0685,142.3907,48493463
20210812,142.7128,145.5048,142.3712,145.3486,73779113
20210813,145.4267,145.8898,144.7434,145.5536,59375009
20210816,145.0021,147.5939,142.9862,147.5256,103558782
20210817,146.6568,148.0723,145.5439,146.6177,92229735
20210818,146.237,147.1351,142.6738,142.8788,86325990
20210819,141.5804,144.4798,141.063,143.2107,86960310
20210820,143.9331,144.9679,143.2888,144.6653,60549630
20210823,144.7824,146.6177,144.3724,146.1491,60131810
20210824,145.8953,147.2718,145.6024,146.0613,48606428
20210825,146.2467,146.7446,144.2846,144.8312,58991297
20210826,144.8215,145.5732,144.0014,144.0307,48597195
20210827,143.9722,145.212,143.3376,145.0655,55802388
20210830,145.456,149.8392,145.0753,149.478,90956723
20210831,149.029,149.1656,147.6915,148.2187,86453117
20210901,149.1949,151.2938,148.7166,148.8825,80313711
20210902,150.2102,151.04,148.7751,149.9954,71171317
20210903,150.1028,150.9521,149.4487,150.6299,57866066
20210907,151.284,153.5195,150.7178,152.9631,82278261
20210908,153.2462,153.3048,150.3127,151.4207,74420207
20210909,151.7916,152.3969,150.2883,150.4054,57305730
20210910,151.3133,151.7819,145.1631,145.4267,140893235
20210913,147.0472,147.8184,145.212,145.9929,102404329
20210914,146.7739,147.4768,143.4157,144.5969,109296295
20210915,145.0265,145.8855,142.8886,145.4853,83281315
20210916,144.9093,145.4267,143.7193,145.251,68034149
20210917,145.2803,145.2803,142.2931,142.5859,129868824
20210920,140.3797,141.395,137.9099,139.5401,123478863
20210921,140.5066,141.1607,139.384,140.0185,75833962
20210922,141.0142,142.9471,140.2822,142.3809,76404341
20210923,143.1619,143.5817,142.1759,143.3376,64838170
20210924,142.1955,143.9625,142.0978,143.4255,53477869
20210927,142.01,142.4883,140.3992,141.9123,74150729
20210928,139.8428,141.3071,138.3199,138.5346,108972340
20210929,139.0813,141.0142,138.6518,139.4328,74602044
20210930,140.243,140.9439,137.9196,138.1344,89056664
20211001,138.5249,139.5206,135.8013,139.257,94639581
20211004,138.3882,138.8275,134.9812,135.8305,98322008
20211005,136.1722,138.8568,136.0453,137.7537,80861062
20211006,136.1527,138.7689,135.0788,138.6225,83221119
20211007,139.6573,140.7848,139.3254,139.8818,61732656
20211008,140.6042,140.7488,139.1692,139.5011,58773155
20211011,138.8861,141.3657,138.437,139.4132,64452219
20211012,139.8232,139.8428,137.6854,138.1442,73035859
20211013,137.8757,138.0368,135.8891,137.5584,78762721
20211014,138.7299,140.4578,138.1442,140.3406,69907100
20211015,140.3504,141.4486,140.0966,141.395,67940334
20211018,140.0331,143.3474,139.7549,143.0643,85589175
20211019,143.5133,145.622,143.0643,145.2217,76378894
20211020,145.1631,146.192,144.5969,145.7098,58418788
20211021,145.2705,146.0808,144.3529,145.9246,61420990
20211022,146.1296,146.6079,145.1046,145.1534,58883443
20211025,145.1436,145.8172,144.1099,145.1046,50720556
20211026,145.7782,147.2522,145.4659,145.7684,60893395
20211027,145.8074,146.1686,144.9581,145.3096,56094929
20211028,146.2565,149.5219,146.1589,148.9411,100077888
20211029,143.7135,146.3736,142.9303,146.237,124953168
20211101,145.4414,146.1394,144.2846,145.417,74588258
20211102,145.1241,147.9649,145.1143,146.4517,69121987
20211103,146.8129,148.3554,146.2565,147.8868,54511534
20211104,147.9746,148.8044,147.057,147.3694,60394616
20211105,148.4936,148.7967,146.7045,147.8973,65463883
20211108,148.0244,148.1808,146.8023,147.076,55020868
20211109,146.8414,148.042,146.7046,147.4378,56787930
20211110,146.6654,146.773,144.544,144.6124,65187092
20211111,145.6291,146.0886,144.3787,144.5635,40999950
20211112,145.111,147.0369,144.1822,146.6361,63804008
20211115,147.0076,148.4838,146.0886,146.6459,59222803
20211116,146.5872,148.1006,146.0006,147.6235,59256210
20211117,147.6186,151.5341,147.6137,150.0578,88807000
20211118,150.2729,155.122,149.6277,154.3399,137827673
20211119,154.1248,157.4195,153.0326,156.96,117305597
20211122,158.0647,161.9948,157.3999,157.4195,117467889
20211123,157.5172,158.182,155.5034,157.8007,96041899
20211124,157.1555,158.5144,156.0703,158.3189,69463623
20211126,155.997,156.8622,152.8637,153.3036,76959752
20211129,155.8064,157.5857,155.2394,156.6569,88748217
20211130,156.4076,161.8188,156.3441,161.6038,174048056
20211201,163.735,166.492,160.851,161.0856,152423003
20211202,155.1856,160.5284,154.2715,160.0982,136739174
20211203,160.3524,161.2714,156.1485,158.2211,118023116
20211206,160.6164,164.126,160.6066,161.6233,107496982
20211207,165.2992,167.7433,164.5758,167.3523,120405352
20211208,168.2762,172.0254,166.883,171.1651,116998901
20211209,170.9989,172.7977,170.031,170.6567,108923739
20211210,171.2873,175.6133,170.7838,175.4374,115402731
20211213,177.0651,178.0574,171.605,171.8103,153237019
20211214,171.3313,173.7656,168.3593,170.4318,139380382
20211215,171.1944,175.4862,168.4578,175.2907,131063257
20211216,175.2712,177.0896,166.9319,168.4081,150185843
20211217,166.1302,169.5911,165.8956,167.3132,195923441
20211220,164.5171,166.7657,163.7155,165.9543,107499114
20211221,167.7189,169.3271,165.3383,169.1218,91185905
20211222,169.1707,171.9276,168.3006,171.7126,92135303
20211223,171.9179,172.8954,171.3508,172.3382,68356567
20211227,173.1252,176.3857,173.1106,176.2977,74919582
20211228,176.1315,177.2753,174.5379,175.2809,79144339
20211229,175.32,176.591,174.1567,175.3689,62348931
20211230,175.4569,176.5323,174.1078,174.2153,59773014
20211231,174.1029,175.2223,173.2963,173.5994,64062261
20220103,173.8536,178.7907,173.7363,177.9401,104701220
20220104,178.5463,178.8493,175.1147,175.6818,99310438
20220105,175.5938,176.1413,170.7349,171.0087,94537602
20220106,168.8383,171.3802,167.802,168.1539,96903955
20220107,169.024,170.2461,167.2056,168.3201,86709147
20220110,165.2992,168.6428,164.4096,168.3397,106765552
20220111,168.4668,171.2628,167.0003,171.1651,76138312
20220112,172.1818,173.2181,170.9109,171.605,74805173
20220113,171.8494,172.6706,167.9486,168.3397,84505760
20220114,167.5087,169.8941,167.2643,169.2,80440780
20220118,167.6749,168.6819,165.617,166.0031,91168729
20220119,166.1987,167.2545,162.2295,162.513,94814990
20220120,163.2462,165.8858,160.5088,160.8314,91420515
20220121,160.7386,162.6107,158.6708,158.7784,122848858
20220124,156.4418,158.6708,151.2408,158.0061,162706686
20220125,155.4251,159.1206,153.5089,156.2072,115798367
20220126,159.844,160.7135,154.291,156.1192,108275308
20220127,158.8175,160.1764,154.7407,155.6597,121954638
20220128,162.0046,166.5408,159.1597,166.5213,179935660
20220131,166.3551,171.0869,165.7196,170.8718,115541590
20220201,170.119,170.9304,168.457,170.7056,86213911
20220202,170.8376,171.9472,169.4542,171.9081,84914256
20220203,170.5785,172.299,168.2713,169.0338,89418074
20220204,168.0549,170.4238,167.076,168.7499,82465400
20220207,169.21,170.2728,167.3403,168.0353,77251204
20220208,168.1038,171.6474,167.8101,171.1384,74829217
20220209,172.3326,172.9199,171.2069,172.5577,71285038
20220210,170.4629,171.7746,167.9276,168.4856,90865899
20220211,168.6911,169.4253,164.4917,165.0791,98670687
20220214,163.8359,165.9992,163.043,165.314,86185530
20220215,167.3599,169.2981,166.6551,169.1414,64286320
20220216,168.2213,169.6798,166.4593,168.9065,61177398
20220217,167.4186,168.28,164.9127,165.314,69589344
20220218,166.2341,166.9402,162.6808,163.7674,82772674
20220222,161.4963,163.1702,158.7261,160.8503,91162758
20220223,162.0445,162.6416,156.3768,156.69,90009247
20220224,149.3582,159.4113,148.7904,159.3036,141147540
20220225,160.3804,161.6334,157.4768,161.3691,91974222
20220228,159.6169,161.9271,159.0002,161.6334,95056629
20220301,161.2174,163.0821,158.5499,159.7539,83474425
20220302,160.9188,163.8261,159.5092,163.043,79724750
20220303,164.9127,165.3434,162.0543,162.72,76678441
20220304,161.0167,162.0543,158.6772,159.7246,83819592
20220307,159.9106,161.5355,155.6818,155.9363,96418845
20220308,155.4664,159.4407,152.5102,154.1156,131148280
20220309,158.0654,159.9595,156.044,159.5092,91454905
20220310,156.8173,157.0033,152.6864,155.1728,105342033
20220311,155.5741,155.9167,151.2376,151.4628,96970102
20220314,148.252,150.8657,146.9305,147.4396,108732111
20220315,147.7137,152.285,147.2046,151.8152,92964302
20220316,153.7338,156.6215,151.1985,156.2202,102300157
20220317,155.2609,157.6004,154.3015,157.2284,75615376
20220318,157.1207,161.0069,156.3866,160.5175,123511692
20220321,160.0574,162.8374,159.5728,161.8879,95811352
20220322,162.0152,165.8426,161.4278,165.2553,81532007
20220323,164.4428,168.9946,164.11,166.6159,98062674
20220324,167.448,170.4629,166.6159,170.3944,90131418
20220325,170.2084,171.5789,169.1023,171.0307,80546156
20220328,168.5345,172.0194,168.3681,171.8921,90371916
20220329,172.9591,175.2301,172.6165,175.1811,100589440
20220330,174.7798,175.8174,172.9689,174.0163,92633154
20220331,174.0848,174.2708,170.7174,170.923,103049285
20220401,170.3552,171.1873,168.3094,170.6293,78751328
20220404,170.8838,174.7211,170.7566,174.6721,76545983
20220405,173.752,174.5351,170.7321,171.3635,73401786
20220406,168.7205,169.9637,166.5376,168.2017,89058782
20220407,167.5459,169.6994,166.2635,168.5052,77594650
20220408,168.1528,168.1528,165.6272,166.4984,76575508
20220411,165.1476,165.4608,162.0054,162.2501,72246706
20220412,164.4722,166.2831,163.1213,164.1198,79265181
20220413,163.8555,167.4284,163.2485,166.8019,70618925
20220414,167.0173,167.6535,161.5551,161.7998,75329376
20220418,160.4587,163.0806,160.1161,161.5844,69023941
20220419,161.5355,164.2764,160.4489,163.8652,67723833
20220420,165.1965,165.314,162.5927,163.6988,67929814
20220421,165.3434,167.908,162.4067,162.9059,87227768
20220422,162.9451,164.3252,158.0898,158.3737,84882424
20220425,157.7179,159.7246,155.114,159.4407,96046376
20220426,158.824,158.9121,153.4108,153.4891,95623240
20220427,152.6179,156.4159,152.0991,153.2639,88063191
20220428,155.8873,161.0412,155.5741,160.1846,130216792
20220429,158.4226,162.6906,153.9296,154.3211,131747571
20220502,153.401,154.8889,150.0336,154.6246,123055265
20220503,154.8106,157.3165,153.0192,156.1125,88966526
20220504,156.2985,162.9647,155.8971,162.5144,108256503
20220505,160.3902,160.6153,151.6781,153.4597,130525275
20220506,152.9401,156.3026,151.1461,154.1851,116124647
20220509,151.8765,152.7637,148.5091,149.0678,131577921
20220510,152.4598,153.6558,149.9207,151.4696,115366736
20220511,150.4795,152.3911,142.9408,143.6172,142689825
20220512,139.9606,143.3232,136.0688,139.7548,182602041
20220513,141.7448,145.1907,140.294,144.2152,113990852
20220516,142.6859,144.6171,141.3429,142.6761,86643781
20220517,145.9308,146.8229,143.7937,146.3033,78336254
20220518,143.9604,144.4604,137.1471,138.049,109742890
20220519,137.1275,138.8725,133.9121,134.6473,136095640
20220520,136.3531,137.9314,130.0006,134.8826,137426125
20220523,135.0786,140.441,134.9414,140.294,117726265
20220524,138.0343,139.1764,134.6277,137.5981,104132746
20220525,135.706,138.995,135.6178,137.7549,92482696
20220526,134.6865,141.4998,134.4414,140.9508,90601548
20220527,142.5291,146.7347,142.4016,146.6955,90978503
20220531,146.1367,147.6954,143.9506,145.9112,103718416
20220601,146.9503,148.7541,144.774,145.7838,74286635
20220602,144.9211,148.2934,143.9702,148.2346,72348055
20220603,144.0094,145.0583,141.6174,142.5193,88570289
20220606,144.1368,145.6454,142.0487,143.2643,71598380
20220607,141.5047,146.0681,141.2645,145.7838,67808150
20220608,145.6563,146.9206,144.5584,145.0485,53950201
20220609,144.1858,145.0387,139.7254,139.8332,69472976
20220610,137.5196,137.9902,134.363,134.4316,91566637
20220613,130.2555,132.5396,128.8536,129.2849,122207099
20220614,130.5103,131.2554,128.8928,130.1476,84784326
20220615,131.6475,134.6375,129.5594,132.7651,91532972
20220616,129.481,129.7849,126.5008,127.5007,107961508
20220617,127.5056,130.4603,127.2557,128.9712,134520290
20220621,130.7946,134.363,130.6966,133.1964,81000488
20220622,132.1377,135.0492,131.275,132.6867,73409234
20220623,134.1277,135.8629,132.9611,135.5492,72433768
20220624,137.1471,139.1176,137.0197,138.8725,89116837
20220627,139.8871,140.6665,138.1912,138.8725,70207908
20220628,139.3332,140.5998,134.6228,134.7355,67315328
20220629,134.7551,137.902,133.9807,136.4903,66242411
20220630,134.5493,135.6472,131.1414,134.0297,98964467
20220701,133.3631,136.304,132.9906,136.1962,71051552
20220705,135.059,138.8235,134.2356,138.7745,73429641
20220706,138.5735,141.2841,138.3039,140.1077,74064254
20220707,140.4704,143.6663,140.4606,143.4702,66253709
20220708,142.4065,144.6466,142.1468,144.1466,64547798
20220711,142.8036,143.7545,140.9508,142.0193,63305113
20220712,142.8918,145.5289,142.1958,142.9898,77588759
20220713,140.1763,143.5682,139.3235,142.6271,71185560
20220714,141.2449,146.019,140.4312,145.5485,78140744
20220715,146.8327,147.8915,145.2838,147.215,76259931
20220718,147.7738,148.5875,143.8133,144.176,81420868
20220719,145.0093,148.2542,144.0192,148.0287,82982367
20220720,148.1463,150.6952,147.4111,150.0286,64823413
20220721,151.4598,152.5088,148.9502,152.2931,65086636
20220722,152.3323,153.2048,150.3913,151.0579,66675408
20220725,150.9795,151.9892,149.2835,149.9403,53623945
20220726,149.2688,150.0727,147.8326,148.6169,55138691
20220727,149.5776,154.2341,149.1659,153.7048,78620688
20220728,153.891,154.538,151.3716,154.2537,81378731
20220729,158.0672,160.4102,156.3614,159.3122,101786860
20220801,157.8417,160.371,157.7241,158.3319,67829379
20220802,156.9496,159.2142,156.4889,156.8614,59907025
20220803,157.6751,163.3119,157.5868,162.861,82507488
20220804,162.7384,163.9001,161.1944,162.5473,55474144
20220805,160.2207,162.8123,160.0145,162.3215,56696985
20220808,163.3228,164.7364,161.1925,161.8503,60362338
20220809,161.0158,162.7829,160.2599,161.8993,63135503
20220810,164.6088,166.2384,163.8431,166.1402,70170540
20220811,166.9452,167.8582,165.1095,165.404,57149159
20220812,166.7096,169.0166,166.2973,168.9478,68039382
20220815,168.3785,170.2142,168.2067,170.0179,54091694
20220816,169.6154,170.5283,168.5177,169.8608,56377050
20220817,169.6056,172.9237,169.4092,171.353,79542037
20220818,170.5676,171.6966,169.9492,170.9603,62290075
20220819,169.8608,170.5578,168.1724,168.3785,70346295
20220822,166.582,166.7489,164.0738,164.5008,69026809
20220823,164.0198,165.6199,163.5977,164.167,54147079
20220824,164.2554,165.0309,163.2001,164.4615,53841524
20220825,165.6886,167.0237,165.2665,166.9157,51218209
20220826,167.4459,167.9171,160.5643,160.6232,78960980
20220829,158.1935,159.9163,156.8928,158.4242,73313953
20220830,159.1604,159.5826,154.8312,155.9994,77906197
20220831,157.3689,157.6388,154.2618,154.3404,87991091
20220901,153.771,155.5184,151.8371,155.0668,74229896
20220902,156.824,157.4248,152.1267,152.9562,76957768
20220906,153.6041,154.2128,150.875,151.6996,73714843
20220907,151.9892,153.8004,150.7965,153.1035,87449574
20220908,151.8076,153.4961,149.8835,151.6309,84923847
20220909,152.6224,154.9294,151.9156,154.4876,68081006
20220912,156.667,161.2514,156.3823,160.4366,104955962
20220913,156.9713,157.5996,150.5609,151.0223,122656614
20220914,151.95,154.2226,150.7971,152.4654,87965409
20220915,151.8174,152.3966,148.6073,149.5792,90481110
20220916,148.4405,148.5779,145.6525,147.9398,162278841
20220919,146.5753,151.7291,146.3691,151.6506,81474246
20220920,150.5903,155.1846,150.2762,154.0262,107689796
20220921,154.4582,155.8325,150.7867,150.9045,101696790
20220922,149.589,151.6407,148.1459,149.9424,86652542
20220923,148.4208,148.6957,145.839,147.6747,96029909
20220926,146.9188,150.9537,146.8992,148.0085,93339409
20220927,149.9424,151.8862,147.1986,148.9804,84442741
20220928,144.9358,147.8823,142.1871,147.0955,146691387
20220929,143.424,144.0327,138.1033,139.8704,128138237
20220930,138.6923,140.479,135.4724,135.6687,124925274
20221003,135.6786,140.4495,135.1632,139.8409,114311663
20221004,142.3736,143.5419,141.6177,143.424,87830064
20221005,141.4361,144.6806,140.3906,143.7186,79470968
20221006,143.1394,144.8377,142.5602,142.7663,68402169
20221007,139.9293,140.479,136.8909,137.5241,85925559
20221010,137.8481,139.2912,136.0348,137.8481,74899002
20221011,137.3376,138.761,135.6884,136.4345,77033672
20221012,136.5817,137.7892,135.6295,135.8062,70433744
20221013,132.5175,140.96,131.9089,140.371,113223975
20221014,141.6668,141.873,135.6589,135.8454,88597969
20221017,138.4813,140.2827,137.7008,139.8016,85250939
20221018,142.8252,144.0131,138.0346,141.1171,99136610
20221019,139.0948,142.2943,138.9083,141.2251,61758340
20221020,140.4005,143.2179,140.0372,140.7637,64521989
20221021,140.2532,145.1399,140.0363,144.5726,86548609
20221024,144.4892,147.4784,143.3259,146.7127,75981918
20221025,147.341,149.697,146.6243,149.5498,74732290
20221026,148.195,149.2062,145.3285,146.6145,88436172
20221027,145.358,146.3161,141.4901,142.1479,109180150
20221028,145.4856,154.6152,145.1125,152.8875,164762371
20221031,150.3498,151.415,149.1374,150.5314,97943171
20221101,152.2396,152.6028,146.3986,147.8907,80379345
20221102,146.2169,149.3829,142.3442,142.3736,93604623
20221103,139.458,140.1845,136.2087,136.3363,97918516
20221104,139.7189,140.2892,132.1375,136.0708,140814796
20221107,134.822,136.823,133.407,136.6018,83374628
20221108,138.0669,139.0699,135.1956,137.1721,89908477
20221109,136.1888,136.2379,132.3473,132.6194,74917794
20221110,138.8831,144.4191,137.1721,144.4191,118854028
20221111,143.3866,147.5067,141.9608,147.2019,93979665
20221114,146.4841,147.7722,144.9698,145.8056,73374114
20221115,149.6749,151.027,146.0822,147.5362,89868332
20221116,146.6414,147.369,144.8321,146.3071,64218266
20221117,143.9864,148.9522,143.7111,148.2049,80389400
20221118,149.7634,150.1518,147.4674,148.7653,74829573
20221121,147.6542,147.8607,145.25,145.5401,58724070
20221122,145.6581,147.9099,144.4732,147.6739,51804132
20221123,146.956,149.2963,146.8479,148.549,58301395
20221125,145.8302,146.3956,144.6649,145.6384,35195860
20221128,142.718,144.1929,140.9873,141.8133,69346522
20221129,141.8822,142.3935,138.0128,138.8142,83763803
20221130,139.0355,146.2382,138.2046,145.5597,111380880
20221201,145.7367,146.6414,144.1634,145.8351,71250416
20221202,143.5243,145.5302,143.2195,145.3434,65447446
20221205,145.3041,148.4014,143.3375,144.1831,68826442
20221206,144.6207,144.8419,139.5517,140.5252,64727186
20221207,139.8172,140.9775,137.6637,138.5881,69721094
20221208,139.9844,141.125,138.7454,140.2695,62128338
20221209,139.9647,143.1408,138.5487,139.7877,76097011
20221212,140.3187,142.0887,138.7061,142.0788,70462654
20221213,147.0052,147.4666,141.833,143.0425,93886161
20221214,142.9245,144.2077,138.8044,140.8202,82291182
20221215,138.7552,139.4337,133.7551,134.2222,98931907
20221216,134.4041,135.353,131.4984,132.2654,160156900
20221219,132.8553,132.9438,129.1286,130.1611,79592614
20221220,129.1974,131.0264,127.7225,130.0922,77432819
20221221,130.7609,134.527,130.5347,133.1897,85927993
20221222,132.11,132.3145,128.1256,130.0234,77852108
20221223,128.7353,130.2053,127.4766,129.6596,63814893
20221227,129.1876,129.2171,126.572,127.8601,69007830
20221228,127.5061,128.841,123.7695,123.9367,85438391
20221229,125.8542,128.304,125.5985,127.4471,75703710
20221230,126.2672,127.7815,125.3035,127.7618,77034209
20230103,128.1059,128.7156,122.0979,122.9829,112117471
20230104,124.7725,126.5088,122.9927,124.2514,89113633
20230105,125.0085,125.6378,122.6781,122.9337,80962708
20230106,123.9072,128.1158,122.8059,127.457,87754715
20230109,128.2879,131.1837,127.7225,127.9781,70790813
20230110,128.0863,129.0731,125.982,128.5484,63896155
20230111,129.0598,131.282,128.2829,131.2624,69458949
20230112,131.6459,132.0195,129.2466,131.1837,71379648
20230113,129.8267,132.6685,129.4629,132.5112,57809719
20230117,132.58,134.999,131.8917,133.6715,63646627
20230118,134.5319,136.2969,132.7767,132.9537,69672800
20230119,131.8425,133.9763,131.5377,133.0127,58280413
20230120,133.0225,135.7168,131.9802,135.5693,80223626
20230123,135.8151,140.9234,135.5988,138.7552,81760313
20230124,137.9637,140.771,137.9587,140.1515,66435142
20230125,138.5389,140.0532,136.4936,139.4927,65799349
20230126,140.7808,141.8428,139.532,141.5577,54105068
20230127,140.7661,144.7731,140.6923,143.4948,70555843
20230130,142.5361,143.1211,140.4662,140.6137,64015274
20230131,140.3187,141.9313,139.9057,141.8822,65874459
20230201,141.5675,144.1634,138.9617,143.0031,77663633
20230202,146.4152,148.6572,145.6974,148.3032,118338980
20230203,145.5597,154.7537,145.3631,151.9218,154357337
20230206,150.0289,150.5451,148.2639,149.198,69858306
20230207,148.1262,152.6396,148.1262,152.0693,83322551
20230208,151.3121,152.0004,148.6454,149.3848,64120079
20230209,151.2089,151.7546,147.9099,148.3524,56007143
20230210,147.1902,149.0417,146.9538,148.7167,57450708
20230213,148.6595,151.9173,148.628,151.5135,62199013
20230214,149.8098,151.4347,148.5689,150.8734,61707573
20230215,150.7848,153.1385,150.5583,152.9711,65669252
20230216,151.1787,153.9559,151.0187,151.3757,68167942
20230217,150.0363,150.6764,148.5591,150.2333,59144118
20230221,147.919,149.0023,146.1512,146.2251,58867230
20230222,146.6092,147.6728,144.9251,146.6486,51011305
20230223,147.8106,148.0568,145.0039,147.1311,48394249
20230224,144.8759,144.9547,143.5072,144.482,55469606
20230227,145.4668,146.9046,145.2107,145.6736,44998470
20230228,144.8168,146.816,144.6001,145.1713,50546998
20230301,144.6001,144.9926,142.8078,143.1032,55478991
20230302,142.1873,144.482,141.7146,143.6941,52279761
20230303,145.7967,148.8151,145.0925,148.7364,70732297
20230306,151.4495,153.9263,151.1295,151.4938,87558028
20230307,151.3658,151.6907,148.8348,149.2977,56182028
20230308,150.4893,151.1393,149.5242,150.5484,47204791
20230309,151.2269,152.1881,147.9436,148.303,53833582
20230310,147.9288,148.6477,145.3679,146.2448,68572400
20230313,145.5603,150.8143,145.4569,148.1849,84457122
20230314,148.9826,151.0704,147.8205,150.2727,73695893
20230315,148.8939,150.9177,147.6432,150.6666,77167866
20230316,149.8492,154.0839,149.3371,153.4832,76254419
20230317,153.7097,154.3596,151.937,152.6461,98944633
20230320,152.715,155.4232,151.809,155.0096,73641415
20230321,154.9308,156.9792,154.1627,156.8611,73938285
20230322,156.8808,159.6776,155.4134,155.4331,75701811
20230323,156.4179,159.0967,155.2854,156.5164,67622060
20230324,156.4474,157.905,155.4528,157.8163,59256343
20230327,157.511,158.3284,155.4725,155.8763,52390266
20230328,155.571,156.0831,153.6112,155.2558,45992152
20230329,156.9497,158.6042,156.93,158.3284,51305691
20230330,159.0769,160.0026,158.8218,159.8943,49501689
20230331,159.9731,162.4942,159.4511,162.3957,68749792
20230403,161.7753,163.7646,161.726,163.6464,56976187
20230404,164.065,164.3063,162.6025,163.1146,46278295
20230405,162.2381,162.5434,159.3428,161.273,51511744
20230406,159.9632,162.4532,159.5398,162.1594,45390123
20230410,158.9686,159.5693,157.6489,159.5693,47716882
20230411,159.8844,159.8943,158.0724,158.358,47644217
20230412,158.7716,159.5988,157.3535,157.6686,50133062
20230413,159.1754,163.282,158.9686,163.0457,68445649
20230414,162.0904,163.7942,161.3321,162.701,49386480
20230417,162.5828,162.8783,161.5389,162.7207,41516217
20230418,163.5775,164.8676,163.1343,163.9419,49923008
20230419,163.282,165.6062,163.026,165.0843,47720166
20230420,163.5676,165.3206,163.0457,164.1191,52456377
20230421,162.5434,163.9242,161.9919,162.5139,58337341
20230424,162.4942,163.0851,161.4011,162.8192,41949581
20230425,162.6813,163.7794,161.2435,161.2829,48714063
20230426,160.5787,162.7699,160.3276,161.273,45498796
20230427,162.6813,166.0001,162.6813,165.8524,64902329
20230428,165.9312,167.2705,165.3306,167.1031,55275851
20230501,166.7092,167.8614,166.0789,167.0145,52472936
20230502,167.5069,167.763,164.9956,165.9804,48425696
20230503,166.9259,168.3243,164.6214,164.907,65136018
20230504,162.3859,164.5032,161.8147,163.2722,81235427
20230505,168.3785,171.653,168.1667,170.934,113453171
20230508,169.8606,171.2098,169.4962,170.8651,55962793
20230509,170.4219,170.9045,168.994,169.1614,45326874
20230510,170.3924,171.3871,169.2894,170.9193,53724501
20230511,171.2098,171.9386,169.5553,171.1113,49514676
20230512,171.2197,171.6537,168.636,170.1843,45533138
20230515,170.7661,170.8154,169.0995,169.6912,37266659
20230516,169.6123,170.7447,169.424,169.6912,42110293
20230517,169.3361,170.5344,168.0641,170.3026,57951604
20230518,170.6083,172.8173,170.1941,172.63,65496657
20230519,173.9515,173.9515,172.5215,172.7385,55809475
20230522,171.5748,172.2947,171.0521,171.7917,43570932
20230523,170.7365,170.9825,168.9072,169.1882,50747263
20230524,168.7247,170.0347,168.1626,169.4644,45143488
20230525,170.0265,171.4909,169.3164,170.5985,56058258
20230526,170.9239,173.34,170.7168,173.0047,54834975
20230530,174.5136,176.5155,174.129,174.8489,55964401
20230531,174.8735,176.8705,174.3163,174.7996,99625288
20230601,175.2433,177.6299,174.4846,177.6003,68901809
20230602,178.5273,179.2669,176.7818,178.4484,61996913
20230605,180.1052,182.3941,175.5737,177.0973,121946497
20230606,177.477,177.6299,174.9771,176.7325,64848374
20230607,175.9731,178.7048,174.8686,175.3617,61944615
20230608,175.4356,178.3399,175.0067,178.0737,50214881
20230609,178.9908,179.7107,178.1328,178.4583,48899973
20230612,178.764,181.3478,178.4681,181.2491,54754995
20230613,180.2728,181.6042,179.9178,180.7758,54929129
20230614,180.835,181.8409,179.5036,181.4069,57462882
20230615,181.4168,183.9414,181.2393,183.4385,65433166
20230616,184.1485,184.4049,181.7225,182.3635,101256225
20230620,181.8606,183.5272,181.8606,182.4523,49799092
20230621,182.3438,182.8468,180.0658,181.4168,49515697
20230622,181.1998,184.4591,181.1308,184.4148,51245327
20230623,182.9848,184.967,182.4523,184.0992,53116996
20230626,184.2471,185.4503,182.6692,182.7087,48088661
20230627,183.3201,185.7856,183.1032,185.4601,50730846
20230628,185.3319,187.2747,185.0065,186.6337,51216801
20230629,186.466,187.4423,186.3279,186.969,46347308
20230630,188.9808,191.7914,188.6159,191.2884,85213216
20230703,191.101,191.1997,189.109,189.7993,31458198
20230705,188.9167,190.3121,187.9847,188.6849,46920261
20230706,187.2155,189.3654,186.5844,189.1583,45156009
20230707,188.7638,190.0064,187.61,188.0439,46814998
20230710,186.6435,187.3634,184.4493,186.0025,59922163
20230711,186.5449,186.683,184.0203,185.4798,46638119
20230712,187.0577,189.0498,185.8644,187.1465,60750248
20230713,187.8664,188.5468,187.1563,187.9058,41342338
20230714,187.6001,188.5369,187.0084,188.0538,41616242
20230717,189.247,191.6336,189.1583,191.3081,50520159
20230718,190.677,191.6434,189.7549,191.0517,48353774
20230719,190.4304,195.4895,189.9867,192.4028,80507323
20230720,192.3929,193.7538,189.8338,190.46,59581196
20230721,191.4166,192.2746,188.5863,189.2865,71951683
20230724,190.7362,192.2154,189.5922,190.0853,45505097
20230725,190.6573,191.7519,190.248,190.9432,37283201
20230726,190.9926,192.9353,190.6474,191.8111,47471868
20230727,193.3101,194.4738,189.888,190.5488,47460180
20230728,191.9787,193.9077,191.4561,193.1227,48291443
20230731,193.3495,193.7736,192.5606,193.7341,38824113
20230801,193.5221,194.0103,192.5803,192.9008,35281426
20230802,192.3436,192.4817,189.1984,189.9176,50389327
20230803,188.9216,189.7105,188.0538,188.5271,62243282
20230804,182.9552,184.7895,179.405,179.474,115956841
20230807,179.6121,180.5983,174.8982,176.3774,97576069
20230808,177.2058,177.7778,175.125,177.3143,67823003
20230809,178.3695,178.4287,174.5629,175.7266,60378492
20230810,176.9987,178.2512,175.1447,175.5096,54686851
20230811,175.1048,176.3886,174.3444,175.5689,52036672
20230814,175.7467,177.4452,175.09,177.2181,43675627
20230815,176.6453,177.2378,174.8382,175.2332,43622593
20230816,174.9172,176.3096,174.2951,174.3642,46964857
20230817,174.9271,175.2879,171.3128,171.8263,66062882
20230818,170.1475,172.9125,169.8118,172.3102,61172150
20230821,172.8829,173.9297,171.5646,173.6433,46311879
20230822,174.8481,175.4603,174.0482,175.0159,42084245
20230823,176.2898,179.282,176.0973,178.8573,52722752
20230824,178.4169,178.8415,173.8112,174.1766,54945798
20230825,175.1641,176.9119,173.6235,176.3787,51449594
20230828,177.8402,178.334,176.3145,177.939,43820697
20230829,177.4501,182.5901,177.2576,181.8199,53003948
20230830,182.6296,185.5033,182.4321,185.3058,60813888
20230831,185.4934,186.7574,185.1379,185.523,60794467
20230901,187.1178,187.5474,185.9279,187.0931,45766503
20230905,185.9279,187.6067,185.2663,187.3302,45280027
20230906,186.0464,186.4908,179.203,180.625,81755816
20230907,172.9915,175.9837,171.372,175.3418,112488803
20230908,176.1219,177.9873,175.5689,175.9541,65602066
20230911,177.8205,178.0476,175.1246,177.1193,58953052
20230912,177.2477,177.8797,172.636,174.0976,90370192
20230913,174.3049,175.0851,171.8065,172.0337,84267928
20230914,171.8263,173.9001,171.4115,173.5445,60895757
20230915,174.2753,174.2901,171.6485,172.8237,109259461
20230918,174.2753,177.1391,173.9692,175.7467,67257573
20230919,175.3023,177.386,174.9172,176.8329,51826941
20230920,177.0206,177.4501,173.2088,173.2977,58436181
20230921,172.3694,174.0976,171.688,171.7572,63149116
20230922,172.4879,174.8668,171.8757,172.6064,56725385
20230925,172.0238,174.7592,171.9744,173.8803,46172740
20230926,172.636,173.0113,169.5155,169.8118,64588945
20230927,170.4635,170.8783,166.9381,168.3009,66921808
20230928,167.2245,169.8809,165.526,168.5576,56294419
20230929,169.871,170.9079,168.213,169.0711,51861083
20231002,169.081,172.1225,168.7946,171.5794,52164535
20231003,170.1031,171.4609,168.686,170.2463,49594613
20231004,168.9526,172.0337,168.8341,171.4905,53020286
20231005,171.6189,173.2582,170.5228,172.7249,48527918
20231006,171.6288,175.7664,171.0165,175.2727,57266675
20231009,174.6012,176.8132,173.6038,176.7539,42390772
20231010,175.8751,177.4748,175.7269,176.1614,43698019
20231011,175.9738,177.6032,175.3813,177.5538,47551098
20231012,177.8205,180.0621,176.8033,178.4525,56743119
20231013,179.1536,179.6572,175.9146,176.6157,51456082
20231016,174.5419,176.8379,174.3049,176.4873,52516984
20231017,174.4382,176.1911,172.6163,174.9369,57549350
20231018,173.3865,175.3566,172.9224,173.6433,54764375
20231019,173.8408,175.6183,173.0014,173.268,59302863
20231020,173.1199,173.2285,170.4833,170.7203,64244028
20231023,168.7749,171.8362,167.8071,170.8388,55980109
20231024,170.8882,171.5004,169.3081,171.2733,43816644
20231025,169.7328,170.898,168.5181,168.9625,57156962
20231026,168.2416,169.2365,163.6003,164.8051,70625258
20231027,164.8249,166.8492,164.7459,166.1185,58499129
20231030,166.9085,169.0316,166.7604,168.1626,51130955
20231031,167.2344,168.765,165.8025,168.6366,44846017
20231101,168.8638,172.0534,167.9948,171.7967,56934906
20231102,173.3273,175.5591,173.268,175.3517,77334752
20231103,172.0633,174.6111,171.1844,174.4432,79829246
20231106,174.1766,177.1884,174.0087,176.9909,63841310
20231107,176.9416,180.1608,176.7342,179.5486,70529966
20231108,180.072,181.1582,179.3215,180.6052,49340282
20231109,180.6744,181.8199,179.5387,180.1312,53763540
20231110,181.9111,184.4771,181.4761,184.3139,66177922
20231113,183.7404,183.9481,182.1484,182.7318,43627519
20231114,185.5994,186.0048,184.2151,185.3423,60108378
20231115,185.7428,187.3792,185.6785,185.9059,53790499
20231116,187.4485,188.8229,186.5388,187.5869,54412915
20231117,188.1208,188.2494,186.4596,187.5671,50941404
20231120,187.7649,189.7573,187.755,189.3074,46538614
20231121,189.2679,189.3766,187.6166,188.5065,38134485
20231122,189.347,190.7709,188.6894,189.169,39630011
20231124,188.7339,188.7636,187.132,187.844,24048344
20231127,187.7945,188.5361,186.786,187.666,40552609
20231128,187.6561,188.9416,187.2804,188.2692,38415419
20231129,188.7636,189.9403,186.8552,187.2507,43014224
20231130,187.7154,188.1901,186.0839,187.8242,48794366
20231201,188.2,189.4162,187.1123,189.0998,45704823
20231204,187.8539,187.9231,185.3533,187.31,43389519
20231205,188.0813,192.2244,188.0516,191.2554,66628398
20231206,192.2738,192.5804,189.96,190.1677,41089737
20231207,191.463,192.8177,191.4235,192.0959,47477655
20231208,192.0266,193.7966,191.5026,193.5197,53406358
20231211,190.9488,191.3246,189.2778,191.0181,60943699
20231212,190.9192,192.5408,189.5754,192.5309,52696900
20231213,192.9067,195.7841,192.6694,195.7446,70404183
20231214,195.8039,197.386,193.9647,195.8929,66831572
20231215,195.3194,196.1795,194.7953,195.3589,128538401
20231218,193.8955,194.4294,192.2145,193.6977,55751861
20231219,193.9647,194.7459,193.6977,194.736,40714051
20231220,194.6964,195.4677,192.6496,192.6496,52242815
20231221,193.9054,194.8744,191.3345,192.5013,46482549
20231222,192.9957,193.2231,190.8104,191.4334,37149570
20231226,191.4432,191.7201,190.672,190.8895,28919310
20231227,190.3358,191.3345,188.9514,190.9884,48087681
20231228,191.9673,192.4815,191.0082,191.4136,34049898
20231229,191.73,192.2244,189.5793,190.3753,42672148
20240102,185.0555,186.3311,181.8271,183.5624,82488674
20240103,182.1583,183.7998,181.3772,182.188,58414460
20240104,180.1115,181.0382,178.8557,179.8742,71983570
20240105,179.9533,180.7147,178.1537,179.1524,62379661
20240108,180.0472,183.5229,179.4688,183.4833,59144470
20240109,181.8617,183.0779,180.685,183.068,42841809
20240110,182.2869,184.3139,181.8617,184.1063,46792908
20240111,184.4524,184.9567,181.565,183.513,49128408
20240112,183.9777,184.6501,183.1175,183.8393,40477782
20240116,180.1214,182.1979,178.9091,181.5749,65603041
20240117,179.2413,180.8828,178.2822,180.6356,47317433
20240118,184.0074,187.0233,183.7503,186.519,78005754
20240119,187.2111,189.8018,186.7069,189.4162,68902985
20240122,190.1479,193.144,190.1084,191.7201,60133852
20240123,192.8375,193.5593,191.6607,192.9957,42355590
20240124,193.233,194.1822,192.1651,192.3233,53631316
20240125,193.0352,194.071,190.9513,191.997,54822126
20240126,192.0959,192.5804,189.7919,190.2666,44594011
20240129,189.8612,190.049,187.4583,189.5843,47145622
20240130,188.8031,189.6535,185.372,185.9356,55859370
20240131,184.9468,185.0012,182.2869,182.3363,55467803
20240201,181.926,184.8578,181.7628,184.7688,64885408
20240202,177.8471,185.2335,177.244,183.7701,102551680
20240205,186.0443,187.132,183.7602,185.5796,69668820
20240206,184.7688,187.1914,184.6793,187.1815,43490759
20240207,188.5065,188.9119,186.4992,187.2902,53438955
20240208,187.2655,187.4138,185.2533,186.2124,40962046
20240209,186.7767,188.1034,186.1332,186.9747,45155216
20240212,186.544,186.7965,184.9352,185.2916,41781934
20240213,183.9253,184.3609,181.6905,183.2026,56529529
20240214,183.4798,183.6877,180.6284,182.3214,54630517
20240215,181.7273,182.658,179.5492,182.0343,65434496
20240216,181.5986,183.0144,179.8611,180.4997,49752465
20240220,179.9848,180.6185,178.2126,179.7571,53665553
20240221,180.1333,181.0727,178.866,180.5096,41529674
20240222,181.658,183.1184,180.6482,182.5392,52292208
20240223,183.1729,183.2026,180.4205,180.7076,45119677
20240226,180.4304,180.9452,178.8561,179.3611,40867421
20240227,179.3017,182.0962,177.777,180.8165,54318851
20240228,180.6977,181.3016,178.3413,179.6185,48953939
20240229,179.47,180.7571,177.7473,178.9552,136682597
20240301,177.7671,178.7373,175.6186,177.876,73563082
20240304,174.4008,175.1434,172.0643,173.3613,81510101
20240305,169.0644,170.3316,167.9357,168.4307,95132355
20240306,169.3614,169.5396,167.005,167.4406,68587707
20240307,167.4703,169.0347,166.8169,167.3218,71765061
20240308,167.3218,171.9752,167.2624,169.0347,76267041
20240311,171.2227,172.6484,170.3415,171.0346,60139473
20240312,171.4306,172.3019,169.3119,171.5098,59825372
20240313,171.0544,171.4653,169.0644,169.4307,52488692
20240314,171.193,172.5769,170.3415,171.2821,72913507
20240315,169.4703,170.9059,168.5941,170.9059,121752699
20240318,173.8266,175.9453,171.7969,171.995,75604184
20240319,172.6088,174.8513,171.3118,174.3315,55215244
20240320,173.9751,176.8958,173.3514,176.8958,53423102
20240321,175.2919,175.7275,169.1436,169.6683,106181270
20240322,170.0544,171.3316,168.3713,170.5693,71160138
20240325,168.8713,170.2326,167.7674,169.1535,54288328
20240326,168.3119,169.7178,167.8961,168.0248,57388449
20240327,168.7178,171.8762,168.4208,171.589,60273265
20240328,170.0445,170.5198,168.8168,169.7772,65672690
20240401,169.4901,169.5495,167.7921,168.3416,46240500
20240402,167.401,167.6585,166.5597,167.1634,49329481
20240403,167.1139,168.9851,166.906,167.9654,47691715
20240404,168.599,170.2128,167.1436,167.1436,53704386
20240405,167.906,168.698,167.2723,167.8961,42104826
20240408,167.3515,167.5198,166.5694,166.7773,37425513
20240409,167.0248,168.3911,166.6783,167.9852,42451209
20240410,167.1238,167.4109,165.4506,166.1139,49709336
20240411,166.6684,173.7177,166.4902,173.3019,91070275
20240412,172.5296,176.5889,172.4801,174.7969,101670886
20240415,173.6187,174.8761,170.7871,170.9752,73531773
20240416,170.0445,172.0346,166.5991,167.6981,73711235
20240417,167.9258,168.9554,166.3318,166.3318,50901210
20240418,166.3615,166.9654,164.8962,165.3813,43122903
20240419,164.5595,164.7476,162.4457,163.3616,68149377
20240422,163.8714,165.5991,163.1338,164.1932,48116443
20240423,163.7081,165.3912,163.2823,165.2427,49537761
20240424,164.8863,167.6189,164.5595,167.3416,48251835
20240425,167.8416,168.9158,166.4814,168.203,50558329
20240426,168.1931,169.6386,167.5,167.6189,44838354
20240429,171.6484,174.282,171.3811,171.7771,68169419
20240430,171.6088,173.2524,168.3119,168.6386,65934776
20240501,167.8961,170.99,167.4307,167.6189,50383147
20240502,170.797,171.693,169.1931,171.3118,94214915
20240503,184.7916,185.1431,180.8462,181.559,163224109
20240506,180.5432,182.3709,178.6284,179.9056,78569667
20240507,181.6283,183.0639,179.5195,180.5888,77305771
20240508,181.0343,181.2521,179.6482,180.9254,45057087
20240509,180.7472,182.8263,180.3016,182.7372,48982972
20240510,183.3121,183.5005,180.5659,181.478,50759496
20240513,183.8426,185.4933,183.0346,184.6803,72044809
20240514,185.8997,186.683,184.6902,185.8204,52393619
20240515,186.2963,189.0128,185.7609,188.0908,70399988
20240516,188.8343,189.4539,188.0314,188.2097,52845230
20240517,187.8826,189.1714,187.5554,188.2395,41282925
20240520,187.6991,190.2718,187.3869,189.3994,44361275
20240521,189.449,191.0749,189.2806,190.6982,42309401
20240522,190.6139,191.1672,188.636,189.2606,34648547
20240523,189.3399,189.3598,185.0223,185.2751,51005924
20240524,187.1985,188.9434,186.4256,188.3485,36326975
20240528,189.8654,191.3426,187.4761,188.3584,52280051
20240529,187.9817,190.5961,187.8826,188.6559,53068016
20240530,189.1218,190.5296,188.9929,189.6473,49947941
20240531,189.796,190.9163,188.2791,190.599,75158277
20240603,191.2434,193.3155,190.8667,192.3637,50080539
20240604,192.9635,193.6427,191.3765,192.681,47471445
20240605,193.722,195.2091,193.1965,194.1879,54156785
20240606,194.0045,194.8125,192.5025,192.8099,41181753
20240607,192.9784,195.2488,192.4728,195.1992,53103912
20240610,195.2091,195.6057,190.4999,191.4616,97262077
20240611,191.987,205.381,191.9672,205.3711,172373296
20240612,205.5892,218.309,205.1232,211.2402,198134293
20240613,212.8959,214.8886,209.7829,212.4002,97862729
20240614,212.0135,213.3222,209.4854,210.6652,70122748
20240617,211.5377,217.0697,210.8932,214.8093,93728300
20240618,215.7214,216.7525,211.1708,212.4498,79943254
20240620,212.0929,212.4002,207.0565,207.8793,86172451
20240621,208.5833,210.0704,205.3314,205.7082,246421353
20240624,205.9362,210.8734,204.8159,206.3526,80727006
20240625,207.3539,209.5647,206.8185,207.2746,56713868
20240626,209.6837,213.0149,208.8311,211.4187,66213186
20240627,212.8463,213.8868,210.5264,212.2614,49772707
20240628,213.917,214.2145,208.494,208.8113,82542718
20240701,210.2687,215.6421,210.1001,214.8886,60402929
20240702,214.2938,218.4875,213.2528,218.3784,58046178
20240703,218.1107,219.6474,217.1491,219.6474,37369801
20240705,219.7466,224.5053,219.7466,224.3963,60412408
20240708,225.1398,225.8933,221.3328,225.8636,59085861
20240709,225.9726,227.43,224.4281,226.7162,48169822
20240710,227.3309,231.0784,227.2813,230.9793,62627687
20240711,229.4029,230.3943,223.8312,225.6157,64710617
20240712,226.9541,230.6422,226.7162,228.5602,53046527
20240715,234.4492,235.1928,231.0883,232.3871,62631252
20240716,232.9819,234.241,230.3348,232.8035,43234278
20240717,227.4796,229.4722,224.6937,226.9145,57345884
20240718,228.3024,228.4611,220.3612,222.2548,66034585
20240719,222.8893,224.8523,221.3576,222.3837,49151453
20240722,225.0605,225.8239,221.1742,222.0367,48201835
20240723,222.4382,224.9911,220.7677,223.0777,39960260
20240724,222.0764,222.8695,215.2654,216.6633,61777576
20240725,217.0499,218.9534,212.7769,215.6223,51391199
20240726,216.8219,217.6051,214.155,216.0882,41601345
20240729,215.0968,217.4167,213.8972,216.3658,36311778
20240730,217.3077,218.4329,214.264,216.921,41643840
20240731,219.5384,221.8979,218.7353,220.1729,50036262
20240801,222.4432,222.5523,215.1563,216.4848,62500996
20240802,217.268,223.6626,215.8404,217.9719,105568560
20240805,197.3803,211.6665,194.3168,207.4729,119548589
20240806,203.537,208.1867,199.3433,205.4504,69660488
20240807,205.1232,211.8053,204.6176,208.0181,63516417
20240808,211.2799,212.3605,207.0366,211.4782,47161149
20240809,210.2786,214.9184,210.1497,214.383,42201646
20240812,214.4624,217.8767,213.9959,215.9115,38028092
20240813,217.3805,220.2391,217.3805,219.6237,44155331
20240814,218.9289,221.3706,218.0654,220.0704,41960574
20240815,222.9289,223.6733,221.1026,223.048,46414013
20240816,222.254,225.1395,221.9861,224.3681,44340240
20240819,224.0406,224.3086,221.3805,224.2093,40687813
20240820,224.0902,225.4798,223.7726,224.8247,30299033
20240821,224.8346,226.2838,223.3756,224.7155,34765480
20240822,226.0952,226.6411,222.2341,222.8594,43695321
20240823,223.9799,226.522,222.6609,225.1523,38677250
20240826,225.0729,225.589,222.2247,225.4897,30602208
20240827,224.3135,227.1473,223.2168,226.3334,35934559
20240828,226.2242,228.1498,224.0009,224.8049,38052167
20240829,228.388,231.187,227.1771,228.0803,51906297
20240830,228.4773,228.6858,225.7875,227.2962,52990770
20240903,226.8495,227.2962,219.5244,221.1125,50190574
20240904,220.0108,220.1299,215.8619,219.2068,43840196
20240905,219.9761,223.8024,219.8718,220.7254,36615398
20240906,222.2838,223.5642,218.1349,219.177,48423011
20240909,219.177,219.6237,215.0976,219.2664,67179965
20240910,217.2912,219.8321,215.1175,218.4723,51591033
20240911,219.8073,221.4302,216.2688,221.0034,44587072
20240912,220.8446,221.8867,218.1845,221.1125,37498225
20240913,221.9165,222.3731,220.2589,220.8446,36766619
20240916,214.9289,215.6038,212.3284,214.7105,59357427
20240917,214.1448,215.2862,212.9041,215.177,45519339
20240918,215.9314,221.053,215.9215,219.048,59894928
20240919,223.316,228.1101,222.9587,227.1672,66781315
20240920,228.259,231.3558,225.9265,226.5021,318679888
20240923,225.6485,227.7428,224.1299,224.785,54146023
20240924,226.9438,227.6436,224.0505,225.6783,43556068
20240925,223.2565,225.5989,222.3532,224.6858,42308715
20240926,225.6088,226.7999,223.7329,225.8272,36636707
20240927,226.7602,227.8123,225.6088,226.0952,34025967
20240930,228.3285,231.2664,227.9414,231.2664,54793391
20241001,227.8123,227.9414,222.0753,224.5269,63285048
20241002,224.2093,225.6783,221.3607,225.0927,32880605
20241003,223.4649,225.1175,221.6584,223.991,34044158
20241004,226.2044,226.3036,222.4624,225.1126,37345098
20241007,222.8297,224.0108,219.6833,220.0406,39505354
20241008,222.6312,224.2987,221.589,224.0902,31855693
20241009,223.5542,228.0406,223.1572,227.8322,33591091
20241010,226.0853,227.7925,225.4798,227.3359,28183544
20241011,227.594,227.7031,225.6485,225.857,31759188
20241014,226.9984,230.0059,226.8992,229.5791,39882085
20241015,231.8719,235.723,230.6411,232.1101,64751367
20241016,229.8768,230.393,228.1299,230.0555,34082240
20241017,231.6932,232.1101,228.8049,230.4228,32993810
20241018,234.4228,234.4228,232.2689,233.2515,46431472
20241021,232.7056,235.0878,232.7056,234.7205,36254470
20241022,232.1448,234.4625,230.8694,234.1051,38846578
20241023,232.3384,233.3945,226.0654,229.0431,52286979
20241024,228.2689,229.1026,226.7106,228.8545,31109503
20241025,228.0307,231.4848,227.8619,229.6883,38802304
20241028,231.584,232.9836,230.8198,231.6635,36087134
20241029,231.3657,232.5816,230.5915,231.9314,35417247
20241030,230.8793,231.7329,227.8421,228.388,47070907
20241031,227.6337,228.12,223.6932,224.2292,64370086
20241101,219.321,223.6733,218.6311,221.2515,65276741
20241104,219.3458,221.1324,218.0753,220.3582,44944468
20241105,220.1448,222.2838,219.4947,221.7875,28111338
20241106,220.9537,224.383,219.5443,221.0629,54561121
20241107,222.9537,226.1796,222.8991,225.7875,42137691
20241108,225.7279,227.2084,224.9677,225.5192,38328824
20241111,223.5717,224.2672,220.0939,222.8065,42005602
20241112,223.1245,224.1579,221.9371,222.8065,40398299
20241113,222.5879,225.2112,221.3459,223.6909,48566217
20241114,223.5915,227.4171,223.5717,226.7712,44923941
20241115,224.9628,225.4795,222.8463,223.5717,47923696
20241118,223.8201,228.2816,223.7406,226.5725,44686020
20241119,225.5391,228.6989,225.2211,226.8308,36211774
20241120,226.6122,228.4704,224.456,227.5463,35169566
20241121,227.427,228.6939,224.2774,227.0693,42108327
20241122,226.6122,229.2552,226.6122,228.4107,38168252
20241125,229.9906,231.7643,228.2816,231.3917,90152832
20241126,231.8488,234.0746,231.8488,233.5678,45986189
20241127,232.9766,234.1938,232.3258,233.4386,33498439
20241129,233.3144,236.3003,232.4847,235.8234,28481377
20241202,235.7638,239.2614,235.6545,238.069,48137103
20241203,238.2876,241.2189,237.3834,241.1096,38861017
20241204,241.3282,242.5603,239.7185,241.4673,44383935
20241205,242.4411,242.9876,240.5929,241.4971,40033878
20241206,241.363,243.077,240.5432,241.2984,36870619
20241209,240.2948,245.6705,240.2153,245.1836,44649232
20241210,245.3227,246.6343,243.7825,246.1971,36914806
20241211,246.3859,249.2079,244.6968,244.9252,45205814
20241212,245.3227,247.1609,244.1204,246.3859,32777532
20241213,246.2418,247.7077,244.6768,246.5548,33155290
20241216,246.4157,249.7842,246.0779,249.4463,51694753
20241217,248.4924,252.2186,248.1943,251.8709,51356360
20241218,250.5592,252.6658,246.1673,246.4753,56774101
20241219,245.9288,250.4003,245.5263,248.2043,60882264
20241220,246.4654,253.3812,244.1303,252.8744,147495267
20241223,253.1527,254.0271,251.841,253.6495,40858774
20241224,253.8681,256.5708,253.6694,256.5609,23234705
20241226,256.551,258.4488,255.9945,257.3757,27262983
20241227,256.1932,257.0577,251.4535,253.9675,42355321
20241230,250.6288,251.8907,249.1582,250.599,35557542
20241231,250.8375,251.6721,247.8466,248.8303,39480718
20250102,247.3497,247.5187,240.285,242.302,55740731
20250103,241.8151,242.6299,240.3544,241.8151,40244114
20250106,242.7591,245.7599,241.6561,243.4447,45045571
20250107,241.4375,243.9912,239.8179,240.6724,40855960
20250108,240.3842,242.1652,238.5261,241.1593,37628940
20250110,238.4864,238.6354,231.5209,235.3464,61710856
20250113,232.0475,233.1803,228.2617,232.912,49630725
20250114,233.2598,234.6211,230.9962,231.7991,39435294
20250115,233.1455,237.443,232.9418,236.36,39831969
20250116,235.8433,236.4991,226.5824,226.811,71759052
20250117,230.6415,230.8154,227.0296,228.52,68488301
20250121,222.578,222.9953,217.9873,221.2266,98070429
20250122,218.3947,222.6972,218.3947,222.4091,64126500
20250123,223.3133,225.5888,220.8888,222.2402,60234760
20250124,223.3531,224.1977,220.0044,221.3657,54697907
20250127,222.5979,230.6763,222.5581,228.4008,94863418
20250128,229.3845,238.6652,229.3448,236.7475,75707569
20250129,232.6338,238.3324,232.5245,237.8405,45486100
20250130,237.1499,239.2614,235.7041,236.0817,55658279
20250131,245.6208,245.6208,231.9581,234.5018,101075128
20250203,228.53,230.3583,224.2672,226.5625,73063301
20250204,225.8074,231.65,225.2112,231.3221,45067301
20250205,227.0792,231.193,226.8209,230.9942,39664989
20250206,229.8168,232.3158,228.9622,231.7395,29925349
20250207,231.1234,232.5145,225.8173,226.185,39707224
20250210,228.3634,229.3731,226.0058,226.4535,33115645
20250211,227.0006,233.9936,226.931,231.3974,53718362
20250212,229.9848,235.7145,229.4676,235.625,45243292
20250213,235.6648,241.0662,234.3319,240.2605,53614054
20250214,239.982,244.2594,239.7234,243.3144,40896227
20250218,242.8668,243.8913,240.5689,243.1851,48822491
20250219,243.3741,244.717,241.8824,243.583,32204215
20250220,243.6526,245.4829,243.006,244.5379,32316907
20250221,244.6573,247.3829,243.9311,244.2594,53197431
20250224,243.6377,247.552,243.1353,245.8012,51326396
20250225,246.6965,248.686,243.6228,245.7416,48013272
20250226,243.0458,243.6924,237.8731,239.0967,44433564
20250227,238.1517,241.1856,235.814,236.0528,41153639
20250228,235.7046,240.8176,228.9901,240.5689,56833360
20250303,240.5192,242.7446,234.871,236.7789,47183985
20250304,236.4556,238.8082,233.4465,234.69,53798062
20250305,234.1826,235.3067,228.0252,234.501,47227643
20250306,233.2028,236.6098,231.9326,234.0931,45170419
20250307,233.8693,240.1014,233.5261,237.8135,46273565
20250310,234.302,234.9187,223.0415,226.2844,72071197
20250311,222.6287,224.6529,216.3071,219.6793,76137410
20250312,218.983,220.5845,213.7804,215.8396,62547467
20250313,214.815,215.6997,207.3246,208.5779,61368330
20250314,210.1397,212.8255,208.4785,212.3679,60107582
20250317,212.1888,214.0888,208.8664,212.8752,48073426
20250318,213.0344,214.0192,210.3784,211.5721,42432426
20250319,213.0941,217.6102,212.6265,214.1087,54385391
20250320,212.8653,216.3468,211.1046,212.9747,48862947
20250321,210.448,217.6898,210.1695,217.1228,94127768
20250324,219.8384,220.3159,217.4311,219.5698,44299483
20250325,219.6096,222.9221,218.9233,222.574,34493583
20250326,222.3352,223.8373,219.3112,220.3656,34532656
20250327,220.2264,223.8075,219.4008,222.6735,37094774
20250328,220.5049,222.6337,216.5359,216.7547,39818617
20250331,215.8644,224.4341,215.0935,220.9625,65299321
20250401,218.6497,222.5043,217.7495,222.0169,36412740
20250402,220.1518,224.0064,219.8583,222.7132,35905904
20250403,204.4597,206.3994,200.1922,202.122,103419006
20250404,192.8709,198.8294,186.3553,187.3899,125910913
20250407,176.2686,193.1296,173.7022,180.5063,160466286
20250408,185.7187,189.3346,168.3207,171.5138,120859491
20250409,171.0462,199.5556,170.9866,197.8049,184395885
20250410,188.0713,193.7561,182.0382,189.4192,121879981
20250411,185.1219,198.4912,185.0821,197.1085,87435915
20250414,210.3287,211.8208,200.1048,201.4556,101352911
20250415,200.7941,202.4404,198.7499,201.0776,51343872
20250416,197.3174,199.6451,191.3589,193.2489,59732423
20250417,196.1635,197.7884,193.3981,195.9447,52164675
20250421,192.2492,192.7814,188.8136,192.1448,46742537
20250422,195.0892,200.5304,194.94,198.6902,52976371
20250423,204.9173,206.9068,201.7331,203.5246,52929165
20250424,203.8131,207.7323,201.8734,207.2748,47310989
20250425,205.2804,208.6476,205.1162,208.18,38222258
20250428,208.8962,210.3884,206.3696,209.0355,38743074
20250429,207.5961,211.1245,207.2748,210.0999,36827633
20250430,208.1999,212.4574,205.5842,211.3831,52286454
20250501,207.9811,213.4323,207.802,212.1988,57365675
20250502,205.0068,205.9021,201.0975,204.2707,101010621
20250505,202.0325,203.0273,197.1682,197.8446,69018452
20250506,197.1682,199.5954,195.9845,197.4666,51216482
20250507,198.1232,198.3917,192.2343,195.2185,68616943
20250508,196.6808,198.9985,193.6564,196.452,50478872
20250509,197.9541,199.4859,196.4968,197.4865,36453923
20250512,210.1364,210.4331,205.9331,209.9571,63775814
20250513,209.5986,212.5568,208.1742,212.0887,51909332
20250514,211.5907,213.0947,209.7481,211.4911,49325825
20250515,210.1165,212.1186,208.7121,210.6145,45029473
20250516,211.5209,211.7301,208.9412,210.4253,54737850
20250519,207.0885,208.6523,203.4529,207.9551,46140527
20250520,206.8495,207.6463,204.2199,206.0427,42496635
20250521,204.3593,206.222,199.917,201.2915,59211774
20250522,199.917,201.9489,198.911,200.5644,46742407
20250523,192.8998,196.9189,192.6956,194.4985,78432918
20250527,197.5165,199.9468,196.6499,199.4189,56288475
20250528,199.7974,201.929,199.1102,199.6281,45339678
20250529,202.7706,203.0047,197.7257,199.16,51477938
20250530,198.5823,201.162,196.0025,200.0564,70819942
20250602,199.4887,201.3314,199.3293,200.9031,35423294
20250603,200.5544,202.9649,200.161,202.4669,46381567
20250604,202.1083,205.4251,201.3015,202.0186,43603985
20250605,202.6959,203.941,199.3592,199.8373,55221235
20250606,202.1979,204.8872,201.2517,203.1143,46607693
20250609,203.5824,205.1861,199.2297,200.654,72862557
20250610,199.8074,203.5426,199.7775,201.8692,54672608
20250611,202.6959,203.692,197.6261,197.9946,60989857
20250612,198.2934,198.891,196.5803,198.4129,43904635
20250613,198.9408,199.5783,194.9268,195.6738,51447349
20250616,196.5204,197.9,195.7869,197.636,43020691
20250617,196.4208,197.6061,194.4387,194.867,38856152
20250618,195.1658,196.7894,194.2992,195.8033,45394689
20250620,197.4517,200.9031,196.0772,200.2058,96813542
20250623,200.8284,201.5007,198.1739,200.7038,55814272
20250624,201.7895,202.6362,199.409,199.5086,54064033
20250625,200.654,202.8653,199.8274,200.7636,39525730
20250626,200.6341,201.8393,198.6719,200.2058,50799121
20250627,201.0923,202.417,199.2098,200.2855,73188571
20250630,201.2118,206.5706,198.4734,204.3593,91912816
20250701,205.8484,209.356,205.3256,206.9989,78788867
20250702,208.0846,212.4971,207.3176,211.6006,67941811
20250703,211.3068,213.8019,210.9732,212.7062,34955836
20250707,211.8397,215.3756,207.975,209.1205,50228984
20250708,209.2699,210.5946,207.6264,209.1802,42848928
20250709,208.7021,210.495,206.4012,210.3058,48749367
20250710,209.6733,212.6365,209.2001,211.5707,44443635
20250711,209.733,211.2918,209.0308,210.3257,39765812
20250714,209.0956,210.0767,206.72,207.7957,38840111
20250715,208.3933,211.0528,208.0945,208.2838,42296339
20250716,209.4641,211.5608,207.8156,209.3296,47490532
20250717,209.738,210.9631,208.7619,209.1902,48068141
20250718,210.0368,210.9532,208.8759,210.3456,48974591
20250721,211.262,214.9274,210.7938,211.6405,51377434
20250722,212.2979,214.1007,211.3915,213.5529,46404072
20250723,214.1505,214.2999,211.5707,213.3039,46989301
20250724,213.0548,214.8378,212.6863,212.9154,46022620
20250725,213.8517,214.3896,212.5568,213.0349,40268781
20250728,213.1843,213.9961,212.2182,213.2043,37858017
20250729,213.3288,213.9613,209.987,210.4352,51411723
20250730,211.0578,211.5508,206.8993,208.224,45512514
20250731,207.6662,209.0109,206.3415,206.7499,80698431
20250801,210.0318,212.7361,200.7038,201.5804,104434473
20250804,203.697,207.0586,200.8782,202.5465,75109298
20250805,202.5963,204.5287,201.3612,202.1182,44155079
20250806,204.8175,214.529,204.7777,212.4074,108483103
20250807,218.0102,219.9774,215.7243,219.1606,90224834
20250808,219.9575,230.0873,218.3837,228.4438,113853967
20250811,227.2772,228.9126,224.1261,226.5393,61806132
20250812,227.3619,230.1491,226.4296,229.0023,55672301
20250813,230.4183,234.3372,229.7801,232.6719,69878546
20250814,233.3949,234.4569,230.1989,232.1235,51916275
20250815,233.34,233.6192,228.6882,230.9368,56038657
20250818,231.0465,232.4625,229.461,230.2388,37476188
20250819,230.6227,232.2132,228.7032,229.9097,39402564
20250820,229.3314,229.82,225.1333,225.3726,42263865
20250821,225.6318,225.8811,223.1493,224.2657,30621249
20250822,225.5321,228.4439,224.7743,227.1176,42477811
20250825,225.8412,228.6533,225.592,226.5193,30983133
20250826,226.2301,228.8428,224.0563,228.6633,54575107
20250827,227.9652,230.2488,227.6162,229.8399,31259513
20250828,230.169,232.7517,228.6882,231.9041,38074700
20250829,231.8542,232.7218,230.7175,231.4853,39418437
20250902,228.6034,230.1989,226.3299,229.0721,44075638
20250903,236.541,238.1764,233.699,237.7974,66427835
20250904,237.7775,239.2233,236.0723,239.1037,47549429
20250905,239.3181,240.6394,237.8175,239.014,54870397
20250908,238.6251,239.4727,235.6734,237.2091,48999495
20250909,236.3316,238.1071,232.7018,233.6891,66313918
20250910,231.5302,231.7645,225.3127,226.1504,83440810
20250911,226.2351,229.8001,226.0108,229.3812,50208578
20250912,228.5735,233.8486,228.3741,233.4098,55824216
20250915,236.3316,237.5182,234.3671,236.0324,42699524
20250916,236.5061,240.5397,235.657,237.4783,63421099
20250917,238.296,239.4228,237.0596,238.316,46508017
20250918,239.2932,240.5197,235.9826,237.2091,44249576
20250919,240.5447,245.6053,239.5331,244.8076,163741314
20250922,247.5997,255.9162,247.4202,255.3578,105517416
20250923,255.1533,256.6142,252.8648,253.7124,60275187
20250924,254.5002,255.0187,250.332,251.5984,42303710
20250925,252.4909,256.4447,251.0021,256.1455,55202075
20250926,253.3784,256.8735,253.0643,254.7395,46076258
20250929,253.8421,254.2808,252.2964,253.7124,40127687
20250930,254.1362,255.1972,252.3961,253.9119,37704259
20251001,254.3207,258.0601,254.211,254.7295,48713940
20251002,255.8514,257.4518,253.4332,256.4048,42630239
20251003,253.9468,258.5089,253.2338,257.2923,49155614
20251006,257.2624,258.3393,254.3307,255.966,44664118
20251007,256.0807,256.674,254.7096,255.7566,31955776
20251008,255.7965,257.7909,255.3877,257.3322,36496895
20251009,257.0779,257.2724,252.4261,253.3235,38322012
20251010,254.221,255.6569,243.3118,244.5783,61999098
20251013,248.6767,248.9858,244.8674,246.9615,38142942
20251014,245.9045,248.1432,244.0099,247.0712,35477986
20251015,248.7814,251.1098,246.772,248.6368,33893611
20251016,247.5498,248.3376,244.4386,246.7521,39776974
20251017,247.3205,252.6654,246.5726,251.5785,49146961
20251020,255.1633,263.6294,254.909,261.5004,90483029
20251021,261.1414,264.5418,261.0915,262.0289,46695948
20251022,261.9092,262.1087,254.7096,257.7211,45015254
20251023,259.2069,259.885,257.2824,258.8479,32754941
20251024,260.4534,263.3851,258.449,262.0788,38253717
20251027,264.1329,268.361,263.9037,268.0519,44888152
20251028,268.2264,269.1288,267.3937,268.2413,41534759
20251029,268.5156,270.6445,266.3567,268.9394,51086742
20251030,271.2229,273.3668,267.7228,270.6346,69886534
20251031,276.2088,276.5379,268.4009,269.6075,86167123
20251103,269.6573,270.0861,265.4991,268.2912,50194583
20251104,267.5682,270.7203,266.8602,269.2784,49274846
20251105,267.8524,270.9337,266.1772,269.3781,43683072
20251106,267.1345,272.6289,267.1345,269.0092,51204045
20251107,269.0341,271.522,266.0176,267.7128,48227365
20251110,268.4613,273.2225,266.9591,268.9304,41312412
20251111,269.3097,275.3984,269.2998,274.7396,46208318
20251112,274.4901,275.2188,271.1962,272.9629,48397982
20251113,273.6018,276.186,271.5855,272.4439,49602794
20251114,270.5474,275.4483,269.1001,271.9049,47431331
20251117,268.3166,269.9885,265.2373,266.9641,45018260
20251118,269.4894,270.2081,264.8281,266.9441,45677278
20251119,265.0327,271.7053,265.0077,268.0621,40424492
20251120,270.3278,274.9193,265.4269,265.7563,45823568
20251121,265.4569,272.8232,265.1774,270.9866,59030832
20251124,270.3977,276.4864,270.3977,275.4084,65585796
20251125,274.7596,279.8601,274.7396,276.4565,46914220
20251126,276.4465,279.0117,276.1171,277.0354,33431423
20251128,276.7459,278.4827,275.4748,278.333,20135620
20251201,277.4945,282.8945,275.628,282.5751,46587722
20251202,282.4753,286.8671,282.1061,285.6594,53669532
20251203,285.6693,288.0849,282.7747,283.6231,43538687
20251204,283.5682,284.2021,278.0735,280.1795,43989056
20251205,280.0198,280.6187,277.5345,278.2631,47265845
20251208,277.6143,279.1508,275.638,277.3748,38211832
20251209,277.6443,279.5108,276.4066,276.6661,32193256
20251210,277.235,279.2313,275.9274,278.2631,33038318
20251211,278.5775,279.0716,273.3023,277.5145,33247986
20251212,277.3847,278.7023,276.3067,277.764,39532887
20251215,279.6306,279.6306,272.3341,273.6018,50409078
20251216,272.3142,274.9892,271.2861,274.1008,37648628
20251217,274.5001,275.648,271.1363,271.336,50138743
20251218,273.0977,273.1227,266.455,271.6853,51630721
20251219,271.6404,274.0909,269.3996,273.1626,144632048
20251222,272.3541,273.3722,270.0034,270.4676,36571827
20251223,270.3378,271.9947,269.0602,271.855,29641999
20251224,271.835,274.9193,271.6903,273.3023,17910574
20251226,273.6517,274.8594,272.3541,272.8931,21521802
20251229,272.1844,273.8513,271.845,273.2524,23715213
20251230,272.3042,273.5718,271.7752,272.5737,22139617
20251231,272.5537,273.1726,271.2461,271.3559,27293639
20260102,271.7502,277.3248,268.5012,270.5075,37838054
20260105,270.1382,271.0066,265.6465,266.7645,45647190
20260106,266.5049,267.0539,261.634,261.8735,52352090
20260107,262.712,263.1911,259.3283,259.8473,48309804
20260108,256.5434,258.8092,255.2259,258.5597,50419337
20260109,258.5946,259.7275,255.7449,258.8891,39996967
20260112,258.6795,260.8155,256.3239,259.7675,45263767
20260113,258.2403,261.3246,257.9109,260.566,45730847
20260114,259.0089,261.3345,256.234,259.478,40019421
20260115,260.1667,260.556,256.5734,257.7312,39388564
20260116,257.4218,258.42,254.4573,255.0562,72142773
20260120,252.2614,254.3176,242.9687,246.2426,80267517
20260121,248.2389,251.0936,244.7254,247.1908,54641725
20260122,248.7379,250.5346,247.6899,247.8895,39708340
20260123,246.8614,248.9476,244.2263,247.5801,41688982
20260126,251.0137,256.0843,249.3368,254.9364,55969234
20260127,258.6895,261.4643,257.7312,257.7911,49648271
20260128,257.1723,258.375,254.0381,255.9645,41287971
20260129,257.5216,259.1686,253.9383,257.8011,67253009
20260130,254.6919,261.4143,251.7124,258.9989,92443408
20260202,259.5479,269.9885,258.7244,269.5094,73913425
20260203,268.7009,271.3709,267.1138,268.9803,64394655
20260204,271.7801,278.4328,271.7801,275.9773,90545710
20260205,277.6143,278.9818,272.7234,275.3984,52977441
20260206,276.6062,280.3842,276.4115,277.6043,50453414
20260209,277.6493,277.9441,271.45,274.3673,44623396
20260210,274.6321,275.1167,272.6889,273.4282,34376898
20260211,274.4423,279.9222,274.1975,275.2465,51931283
20260212,275.3365,275.4663,259.9406,261.4892,81077229
20260213,261.769,261.9887,255.215,255.5447,56290673
20260217,257.8126,266.045,255.3049,263.6372,58469094
20260218,263.3575,266.5745,262.2085,264.1068,34203337
20260219,262.3584,264.2367,259.8108,260.3403,30845294
20260220,258.7317,264.5064,257.9225,264.3366,42070499
20260223,263.2476,269.1821,263.1387,265.9351,37308155
20260224,267.6136,274.6371,267.4637,271.8896,47014619
20260225,271.53,274.6871,270.8006,273.9777,33714342
20260226,274.6921,275.856,270.5459,272.6989,32345114
20260227,272.559,272.559,262.6481,263.937,72366505
20260302,262.1686,266.2848,259.9606,264.4765,41827946
20260303,263.2376,265.3157,259.8907,263.5073,38568921
20260304,264.4065,265.9051,261.1795,262.2785,39803119
20260305,260.5501,261.3144,257.0133,260.0505,49658626
20260306,258.3921,258.5319,254.136,257.2231,41120042
20260309,255.4548,260.9097,253.4471,259.6409,38218533
20260310,257.408,262.2385,256.7136,260.59,30590765
20260311,260.8498,261.8888,259.3112,260.5701,26218927
20260312,258.422,258.7118,253.9462,255.5247,40794020
20260313,255.245,256.0942,249.2904,249.8899,36929988
20260316,251.8731,253.6514,249.6501,252.5874,32074209
20260317,252.7223,254.8953,251.948,253.9961,32361607
20260318,252.3926,254.7055,248.7709,249.7101,35757874
20260319,249.1706,251.5983,247.0725,248.731,34864082
20260320,247.7469,248.9706,245.7737,247.7618,88331081
20260323,253.7363,254.3658,250.0497,251.2586,40546109
20260324,250.1197,254.5906,249.3204,251.4085,45152288
20260325,253.8612,254.7654,251.3685,252.3876,28476668
20260326,251.8831,256.7636,250.5393,252.6573,41796650
20260327,253.6664,255.2579,247.8418,248.5711,47899998
20260330,249.8399,250.6392,245.2841,246.4031,39446213
20260331,247.6819,255.245,246.8737,253.5565,49598091
20260401,253.8462,255.9443,253.0969,255.3948,40059432
20260402,253.9661,255.8944,250.4194,255.6846,31289369
20260406,256.274,261.9188,256.2241,258.6218,29329911
20260407,255.9193,255.9643,245.474,253.2668,62148008
20260408,258.2122,259.5109,256.294,258.6618,41032772
20260409,258.7617,260.8798,255.8344,260.2503,28121574
20260410,259.7408,261.9488,258.7848,260.2404,31291473
20260413,259.491,259.9406,256.4239,258.9615,36234698
20260414,259.0065,261.689,256.9534,258.5919,48370710
20260415,257.9225,266.3148,257.5728,266.1849,49913510
20260416,266.5545,266.9142,261.0296,263.1577,43323112
20260417,266.7144,272.0495,266.4746,269.9814,61436228
20260420,270.0813,274.0227,270.0413,272.7988,36590169
20260421,271.2502,272.549,265.1558,265.9251,50209755
20260422,267.5736,273.4882,266.6245,272.9187,43249204
20260423,274.792,275.5163,271.4001,273.1784,33399639
20260424,272.5041,272.8088,269.4019,270.8106,38157110
20260427,265.8452,268.1131,264.8261,267.3638,41466762
20260428,272.0845,272.9786,268.4128,270.4609,40018940
20260429,267.3039,270.7906,266.7943,269.9214,30047869
20260430,270.2511,275.7461,267.8933,271.1004,91848230
20260501,278.5985,286.9558,278.1139,279.8823,79915442
20260504,279.3977,280.3718,274.6072,276.5753,46668401
20260505,276.6702,284.3082,276.2466,283.9186,49311712
20260506,281.6556,287.765,280.8114,287.2455,58336072
20260507,289.0039,291.8612,285.5171,287.1756,45224300
20260508,289.7432,294.4888,289.7332,293.0501,52692761
20260511,291.979,293.88,290.23,292.68,42247285
20260512,292.56,295.27,292.56,294.8,45748129
20260513,293.5,300.92,293.5,298.87,52684260
20260514,299.82,300.45,295.38,298.21,35324922
20260515,297.9,303.2,296.52,300.23,54862836
20260518,300.24,300.66,294.91,297.84,34482959
20260519,296.97,300.51,296.35,298.97,42243561
20260520,298.18,302.8,298.08,302.25,38229843
20260521,301.055,305.54,300.4,304.99,42965126
20260522,306.12,311.4,305.84,308.82,43670223
20260526,309.56,311.82,307.67,308.33,48000493
20260527,308.33,313.26,308.3,310.85,50430919
20260528,310.68,312.8,309.57,312.51,48220390
20260529,311.775,315.0,309.53,312.06,70026752
20260601,309.625,310.94,305.02,306.31,48849933
20260602,307.46,315.45,306.685,315.2,44534716
20260603,314.175,316.94,308.85,310.26,50836705
20260604,313.23,313.54,309.65,311.23,44869134
20260605,312.86,315.17,307.15,307.34,65310502
20260608,308.739,317.4,301.17,301.54,77949082
20260609,300.275,300.75,287.78,290.55,70108847
20260610,290.74,294.75,287.38,291.58,52793266
20260611,293.72,297.0,289.59,295.63,42572497
20260612,296.03,297.14,289.62,291.13,38784789
20260615,294.12,297.78,291.7,296.42,45732573
20260616,295.245,300.48,293.97,299.24,39874404
20260617,300.845,302.07,294.36,295.95,42745060
20260618,298.11,300.57,295.62,298.01,85962201
20260622,297.31,302.42,296.76,297.01,44879914
20260623,297.538,301.64,294.18,294.3,52010929
20260624,295.355,299.7,292.94,293.08,53081859
20260625,287.4,288.8,273.75,275.15,107253659
20260626,275.0,285.95,274.21,283.78,261775450
20260629,286.73,288.3697,279.85,281.74,66427002
20260630,281.17,289.94,280.695,289.36,65100155
20260701,293.44,296.59,289.195,294.38,50164232
20260702,294.12,309.42,293.68,308.63,75400626
20260706,307.36,314.2,307.0,312.66,53589977
20260707,315.29,315.48,310.15,310.66,42490002
20260708,311.91,314.82,307.05,313.39,41323480
20260709,310.51,316.53,308.16,316.22,48124490
20260710,314.72,316.91,312.17,315.32,34132321
20260713,317.015,323.45,315.78,317.31,43257804
20260714,313.76,316.19,311.91,314.86,36336829
20260715,317.615,328.73,317.32,327.5,60957644
20260716,328.005,334.68,326.79,333.26,62970617
20260717,331.98,334.99,329.0006,333.74,63407059
20260720,333.505,333.71,323.68,326.59,53468008
20260721,323.13,329.6,322.2204,327.74,41338917
20260722,327.87,328.9995,323.34,325.89,38755929
20260723,321.73,323.3,319.35,321.66,40840778
20260724,321.79,334.37,321.62,333.02,47489415
20260727,334.54,339.57,334.02,336.91,49604297
20260728,340.03,342.89,335.6,340.08,51859042
