date,open,high,low,close,volume
20180102,58.6,59.5,58.5255,59.4505,2694494
20180103,59.415,60.2745,59.415,60.21,3108793
20180104,60.25,60.7935,60.233,60.4795,3022089
20180105,60.8755,61.457,60.5,61.457,3544743
20180108,61.8,62.654,61.6015,62.3435,4279475
20180109,62.845,62.9665,62.088,62.635,3661316
20180110,62.2575,62.7165,61.8615,62.7165,2686017
20180111,62.987,63.8385,62.823,63.834,3125048
20180112,63.6696,65.288,63.6696,65.26,5443730
20180116,66.15,66.997,64.615,65.243,7220701
20180117,65.612,65.7,64.044,64.75,5253754
20180118,64.6975,65.23,64.201,64.666,4026915
20180119,65.6,65.65,64.6495,64.729,4578536
20180122,64.8585,66.3725,64.8332,66.3655,4140061
20180123,66.9045,68.245,66.867,68.127,5169306
20180124,68.741,69.408,66.9,67.8755,6807457
20180125,68.4,68.917,67.881,68.8975,4753012
20180126,69.6005,70.1265,69.0455,70.1025,4857310
20180129,70.459,71.5695,70.022,70.884,5701898
20180130,70.1585,71.9625,69.6,71.891,5871942
20180131,72.565,73.629,72.502,72.5445,6424693
20180201,72.25,72.994,69.2571,69.5,9113808
20180202,73.8695,74.9,70.7,71.4975,11125722
20180205,70.131,72.949,66.036,69.5,11494985
20180206,68.073,72.1995,67.5895,72.142,11066819
20180207,72.45,73.0495,70.7575,70.839,7162741
20180208,71.4838,71.6876,67.497,67.525,8578557
20180209,68.6745,69.175,63.2965,66.98,14141524
20180212,68.2335,69.6905,67.2005,69.3115,6738944
20180213,69.2965,70.986,69.1765,70.7255,5917879
20180214,70.3125,72.603,70.168,72.5525,5959209
20180215,73.3445,73.447,71.8418,73.088,5652736
20180216,72.8685,73.29,72.328,72.4345,4472564
20180220,72.3245,74.4385,72.3245,73.4175,6499228
20180221,74.25,75.1745,73.946,74.146,6304351
20180222,74.768,75.127,73.788,74.267,4858063
20180223,74.767,75.0,74.325,75.0,4418103
20180226,75.46,76.142,75.35,76.0975,4954988
20180227,76.225,76.339,75.3605,75.599,4808776
20180228,75.9755,76.435,75.6,75.6225,4515023
20180301,75.68,75.9245,73.25,74.6725,6835230
20180302,73.455,75.0525,72.7505,75.0125,6587564
20180305,74.712,76.269,74.05,76.1805,5233934
20180306,76.66,77.1065,76.4,76.882,4561718
20180307,76.326,77.295,76.1255,77.25,4174123
20180308,77.5,77.744,77.2625,77.593,3862615
20180309,78.175,78.947,77.954,78.9445,4534250
20180312,79.63,80.2665,79.335,79.9195,5174211
20180313,80.798,80.877,78.9005,79.409,6531892
20180314,79.85,80.3222,79.5445,79.55,4259443
20180315,79.75,79.8455,78.9055,79.116,4069701
20180316,79.1725,79.472,78.375,78.584,5425012
20180319,77.7265,78.083,76.2675,77.2465,6580766
20180320,77.517,79.35,77.2705,79.3255,4581568
20180321,79.3225,79.5,78.1585,79.093,4750771
20180322,78.2735,78.6925,77.12,77.246,6320551
20180323,76.9505,77.451,74.768,74.778,8006033
20180326,76.5,77.8495,74.9625,77.793,5624700
20180327,78.62,78.7982,74.116,74.8525,6999631
20180328,72.35,72.795,69.3085,71.571,13705317
20180329,70.3,72.7735,68.26,72.367,12581121
20180402,70.881,71.0679,67.75,68.5995,10463607
20180403,69.569,70.7,67.7665,69.6025,10231212
20180404,67.912,70.7695,67.644,70.5285,6982305
20180405,72.0995,72.9779,71.3535,72.5875,6413459
20180406,71.4985,72.6251,70.013,70.2615,5882257
20180409,71.2515,71.924,70.1286,70.304,4208206
20180410,71.5995,71.919,70.785,71.811,4280144
20180411,71.972,72.4388,71.2445,71.3525,3582533
20180412,71.975,72.606,71.753,72.425,3135027
20180413,72.4568,72.989,71.226,71.5395,3685267
20180416,72.25,72.35,71.374,72.075,2808624
20180417,73.1148,75.3595,72.8511,75.1915,5114403
20180418,75.7325,76.69,75.2055,76.392,5227509
20180419,77.161,78.426,76.953,77.8455,6523728
20180420,78.06,78.06,75.8047,76.3745,5541622
20180423,77.3347,77.4,75.1705,75.893,4465424
20180424,76.79,76.975,72.4224,73.0045,7494699
20180425,72.9,73.4995,70.751,73.0085,6587290
20180426,74.2505,76.471,73.925,75.898,8801101
20180427,81.7005,81.905,78.3693,78.631,13053241
20180430,79.125,79.8,78.0471,78.3065,5464085
20180501,78.161,79.25,77.609,79.113,4572071
20180502,79.049,79.425,78.318,78.484,4360273
20180503,78.0005,78.74,77.301,78.6038,4251917
20180504,78.1225,79.245,78.1095,79.0475,3443567
20180507,79.4669,80.3475,79.3915,80.007,3801855
20180508,79.75,79.844,79.1255,79.6195,3067949
20180509,80.0,80.4,79.6,80.4,3637302
20180510,80.4238,80.78,80.172,80.454,2817450
20180511,80.5495,80.555,79.8946,80.1455,2263900
20180514,80.2,80.559,80.0025,80.077,2509483
20180515,79.3902,79.3902,78.261,78.806,5077465
20180516,78.875,79.7215,78.8335,79.364,2570572
20180517,79.028,79.702,78.65,79.088,2147606
20180518,79.0665,79.1795,78.605,78.7185,2642584
20180521,79.25,79.6025,78.75,79.273,2925235
20180522,79.4945,79.4945,78.7625,79.07,2115639
20180523,78.5525,80.093,78.317,80.093,3361892
20180524,79.9015,80.412,79.419,80.1535,3429975
20180525,80.15,80.706,80.0224,80.5075,2698400
20180529,80.0354,81.0895,80.0075,80.6435,3846477
20180530,80.905,81.3,80.6465,81.2445,2907357
20180531,81.15,81.75,81.0675,81.481,3166330
20180601,81.8515,82.3365,81.7545,82.077,3313385
20180604,82.445,83.284,82.2745,83.2635,3187737
20180605,83.6495,84.95,83.503,84.8175,4782177
20180606,85.2255,85.725,84.3235,84.7875,5473213
20180607,84.9279,84.995,83.8053,84.465,3765687
20180608,84.056,84.472,83.6505,84.1995,2955110
20180611,84.0755,84.7122,84.0296,84.456,2335484
20180612,84.65,84.9755,84.5762,84.9375,2259215
20180613,85.1405,85.6875,85.006,85.243,3327529
20180614,85.674,86.24,85.4435,86.193,3174415
20180615,85.7,86.0435,85.426,85.7985,4777646
20180618,85.313,86.337,85.128,86.1895,3107742
20180619,85.452,86.8055,85.0195,86.739,4290117
20180620,87.125,88.1465,87.068,87.504,4332591
20180621,88.0,88.155,85.878,86.511,4941148
20180622,87.131,87.15,85.595,85.7835,4075124
20180625,85.1255,85.25,82.3154,83.1575,7511196
20180626,83.6185,85.0783,83.167,84.5545,4386585
20180627,85.4055,85.5975,83.0,83.0255,4872201
20180628,83.627,85.275,83.0587,85.0725,4529700
20180629,85.85,86.1705,84.7158,84.99,4543508
20180702,84.135,85.6945,83.903,85.689,3185696
20180703,86.198,86.25,84.624,84.698,2177276
20180705,85.269,85.5345,84.1075,84.9865,2983110
20180706,84.8,85.7634,84.5835,85.5315,2650262
20180709,86.2025,86.978,85.8115,86.951,3011988
20180710,86.9265,87.5,86.55,87.1535,3002905
20180711,86.8995,87.848,86.7,87.75,3209782
20180712,88.2255,89.9,88.109,89.831,4532743
20180713,90.1965,90.765,89.7613,90.6515,4386679
20180716,91.0975,92.0975,90.7225,91.1245,5466195
20180717,90.578,92.5845,89.8692,92.1965,5682881
20180718,92.4,92.944,91.5635,92.146,4861913
20180719,91.473,92.05,90.5635,90.6485,4676942
20180720,91.2505,91.742,90.503,90.685,3891566
20180723,90.6105,90.95,88.4995,90.1,3888462
20180724,91.4505,92.0,90.4691,91.462,4278723
20180725,91.465,93.192,91.132,93.1805,3836333
20180726,91.95,92.234,90.225,90.4,9924371
20180727,93.8025,94.0025,90.3265,90.8635,9680959
20180730,91.3665,91.475,88.301,88.961,6562321
20180731,89.3245,90.0915,86.966,88.872,5738713
20180801,89.2,89.9218,88.801,89.8585,4153096
20180802,89.4385,91.828,89.3,91.7165,4354681
20180803,91.8872,92.05,91.0751,91.1645,3460487
20180806,91.2905,92.3885,90.946,92.3875,3391825
20180807,92.7265,93.486,92.3134,93.124,3377473
20180808,93.05,94.5755,92.725,94.326,3963017
20180809,94.1,95.7285,93.874,94.926,4860374
20180810,94.4255,94.975,93.9106,94.315,3639927
20180813,94.925,96.25,94.6835,94.81,5531475
20180814,95.9695,96.0505,95.0,95.9825,3986123
20180815,95.4775,95.8105,93.4895,94.131,7700682
20180816,95.197,95.25,94.1776,94.326,3957090
20180817,94.29,94.4,92.7775,94.111,4104300
20180820,94.5285,94.5873,93.303,93.8355,2862016
20180821,94.0,94.8875,93.7203,94.171,3105626
20180822,93.832,95.29,93.832,95.245,3080464
20180823,95.3585,95.975,95.038,95.145,3562997
20180824,95.5255,95.8005,95.127,95.2695,2800863
20180827,95.75,96.385,95.4641,96.384,3569037
20180828,96.8865,97.0889,96.441,96.641,3100727
20180829,97.6725,99.9345,97.447,99.905,6531761
20180830,99.871,101.2785,99.345,100.119,7277257
20180831,100.35,101.119,100.237,100.6355,4204378
20180904,101.325,102.525,100.65,101.9755,5721093
20180905,101.9055,102.019,99.4945,99.741,8220576
20180906,100.3253,100.375,96.7605,97.9155,7488680
20180907,96.9355,98.76,96.8675,97.6035,4892643
20180910,98.55,98.652,96.5758,96.9505,4544831
20180911,96.4135,99.444,95.85,99.3575,5033645
20180912,99.7,100.0,98.122,99.5,4414012
20180913,100.0,100.438,99.1014,99.4935,3621511
20180914,99.6465,99.6824,97.961,98.5095,3642030
20180917,97.7365,97.841,94.3705,95.4015,7050192
20180918,95.9325,97.91,95.772,97.0525,4268706
20180919,97.025,97.0415,95.245,96.321,4056822
20180920,96.929,97.75,96.6125,97.215,3154934
20180921,97.711,97.8655,95.5251,95.7505,6855898
20180924,95.1895,96.844,93.25,96.718,4213728
20180925,97.145,98.7955,96.9425,98.7275,4538407
20180926,98.425,99.7625,98.076,98.7425,4313459
20180927,99.6618,100.8078,99.429,100.649,4329391
20180928,100.2205,101.326,99.8232,100.15,4085135
20181001,101.0995,101.6595,100.18,100.218,3468285
20181002,99.9995,100.6695,98.2885,98.5655,5400749
20181003,99.085,99.485,97.4905,97.638,5253131
20181004,97.45,97.8,94.8285,95.471,7256973
20181005,95.8995,96.454,93.1415,94.4825,6822327
20181008,93.7,95.0998,91.5331,93.221,7393199
20181009,92.9995,94.8338,92.616,93.516,4772866
20181010,92.8945,92.928,87.7205,87.7625,10988855
20181011,86.2,87.77,84.255,85.968,13935872
20181012,90.4,90.4475,87.1265,89.4305,9444587
20181015,89.75,89.7525,86.7115,88.0475,6437162
20181016,89.175,91.194,88.0775,90.998,5859918
20181017,92.1395,92.25,90.35,91.5865,5295177
20181018,91.0745,91.5075,88.3935,88.536,5873995
20181019,89.258,90.455,87.65,88.2015,5907246
20181022,89.2,90.475,87.8,89.465,4500015
20181023,87.112,88.817,85.7,88.435,6723913
20181024,88.685,88.8855,82.828,83.21,6928383
20181025,85.167,89.7405,84.6005,89.1085,10285742
20181026,82.4795,84.923,80.15,82.1405,14963783
20181029,83.0,83.2869,74.75,76.944,13866077
20181030,74.308,77.0495,73.818,76.521,12460086
20181031,78.4995,81.1955,78.2545,79.9005,9390211
20181101,81.1765,83.5223,79.922,83.2765,8135539
20181102,83.9295,84.872,82.5915,83.2765,6955548
20181105,82.8785,82.9045,79.818,81.39,5624727
20181106,80.9175,83.25,80.7275,82.1405,4257353
20181107,83.65,87.9615,83.2038,87.7745,8192234
20181108,87.75,89.2,86.2555,87.7455,6534866
20181109,86.625,87.196,85.0935,85.6215,5902186
20181112,84.912,85.4275,81.5005,81.8425,6806245
20181113,82.4645,83.8532,80.6875,81.5585,5933271
20181114,82.816,83.6498,79.8535,79.9505,6486891
20181115,79.0505,81.241,77.3255,80.972,8427337
20181116,79.375,80.724,78.656,79.6705,6066080
20181119,78.8505,79.0595,75.168,75.6145,7789981
20181120,71.875,76.7375,71.0,74.773,10878823
20181121,77.1495,77.5,75.75,75.8365,5716800
20181123,75.85,76.81,75.0905,75.103,2707642
20181126,76.95,79.2405,76.211,79.0665,6257716
20181127,78.7995,79.8825,77.9005,79.071,5783227
20181128,80.696,84.0725,80.0607,83.8875,8458738
20181129,83.7495,84.4995,82.6166,83.6785,6613243
20181130,83.975,84.8,83.325,84.5085,5761761
20181203,88.473,88.917,86.5,88.618,6862160
20181204,87.8,88.5169,83.25,83.42,8694455
20181206,80.7435,85.0525,80.4925,84.9595,8789394
20181207,85.2535,85.9463,81.273,81.4565,7576132
20181210,81.192,82.8995,79.5435,82.0515,7494808
20181211,83.9,83.9734,80.98,82.162,6244695
20181212,83.45,85.2495,83.0135,83.177,6597968
20181213,84.0,84.606,82.075,82.919,5271162
20181214,81.9,82.1285,79.25,79.5955,6367163
20181217,78.3,78.8065,75.2505,76.0455,8829762
20181218,77.0,78.3775,76.1505,77.574,6522975
20181219,77.1525,79.2265,74.159,74.754,8792189
20181220,74.2,75.475,71.6345,73.0415,9991833
20181221,73.2495,74.0,68.198,68.8725,13640320
20181224,67.3,69.8015,65.35,67.198,7219996
20181226,68.4445,73.6578,68.1505,73.545,10411801
20181227,72.71,73.45,69.5155,73.082,9722034
20181228,73.6675,75.6735,72.45,73.901,8828950
20181231,75.54,76.038,74.35,75.0985,6954507
20190102,73.26,77.668,73.0465,76.9565,7983103
20190103,76.0005,76.9,74.8555,75.014,6975572
20190104,76.5,79.7,75.9155,78.7695,9182575
20190107,80.1155,81.728,79.4592,81.4755,7993213
20190108,83.2345,83.8305,80.8305,82.829,8881428
20190109,82.649,83.3899,82.0698,82.971,6348801
20190110,82.0505,83.1625,81.0808,82.811,6507693
20190111,82.0275,83.0147,81.811,82.028,4686222
20190114,80.75,82.41,79.7575,80.8605,6005888
20190115,81.6,83.758,81.3005,83.728,5998510
20190116,84.211,85.25,83.7939,84.189,6366864
20190117,84.0,85.0085,83.875,84.661,4208875
20190118,85.6,85.81,84.577,84.81,6020503
20190122,84.05,84.0933,80.51,81.6085,6416796
20190123,82.8,82.8715,80.6,82.001,5225212
20190124,82.0535,82.8629,81.5892,82.7465,4089943
20190125,83.525,84.174,83.0806,83.5285,4959679
20190128,82.1795,82.25,80.7045,81.8945,4837711
20190129,81.5635,81.619,79.536,79.694,4632782
20190130,81.15,83.8475,80.984,83.5215,5783822
20190131,84.6425,86.8206,83.9541,85.9365,10910338
20190201,81.944,83.653,81.1005,81.3115,11506213
20190204,81.15,82.4815,80.675,81.6655,4929187
20190205,82.167,83.263,82.125,82.9405,4453105
20190206,83.5375,83.613,81.667,82.013,3939883
20190207,81.25,81.2769,79.6455,80.7185,4626589
20190208,79.3,79.4295,78.3378,79.411,5657457
20190211,80.049,80.4645,79.3,79.55,3317328
20190212,80.2,81.9698,79.944,81.9005,4858604
20190213,82.35,82.819,81.8553,82.0,3560321
20190214,81.225,81.895,80.303,81.1325,4120524
20190215,81.393,81.4455,80.225,80.3975,4343893
20190219,80.05,81.7,80.028,81.379,3681656
20190220,81.5,81.7465,80.506,81.105,3337589
20190221,80.9925,81.178,80.0455,80.972,3483392
20190222,81.175,81.747,81.0585,81.578,3096191
20190225,82.0725,82.73,81.5194,81.65,3184462
20190226,81.299,81.9995,80.8067,81.82,2665815
20190227,81.409,82.0905,80.755,82.0545,3148824
20190228,81.7625,82.5885,81.6915,81.9915,3025891
20190301,82.7565,83.713,82.55,83.5865,4974877
20190304,84.25,85.4715,83.718,84.8085,6167358
20190305,85.1475,85.39,84.4505,84.6215,3681522
20190306,84.7985,84.8875,83.414,83.4475,3996001
20190307,83.3685,83.4877,81.0255,81.2975,4957017
20190308,80.2005,81.136,79.3285,81.04,4667014
20190311,81.306,83.6143,81.3005,83.531,3876352
20190312,83.45,84.2133,83.049,83.655,3614498
20190313,84.15,85.0,83.9675,84.5405,3552041
20190314,84.56,85.1,84.217,84.311,2946618
20190315,85.15,85.94,84.6565,85.618,7550870
20190318,85.635,87.5,85.6315,87.1075,5429058
20190319,87.6755,89.208,87.6755,88.0925,6364161
20190320,88.497,89.975,88.3517,89.8635,6265633
20190321,89.813,91.1875,89.3641,90.963,5767797
20190322,90.5085,90.949,88.1555,88.2385,6362983
20190325,87.8895,89.1338,87.375,88.713,5103803
20190326,89.65,90.2885,88.668,89.188,4865880
20190327,89.2065,89.375,87.284,88.285,4324801
20190328,88.5,88.8965,87.6735,88.671,3042958
20190329,89.329,89.643,88.8315,89.0375,3320793
20190401,90.0055,90.7835,89.9365,90.7095,4238752
20190402,90.551,91.0,90.2561,90.699,3448115
20190403,91.336,91.5,90.481,91.035,3980590
20190404,91.0325,91.4375,90.21,90.943,3623867
20190405,91.45,91.929,91.2595,91.864,3640476
20190408,91.6615,92.51,91.2555,92.493,3752841
20190409,92.2745,92.6545,91.589,91.792,3714368
20190410,92.05,92.4,91.4405,92.3665,2963973
20190411,92.435,92.4975,92.0155,92.2035,2654842
20190412,92.42,92.575,92.065,92.153,3114413
20190415,92.1,92.3425,90.945,92.2435,3724423
20190416,92.5675,93.4885,92.4,93.152,3044618
20190417,93.6495,93.8237,93.022,93.241,2893517
20190418,93.4395,93.541,92.974,93.0845,2749882
20190422,92.77,94.421,92.282,94.3655,3373807
20190423,94.56,96.463,94.479,96.1885,4640441
20190424,96.25,96.4845,94.908,95.0875,3675781
20190425,95.8502,96.1225,95.0155,95.1125,6099101
20190426,96.45,97.55,94.9,97.5315,8432563
20190429,97.45,97.8168,96.7045,96.9215,4021255
20190430,96.505,96.7855,95.3475,96.326,3506007
20190501,96.6545,97.182,95.5275,95.576,3116964
20190502,95.6665,96.0775,94.0935,95.041,3962915
20190503,97.45,98.22,96.8,98.123,6381564
20190506,95.899,97.95,95.525,97.5275,5417841
20190507,96.9995,97.455,95.169,96.05,5902134
20190508,95.9435,96.7685,95.5,95.8885,4078568
20190509,95.0,95.47,93.8,94.9935,5308263
20190510,94.9,95.1895,92.8,94.499,5717994
20190513,91.828,92.3268,90.9,91.134,5783410
20190514,91.975,92.622,90.7875,92.006,4629107
20190515,91.3975,93.7214,91.15,93.5575,4692642
20190516,94.297,95.8755,94.1145,95.3785,4707822
20190517,94.6525,95.5265,93.3665,93.45,4736618
20190520,92.6345,93.389,91.777,92.9485,3798198
20190521,93.7395,93.95,92.3,92.876,4005122
20190522,92.589,93.5743,92.55,92.984,2936601
20190523,91.8295,92.2,90.21,90.774,4424265
20190524,91.7945,92.088,90.8926,91.164,3369673
20190528,91.6375,92.4633,91.3675,91.8215,3199965
20190529,91.156,91.5,90.3766,90.9595,4279025
20190530,91.2745,91.4735,90.3913,90.816,3146850
20190531,89.5005,89.7793,88.6352,88.7535,4618819
20190603,88.0005,88.3145,83.6,84.6345,9098708
20190604,84.962,86.541,84.0445,86.478,5679121
20190605,87.48,87.6,85.7626,86.925,4239782
20190606,86.8855,88.0,86.3065,87.718,3689272
20190607,88.185,90.3127,87.9745,90.2015,4808246
20190610,91.1,94.2435,90.9,93.0315,5371007
20190611,94.1625,94.685,92.9,93.185,4042694
20190612,92.699,93.25,92.219,92.766,2678335
20190613,93.336,94.1545,93.111,93.515,2795810
20190614,93.2,93.8,92.95,93.4835,2851163
20190617,93.825,94.7844,93.7725,94.3015,2634342
20190618,95.0675,96.0835,94.9895,95.0685,3895728
20190619,95.392,95.979,94.6235,95.4395,2895347
20190620,96.6665,96.76,95.29,95.9095,3217153
20190621,95.805,96.2975,95.379,95.565,3933576
20190624,95.633,95.843,95.065,95.695,2282969
20190625,95.592,95.8193,93.621,93.9135,3012347
20190626,94.624,95.19,94.366,94.8915,2441910
20190627,95.1,95.562,94.902,95.214,2141721
20190628,95.455,95.647,94.2,94.6815,3037358
20190701,96.149,96.491,95.733,96.1095,3203347
20190702,95.969,96.7395,95.3315,96.7155,2651299
20190703,96.7945,97.0795,96.525,96.95,1690294
20190705,96.43,97.295,96.265,97.1455,2628359
20190708,96.706,97.8,96.4127,97.616,2883371
20190709,97.39,99.5005,97.1737,99.415,4345698
20190710,99.8255,101.247,99.77,100.8705,4931902
20190711,101.281,101.79,99.765,100.0535,4317766
20190712,100.4135,100.85,100.1935,100.55,2509297
20190715,101.07,101.145,100.0775,101.0495,2981343
20190716,100.529,101.316,100.061,100.495,2618198
20190717,100.3525,100.6,99.6015,99.6015,2558809
20190718,99.0005,99.375,97.5775,98.895,3504252
20190719,99.5605,99.8,98.1113,98.226,3185612
20190722,98.557,99.45,97.913,99.2815,2908111
20190723,99.7995,99.8895,98.6565,99.7245,2703480
20190724,98.465,100.065,98.2935,100.0405,2631300
20190725,100.05,100.06,98.636,98.691,4136461
20190726,97.1,97.5448,96.2255,97.1525,4927143
20190729,96.5,96.6113,94.527,95.6225,4493190
20190730,94.5558,95.4945,94.174,94.9265,2910888
20190731,94.9055,94.9775,92.472,93.339,4470727
20190801,93.586,94.896,92.2005,92.766,4713311
20190802,92.2535,92.3182,90.401,91.162,4956225
20190805,88.511,89.4334,87.439,88.2565,6058212
20190806,89.6115,89.6885,87.67,89.3915,5070258
20190807,88.6995,89.9465,87.85,89.67,4526884
20190808,90.3,91.713,89.9055,91.6445,3701242
20190809,91.4475,91.5546,90.111,90.379,2879770
20190812,89.7995,90.049,88.85,89.246,2905498
20190813,89.15,91.5871,89.0,91.217,4075021
20190814,89.6505,89.7826,87.8607,88.148,4893649
20190815,89.0995,89.4,88.098,88.806,3809948
20190816,89.6445,90.1454,89.2275,89.6285,3054240
20190819,90.904,91.3,90.6305,90.806,2820303
20190820,90.725,90.841,89.994,90.069,1932835
20190821,90.9695,91.4789,90.75,91.177,2039231
20190822,91.4,91.4706,90.005,90.28,2658388
20190823,89.6515,90.2448,87.2615,87.481,5277898
20190826,88.3455,88.5,87.1755,88.4435,3085320
20190827,88.7865,88.97,87.334,88.0915,3027245
20190828,87.75,88.393,87.2025,88.2125,2421893
20190829,89.15,89.9275,88.8625,89.32,3018012
20190830,89.8745,89.987,88.2285,88.8145,3064147
20190903,88.5,90.04,88.4,89.492,3546859
20190904,90.25,90.3815,89.8115,90.031,2326228
20190905,91.0975,92.1,90.7788,92.036,3325189
20190906,91.911,92.0325,91.32,91.6755,2496933
20190909,92.05,92.5,91.2305,91.5675,2999515
20190910,91.1375,91.2905,90.2668,91.0275,2613879
20190911,90.607,91.671,90.454,91.1495,2432767
20190912,91.8815,92.683,91.714,92.1775,2823505
20190913,92.1005,92.3061,91.7585,91.967,1971317
20190916,91.201,91.2847,90.01,90.392,3675473
20190917,90.354,91.1995,90.205,91.1275,2033058
20190918,90.852,91.103,89.775,90.873,2536012
20190919,91.051,91.6285,90.895,91.075,2078335
20190920,91.0855,91.5315,89.046,89.708,5555839
20190923,88.85,89.635,88.366,89.265,3139142
20190924,89.5303,89.7853,86.7773,87.0805,4637901
20190925,87.368,88.65,86.15,88.4165,3531098
20190926,88.1395,88.1685,86.575,86.992,3571952
20190927,87.4,87.456,85.691,86.2725,3948029
20190930,86.3495,86.873,85.461,86.7955,2760768
20191001,87.3,87.78,86.4205,86.7825,3170460
20191002,86.387,86.4445,85.25,85.6615,3338476
20191003,85.65,86.25,84.253,86.221,3624371
20191004,86.301,87.0288,85.9615,86.9825,2489277
20191007,86.5815,87.3915,86.185,86.633,2187598
20191008,86.1245,86.35,85.25,85.2755,2626840
20191009,85.9805,86.4975,85.718,86.0995,2089335
20191010,86.262,86.9145,85.6875,86.013,2721531
20191011,87.146,87.2725,86.493,86.596,3279534
20191014,86.4455,87.0944,86.1,86.8215,1928898
20191015,87.107,88.8225,87.031,88.369,3129244
20191016,88.6665,89.312,88.526,88.8715,2804068
20191017,89.8245,89.9425,89.101,89.374,2713773
20191018,89.39,89.699,87.46,87.8755,3366091
20191021,88.483,89.294,88.25,89.283,2224902
20191022,89.4075,89.489,88.1,88.2865,2234425
20191023,88.065,88.5025,87.1,88.1085,2190380
20191024,88.5545,89.4169,88.0135,89.039,5204350
20191025,84.8775,88.2105,84.75,88.0665,9626402
20191028,87.403,88.935,87.125,88.854,3708851
20191029,88.7405,88.85,87.7905,88.1355,2276855
20191030,88.012,89.119,87.9558,88.9995,2449405
20191031,88.7995,89.6,88.5738,88.833,2781185
20191101,89.4005,89.8723,89.2605,89.572,2790354
20191104,90.0505,90.753,90.0505,90.233,2771922
20191105,90.458,90.5125,89.7,90.0855,1885543
20191106,90.05,90.125,89.429,89.7885,2029783
20191107,90.188,90.295,89.174,89.41,2651086
20191108,89.3945,89.494,88.702,89.294,2126198
20191111,88.9,89.0,88.3565,88.5825,1947810
20191112,88.733,89.311,88.5955,88.9,2038925
20191113,88.6695,88.75,87.3661,87.6555,2926892
20191114,87.5715,88.3297,87.478,87.73,2269417
20191115,88.0025,88.084,86.643,86.9745,3931141
20191118,86.915,87.685,86.1355,87.6265,2841907
20191119,87.8495,88.034,87.1515,87.6395,2274535
20191120,87.457,88.1262,86.706,87.2765,2793759
20191121,87.15,87.3435,86.518,86.7355,2662938
20191122,86.951,87.3215,86.55,87.286,2479081
20191125,87.6625,88.871,87.662,88.692,3489467
20191126,88.996,89.8515,88.9175,89.847,3190428
20191127,90.05,91.225,89.8655,90.9255,3035846
20191129,90.889,91.2345,90.0395,90.04,1923440
20191202,90.22,90.2775,88.134,89.08,3931750
20191203,88.0,88.6435,87.3615,88.498,3529582
20191204,88.7005,89.4545,88.011,88.0345,2680700
20191205,88.175,88.175,87.0,87.024,2827852
20191206,87.56,87.72,87.0065,87.58,3119979
20191209,87.533,88.3446,87.2805,87.4755,2502489
20191210,87.37,87.5335,86.75,86.9605,2515644
20191211,87.0835,87.5,86.7855,87.436,2101318
20191212,87.5,88.2,87.272,88.0165,3103949
20191213,88.25,88.4495,87.75,88.047,2747909
20191216,88.35,88.475,87.8525,88.4605,3149345
20191217,88.9005,89.6,88.8695,89.533,3646697
20191218,89.751,89.91,89.118,89.2015,3354137
20191219,89.025,89.6495,88.703,89.614,2738320
20191220,89.9808,90.1485,89.1225,89.325,5152460
20191223,89.413,89.65,89.2255,89.65,2137493
20191224,89.6905,89.7785,89.3788,89.4605,881337
20191226,90.0505,93.523,89.975,93.4385,6024608
20191227,94.146,95.07,93.3005,93.49,6188754
20191230,93.7,94.2,92.031,92.3445,3677306
20191231,92.1,92.663,91.6115,92.392,2510380
20200102,93.75,94.9005,93.2075,94.9005,4035910
20200103,93.225,94.3098,93.225,93.7485,3766604
20200106,93.0,95.1845,93.0,95.144,4065698
20200107,95.225,95.6945,94.6022,95.343,4134010
20200108,94.902,95.55,94.3222,94.5985,3511966
20200109,95.4945,95.891,94.7902,95.0525,3174962
20200110,95.2685,95.347,94.0,94.158,2856959
20200113,94.5655,94.9,94.04,94.565,2785844
20200114,94.294,94.3555,92.9275,93.472,3446381
20200115,93.6125,93.943,92.7545,93.101,2896592
20200116,94.1495,94.2795,93.301,93.897,2659493
20200117,94.2945,94.332,92.8625,93.236,3997340
20200121,93.25,94.7135,93.0,94.6,3707785
20200122,94.8045,95.125,94.167,94.373,3216257
20200123,94.2555,94.4988,93.638,94.229,2484613
20200124,94.5685,94.7495,92.372,93.082,3766181
20200127,91.0,92.05,90.767,91.417,3528509
20200128,92.025,92.9055,91.501,92.6625,2808040
20200129,93.2,93.7375,92.751,92.9,2101390
20200130,92.9,93.6435,92.5305,93.534,6327438
20200131,102.5735,102.786,100.1135,100.436,15567283
20200203,100.53,102.425,100.0125,100.21,5899094
20200204,101.494,102.99,100.7685,102.4835,5289338
20200205,103.551,103.551,101.6,101.9935,4376174
20200206,102.051,102.815,101.24,102.5115,3182954
20200207,102.0995,104.9265,101.905,103.964,5095347
20200210,104.2505,106.78,104.248,106.6955,5056235
20200211,107.545,109.2975,106.8,107.54,5746011
20200212,108.16,109.0125,107.7645,108.0,3334264
20200213,107.2495,108.514,107.1,107.4935,3031791
20200214,107.784,107.9518,106.2945,106.7435,2606169
20200218,106.251,108.3035,106.2053,107.7835,2951070
20200219,108.39,109.255,108.056,108.511,2561165
20200220,108.6535,108.8395,106.3725,107.655,3131342
20200221,107.1075,107.2275,104.4,104.7985,4650740
20200224,100.159,101.9648,99.3987,100.4645,6546997
20200225,101.321,101.73,97.921,98.637,6219094
20200226,98.514,100.7335,98.0225,98.9795,5240402
20200227,96.719,98.75,94.1381,94.215,8143993
20200228,90.7315,94.488,90.5564,94.1875,9493797
20200302,95.3245,97.7255,93.5,97.6975,6761651
20200303,98.7685,99.8165,94.4045,95.4495,7534491
20200304,97.3285,98.9,96.1,98.7915,4772919
20200305,96.65,98.036,95.5,96.2015,4748210
20200306,93.75,95.5435,93.475,95.0545,5273580
20200309,88.693,93.1385,88.0645,90.0305,7813232
20200310,93.544,94.7135,90.9085,94.591,7133310
20200311,92.8925,93.566,90.075,91.043,5646831
20200312,86.099,88.25,83.75,83.8305,11346214
20200313,87.75,89.3155,84.031,89.25,8809725
20200316,82.0755,87.9726,81.3016,84.4575,8917265
20200317,88.7735,92.8888,84.462,90.392,10917129
20200318,87.5,92.083,87.25,91.5,9645218
20200319,93.0,97.25,91.6325,94.0465,10399943
20200320,96.3155,97.85,91.0365,92.3045,9817850
20200323,91.3875,95.97,90.6,95.1415,7808489
20200324,97.5747,97.75,95.017,97.005,7147080
20200325,96.0345,97.513,94.289,94.292,6479073
20200326,95.1,97.8245,94.4645,97.7745,6235118
20200327,96.543,96.9895,94.996,95.005,5387897
20200330,96.1415,98.6815,95.617,98.1975,6126087
20200331,98.2175,99.651,97.2005,97.486,5123626
20200401,96.6485,97.248,94.65,95.385,4121875
20200402,95.082,96.3763,94.5,95.9415,4335985
20200403,95.5575,96.3165,94.4575,95.3295,3609870
20200406,96.8,99.926,96.501,99.8795,5773181
20200407,100.8555,101.786,99.881,100.58,5113983
20200408,101.05,102.2,100.5575,102.15,3977313
20200409,102.215,102.65,100.883,102.138,4655617
20200413,102.0,109.0,101.9,108.4435,6716709
20200414,110.0235,114.6,109.3105,114.166,8087193
20200415,112.884,116.6685,112.25,115.384,6866567
20200416,117.3,123.0499,116.75,120.4095,12038201
20200417,118.6165,120.0,115.801,118.75,7930010
20200420,119.4975,122.249,119.3025,119.6805,5770694
20200421,120.8305,121.4155,113.983,116.406,7476679
20200422,118.45,119.7,117.55,118.1745,4218295
20200423,119.999,121.211,119.104,119.9725,5066552
20200424,120.85,121.0217,119.1,120.511,3831797
20200427,122.16,122.244,118.15,118.8,5645645
20200428,118.605,118.675,115.3,115.704,5269446
20200429,116.5005,119.5945,115.5,118.6355,4591593
20200430,120.992,123.75,119.8005,123.7,9534611
20200501,116.84,118.122,112.9095,114.302,9772605
20200504,112.819,116.349,112.819,115.7995,4865926
20200505,117.0,117.55,115.3563,115.89,3242496
20200506,116.472,117.8725,116.0,117.563,3117814
20200507,118.739,118.8,117.1555,118.3805,3396411
20200508,118.607,119.3622,117.85,118.9805,3211228
20200511,118.735,120.9832,118.6055,120.45,3259231
20200512,120.5925,120.95,117.75,117.8475,3074916
20200513,118.34,120.385,116.8902,118.396,4782919
20200514,118.0505,119.5685,117.6605,119.4425,3648128
20200515,118.426,120.55,117.8185,120.489,4234951
20200518,120.2173,121.65,119.2005,121.313,4366572
20200519,121.4915,124.2498,121.4485,122.4665,4320498
20200520,123.8935,125.0005,123.3635,124.897,3998143
20200521,125.0,126.2725,122.127,122.337,5114403
20200522,122.7505,123.4925,121.5065,121.844,2867079
20200526,122.9,123.1,120.703,121.093,3568153
20200527,120.2495,120.679,116.5,120.5195,5056945
20200528,119.2165,121.8485,118.9115,120.055,3193136
20200529,120.797,122.1185,119.9099,122.1185,3529329
20200601,122.4,123.8465,122.2085,123.552,2938032
20200602,123.35,123.6765,122.2655,123.6205,2529903
20200603,123.4005,124.4,123.0585,123.92,2671024
20200604,123.8715,125.377,122.5005,123.03,2948710
20200605,122.2255,124.4323,121.8565,124.15,3306445
20200608,125.01,126.5,124.3668,126.203,3970654
20200609,126.472,131.3215,126.25,130.043,5175950
20200610,132.25,136.1175,131.313,132.3725,4946031
20200611,130.175,133.569,126.8115,127.898,5800107
20200612,130.0605,131.0738,125.1675,127.251,5436127
20200615,126.33,129.2,125.4,128.634,3873335
20200616,131.0,131.0,128.8,130.7635,3595649
20200617,132.375,132.75,131.591,132.049,2959316
20200618,132.3505,132.982,131.8055,132.699,2487774
20200619,133.904,134.8715,132.95,133.7505,5776963
20200622,134.225,135.75,133.45,135.691,3208780
20200623,136.301,139.1555,135.902,138.2205,4231707
20200624,139.0,139.8,136.05,136.72,4526605
20200625,136.9775,137.8115,135.607,137.729,2968657
20200626,138.7528,139.1284,134.4,134.6435,6500784
20200629,134.5005,134.84,131.504,134.019,4223422
20200630,134.2533,138.4815,133.7515,137.941,3769686
20200701,137.8995,144.75,137.7,143.935,6363439
20200702,145.6005,147.778,143.5551,144.515,6593387
20200706,146.7485,152.994,146.5,152.852,6880642
20200707,152.9275,153.4775,149.5,150.006,5257514
20200708,151.1305,154.1985,150.6215,154.0555,5037635
20200709,155.7995,159.694,153.7001,159.1315,6388659
20200710,159.588,160.75,156.785,160.0,5485982
20200713,162.553,167.2145,153.4195,155.2,7720420
20200714,154.45,156.369,147.5,154.2,7231933
20200715,154.0115,154.9175,148.659,150.4435,5788874
20200716,148.553,151.6,145.9115,149.995,6394246
20200717,150.45,151.2,147.4225,148.0985,4761319
20200720,150.01,160.068,149.7009,159.842,7598176
20200721,161.6245,162.0288,155.286,156.9145,6134965
20200722,156.25,157.5,153.263,154.9955,4104225
20200723,154.9136,154.9136,148.5,149.3275,5656906
20200724,146.5,151.579,144.4,150.4455,5632413
20200727,153.1,154.9,150.7885,152.7605,4170492
20200728,152.7135,153.8546,149.788,150.0165,3126651
20200729,151.5495,151.958,149.8385,151.6765,2974060
20200730,150.7,154.6,150.25,152.594,6128265
20200731,162.2,162.341,157.55,158.234,8083369
20200803,159.0255,159.2,155.2,155.5945,5074663
20200804,155.0605,158.362,155.0605,156.9415,4694294
20200805,157.1885,160.6793,156.365,160.2515,3930025
20200806,159.718,162.3735,158.2715,161.25,3940602
20200807,161.2005,162.0405,157.0336,158.373,3936127
20200810,158.5155,158.6255,155.076,157.408,3167274
20200811,155.66,157.961,153.65,154.0335,3718057
20200812,155.4,158.7193,155.071,158.112,3527229
20200813,159.1495,160.8761,157.75,158.051,3149043
20200814,158.909,158.9118,156.0,157.401,2751723
20200817,158.656,159.7485,157.7089,159.1205,2691237
20200818,160.6,166.0,160.2909,165.6245,5345974
20200819,165.1505,165.795,162.8,163.024,4185137
20200820,162.6,165.631,161.9,164.8685,3332478
20200821,164.75,165.7198,163.7695,164.236,3575862
20200824,165.5075,169.0158,162.878,165.373,4666258
20200825,164.7495,167.87,163.35,167.3245,3992842
20200826,167.5555,172.5869,167.2284,172.0925,6508743
20200827,172.5025,172.65,168.9,170.0,4264795
20200828,171.15,171.6685,169.325,170.09,2896978
20200831,170.4495,174.75,170.25,172.548,4185885
20200901,174.479,175.6935,173.35,174.956,3476407
20200902,177.35,177.6125,174.3342,176.5725,3931476
20200903,174.25,174.4205,165.15,168.4,8161113
20200904,165.9,169.075,155.5565,164.731,8781754
20200908,157.2,162.5422,156.5,157.492,6094205
20200909,160.1495,165.1588,159.25,163.4305,5188675
20200910,165.3609,167.4945,158.5275,158.7555,5330741
20200911,160.4345,160.867,154.199,155.811,5093982
20200914,158.6469,159.3695,154.8,155.1485,4529596
20200915,156.808,158.751,155.446,157.8065,4021535
20200916,158.9995,159.3619,153.7075,153.905,4531189
20200917,150.4625,151.4716,148.6275,150.4365,6449050
20200918,151.587,151.89,145.277,147.7455,8892580
20200921,145.325,148.1,143.55,148.0235,6117925
20200922,151.6918,156.6995,150.01,156.4495,6948816
20200923,156.0215,156.35,149.6188,149.993,5652665
20200924,148.8895,153.465,148.25,150.9895,5529392
20200925,152.743,155.077,149.95,154.7565,4615202
20200928,157.4425,158.752,155.8584,158.7025,4224165
20200929,158.7695,159.413,156.627,157.244,3503398
20200930,157.057,160.644,156.6995,157.4365,4896101
20201001,160.4,161.2,158.6,161.063,4971922
20201002,157.6815,159.7898,156.15,156.25,5613098
20201005,157.292,160.1265,157.0425,159.96,3775332
20201006,158.25,159.1,154.5,154.998,5086857
20201007,156.75,160.0,156.6193,159.7845,4309439
20201008,161.2495,161.6647,158.7495,159.5275,3174114
20201009,160.5,164.4495,159.8915,164.3325,4907871
20201012,167.497,174.812,166.9775,172.1465,8364198
20201013,173.3995,174.619,171.2109,172.1815,5744697
20201014,172.35,173.244,167.0,168.1855,5828916
20201015,164.6005,167.794,164.0,166.9325,5223448
20201016,168.1615,169.983,158.0,163.6355,6474353
20201019,164.9805,166.45,159.6368,160.3605,5223626
20201020,161.114,163.3,159.6005,160.8505,4509678
20201021,160.625,161.6938,158.0,159.247,4592736
20201022,159.4935,159.9375,156.097,158.82,4212005
20201023,159.55,160.2665,157.0,160.22,3466687
20201026,159.937,164.149,157.665,160.352,5901151
20201027,161.247,164.583,160.565,164.3165,4291047
20201028,162.465,163.201,158.1235,158.139,5588330
20201029,160.0635,162.8625,158.2,160.5505,6596529
20201030,157.8875,158.3502,150.95,151.8075,8396081
20201102,153.087,153.9853,147.506,150.224,7257350
20201103,150.9265,153.745,149.049,152.4205,4897880
20201104,157.9995,162.2425,156.9865,162.058,6839041
20201105,165.9985,168.34,164.444,166.1,5789285
20201106,165.232,166.1,161.6,165.5685,4647330
20201109,161.5515,164.45,155.6053,157.187,7190406
20201110,154.751,155.7,150.9741,151.751,6590956
20201111,153.089,156.9573,152.5,156.8695,4366923
20201112,157.9975,158.794,154.3025,155.514,4371208
20201113,156.1,157.0861,154.2695,156.4405,3762587
20201116,154.66,157.135,153.6343,156.553,3808676
20201117,159.1772,159.4625,156.763,156.783,3444735
20201118,156.7,157.0,155.255,155.273,2916836
20201119,155.2655,156.25,154.046,155.851,3010270
20201120,155.851,156.6445,154.9023,154.97,3380138
20201123,155.8349,156.9873,153.273,154.9195,4708887
20201124,155.025,156.7125,154.3129,155.903,3602102
20201125,157.0935,159.9,157.013,159.2535,3790403
20201127,160.563,160.8095,159.5025,159.767,2392867
20201130,160.424,161.4195,156.2775,158.402,4063916
20201201,159.425,162.4475,157.859,161.004,4544382
20201202,161.0825,161.6,158.663,160.1765,3129304
20201203,160.273,161.432,159.0655,159.3365,2892039
20201204,159.9105,159.9105,157.938,158.129,2913611
20201207,157.824,159.038,157.0845,157.9,2751316
20201208,157.945,159.2065,156.001,158.8645,3286303
20201209,158.3945,158.7215,154.4,155.21,4100836
20201210,154.4495,157.105,153.8,155.0745,3030186
20201211,154.833,155.9335,153.641,155.821,3064695
20201214,157.15,159.5235,156.3,157.8485,4155794
20201215,159.0505,159.425,156.5245,158.256,3323686
20201216,158.8005,162.35,158.184,162.048,4427616
20201217,162.5,163.1755,161.05,161.804,3474347
20201218,162.1995,162.471,158.58,160.0825,5995713
20201221,160.0005,161.3483,158.3,160.309,3836846
20201222,160.1422,161.1,159.004,160.326,2381781
20201223,160.25,160.5065,159.2085,159.2635,2093787
20201224,159.695,160.1,158.45,158.6345,1451917
20201228,159.7,165.2,158.6345,164.198,5686787
20201229,165.497,167.5325,164.0611,166.1,4872933
20201230,167.05,167.105,164.1235,164.2925,3209310
20201231,163.75,164.1461,162.06,162.8465,2957206
20210104,163.5,163.6,157.201,159.3315,4411449
20210105,158.3005,161.169,158.253,160.9255,2655548
20210106,157.324,159.8755,156.558,156.919,4394815
20210107,157.85,160.4271,157.75,158.108,3514545
20210108,159.0,159.532,157.11,159.135,3537744
20210111,157.4005,157.8192,155.5,155.7105,3669095
20210112,156.0,157.1071,154.3,156.0415,3514582
20210113,156.422,159.4975,156.104,158.2945,3321244
20210114,158.376,158.9,156.0295,156.3735,3070919
20210115,156.151,157.1273,154.7585,155.2125,4243995
20210119,155.35,157.25,154.8,156.038,3305142
20210120,159.0995,163.99,158.75,163.169,5309835
20210121,164.65,167.4275,164.4784,165.3495,4945051
20210122,165.2155,166.0955,164.1582,164.6115,2821914
20210125,166.425,168.1945,162.1573,164.7,3749758
20210126,164.8178,166.9,164.1435,166.3065,2955235
20210127,167.0745,167.326,160.354,161.629,4660158
20210128,161.752,165.084,161.4345,161.881,3149228
20210129,161.5,161.8495,159.2275,160.31,4293556
20210201,162.118,167.513,161.7513,167.144,4160212
20210202,169.0,171.387,168.0563,169.0,7098637
20210203,171.2505,171.7,165.431,165.6265,7088781
20210204,166.5,167.35,163.8875,166.55,3670661
20210205,165.95,168.85,165.1355,167.6075,3620808
20210208,167.925,168.25,165.2,166.147,3257391
20210209,165.6245,166.9,164.892,165.25,2203526
20210210,165.7,165.8977,162.7,164.329,3151550
20210211,164.6,164.6,162.403,163.1065,2301417
20210212,162.5,164.0125,161.6655,163.8855,2335339
20210216,162.7025,165.415,162.6796,163.4475,2574721
20210217,163.18,166.0455,162.975,165.432,3302099
20210218,164.121,166.9,163.697,166.4115,3033607
20210219,166.4115,166.675,162.2875,162.495,4305184
20210222,160.4065,161.616,158.613,159.037,3515679
20210223,156.3515,160.2365,154.68,159.725,4677222
20210224,158.3375,158.5615,156.269,157.9765,3011275
20210225,156.837,158.913,152.388,152.858,4533801
20210226,154.76,156.122,151.835,154.6465,4275930
20210301,156.3945,157.478,154.8995,157.307,2733963
20210302,157.1735,158.176,154.356,154.7265,2595762
20210303,154.059,155.3888,149.75,150.25,3988725
20210304,150.6,152.9065,147.2715,148.8785,5481578
20210305,150.25,150.45,144.05,150.023,5388551
20210308,150.75,153.2295,147.5655,147.5975,4185008
20210309,150.8995,154.548,150.2574,153.1425,4030032
20210310,154.9225,155.823,151.5025,152.882,3012489
20210311,155.2005,156.5892,154.1465,155.6795,2776391
20210312,153.75,154.949,152.275,154.4745,2421888
20210315,153.7285,154.112,151.6045,154.084,2918592
20210316,155.2485,156.4455,153.793,154.593,2538764
20210317,153.661,158.6525,153.511,156.7865,3118584
20210318,155.05,155.8315,151.25,151.3995,3657027
20210319,151.4615,153.8642,150.8315,153.748,4625354
20210322,153.3925,156.329,153.0025,155.5435,2902179
20210323,156.35,159.1,156.0425,156.875,3817263
20210324,157.552,158.0155,154.2575,154.3535,2958981
20210325,153.6495,155.489,151.857,152.313,3563469
20210326,152.203,152.833,149.8,152.6015,3312924
20210329,152.772,154.5625,151.4223,153.7865,2745968
20210330,153.5005,153.65,151.7,152.7645,2337603
20210331,153.203,155.9665,153.125,154.704,3093896
20210401,155.897,158.122,155.7775,158.05,2940318
20210405,158.65,161.7978,158.062,161.3365,3334882
20210406,161.1875,162.3655,160.852,161.191,2537809
20210407,161.69,165.1806,161.1825,163.9695,3346227
20210408,165.545,166.225,164.6,164.965,2812090
20210409,165.235,168.61,164.445,168.61,4341473
20210412,167.7605,169.752,167.5575,168.9695,3281798
20210413,170.0422,171.6,169.7815,170.0,3315837
20210414,170.202,170.2065,166.3,166.65,3145204
20210415,168.55,169.85,167.6,168.9545,3233580
20210416,169.0,170.34,167.7795,169.972,3186049
20210419,169.5165,171.7967,168.008,168.6005,2725405
20210420,168.68,169.1495,165.8,166.7345,2623032
20210421,165.8,168.143,165.1903,168.101,2211166
20210422,168.584,168.6435,165.0725,165.452,2580590
20210423,165.955,168.75,165.425,167.044,3196652
20210426,167.4,171.4225,166.547,170.45,4880708
20210427,172.1735,173.0,169.9005,170.8715,3827140
20210428,171.74,174.494,171.25,172.925,4631884
20210429,175.2549,175.7223,171.75,173.5655,7682381
20210430,176.256,177.7,173.125,173.371,7009346
20210503,174.2365,174.3323,168.6351,169.3245,5875530
20210504,167.8095,168.3988,163.6065,165.5935,5439449
20210505,166.9428,167.7348,163.218,163.527,3711308
20210506,163.5,165.72,162.36,165.3185,4447696
20210507,165.9545,166.5445,164.4535,164.5805,4710276
20210510,164.116,164.15,159.5,159.5245,5838603
20210511,156.814,161.9,156.3685,161.1955,4619781
20210512,159.25,160.397,156.655,157.597,4936410
20210513,159.2735,160.192,156.65,158.0735,3356877
20210514,159.278,161.443,159.15,161.145,3325022
20210517,162.2965,164.6375,161.7295,163.5195,3723925
20210518,164.6287,165.6,161.5185,161.614,2828391
20210519,159.75,161.7375,159.2,161.59,2679708
20210520,162.2202,162.984,161.809,162.384,2633192
20210521,162.5,162.8347,159.8505,160.154,4104882
20210524,160.775,162.8975,160.525,162.2495,2422813
20210525,163.3335,163.991,160.688,162.9525,3261109
20210526,163.7295,164.7865,162.9255,163.258,2383986
20210527,162.8,163.0178,161.502,161.5055,2561157
20210528,162.1,162.3995,160.985,161.1535,2331509
20210601,162.1748,162.549,160.453,160.9325,2430045
20210602,161.155,161.75,160.4,161.6995,2014524
20210603,160.2115,160.7218,159.2015,159.3505,2398293
20210604,160.6,161.05,159.9405,160.311,2249749
20210607,159.8665,160.4,158.61,159.9005,2215756
20210608,161.1305,163.9766,160.9005,163.2055,3416730
20210609,163.6435,164.879,163.535,164.0575,2455530
20210610,164.1005,167.55,164.0575,167.4825,3476480
20210611,167.4825,168.329,166.6725,167.3415,2817352
20210614,167.3415,169.25,166.775,169.1935,2569655
20210615,169.2,169.8493,168.1555,169.1565,2426200
20210616,169.6,171.3175,168.0265,170.7625,4202782
20210617,170.159,174.86,170.05,174.462,5136531
20210618,173.9995,175.35,173.6855,174.345,5247737
20210621,173.821,174.1,171.7,172.698,3277130
20210622,172.903,176.189,172.8045,175.272,3345082
20210623,175.25,176.05,174.16,175.191,2813341
20210624,175.382,176.243,171.5425,172.454,3831999
20210625,173.2,173.241,169.709,170.073,3940997
20210628,170.8,172.4,170.6755,172.1945,2242793
20210629,171.941,172.8015,171.1515,172.407,2098439
20210630,172.053,173.5801,171.75,172.008,2403992
20210701,171.7305,172.85,170.471,171.6485,2037053
20210702,172.582,175.586,171.846,175.549,3176697
20210706,176.5055,184.274,176.45,183.787,6744768
20210707,185.8689,186.71,183.9455,184.829,5328062
20210708,182.178,187.9993,181.056,186.5705,5180623
20210709,186.126,187.4,184.6698,185.967,3748237
20210712,187.2,187.8645,184.8396,185.9275,2571635
20210713,185.105,188.6539,183.566,183.868,3845917
20210714,185.4425,185.883,183.0413,184.084,3296568
20210715,184.71,184.77,181.046,181.56,3185292
20210716,181.6655,182.303,178.5228,178.6815,4043706
20210719,176.629,177.5105,174.958,177.4795,3784595
20210720,178.366,179.6,175.9,178.6595,3255680
20210721,178.8188,179.3225,177.1821,179.26,2318989
20210722,179.3615,182.001,179.1135,181.9015,3265352
20210723,182.0,183.3055,181.102,182.832,2436292
20210726,183.6585,185.604,182.3625,184.991,2900068
20210727,184.925,184.925,179.3075,181.3195,4131890
20210728,181.689,182.921,180.05,181.516,2999378
20210729,181.3875,181.8975,179.0005,179.996,5519952
20210730,167.3975,168.407,165.349,166.3795,9965593
20210802,167.655,167.946,165.85,166.574,3353915
20210803,167.036,169.55,164.9885,168.312,4157343
20210804,168.9675,169.444,167.278,167.736,2183945
20210805,167.811,169.45,167.046,168.7995,2433503
20210806,168.75,168.75,166.4519,167.247,2637644
20210809,167.1805,167.744,166.426,167.0935,2148220
20210810,167.2505,167.9,165.75,166.034,2412551
20210811,166.5723,166.885,163.8895,164.6055,2947249
20210812,164.5,165.7255,163.4835,165.175,2323823
20210813,165.2835,165.3033,164.15,164.6985,2056699
20210816,164.15,165.0,160.5565,164.9495,3328494
20210817,163.875,164.0245,161.284,162.098,3387922
20210818,162.0995,162.7049,160.0,160.061,2804311
20210819,159.701,161.65,159.1232,159.3875,3782862
20210820,160.1936,160.3905,158.788,159.9975,3358428
20210823,160.595,164.045,160.5003,163.2935,3268131
20210824,164.0,165.7747,163.729,165.289,2551841
20210825,165.4935,166.05,164.3075,164.959,1680306
20210826,164.95,166.6,164.8,165.8,2098761
20210827,166.6615,167.616,165.6875,167.4815,2402369
20210830,167.8713,172.25,167.761,171.0785,3192244
20210831,171.24,173.629,169.7795,173.5395,4356413
20210901,174.8198,176.35,173.762,173.95,3629911
20210902,174.738,175.598,172.75,173.156,2925594
20210903,172.6,174.1335,171.822,173.9025,2578324
20210907,173.9,176.4045,173.847,175.4645,2741184
20210908,175.5825,177.2815,174.7835,176.275,3053364
20210909,176.301,177.4995,174.0185,174.208,2719241
20210910,175.0915,175.4225,173.1453,173.4575,2397269
20210913,174.14,174.898,171.9,172.8585,2569022
20210914,173.7775,174.3403,171.8855,172.5,1936897
20210915,172.126,174.271,170.1005,173.7895,2957537
20210916,172.998,174.6275,172.3072,174.412,2583598
20210917,174.4207,174.8705,172.6065,173.126,4616556
20210920,169.8,170.95,165.2505,167.7865,4669130
20210921,168.75,168.985,166.6195,167.1815,2780878
20210922,167.55,169.45,167.0525,169.0025,2411403
20210923,169.0025,171.448,169.0025,170.8,2379414
20210924,170.1005,171.463,169.67,171.276,2116241
20210927,168.575,170.7785,166.9805,170.29,3634450
20210928,167.8855,168.4595,164.505,165.798,4430819
20210929,166.1055,167.565,164.8935,165.056,2562268
20210930,165.8,166.3925,163.6995,164.252,2847033
20211001,164.4505,165.4587,162.797,164.163,2835617
20211004,163.9695,163.9995,158.8125,159.489,4523057
20211005,160.225,163.0365,160.1232,161.05,3269208
20211006,160.6765,163.217,159.931,163.1005,2532977
20211007,164.577,166.2873,164.153,165.1215,2409075
20211008,165.85,166.0715,164.41,164.431,1998217
20211011,163.75,164.6295,161.905,162.315,2034203
20211012,162.85,163.3764,161.814,162.3665,1819571
20211013,163.4855,164.419,163.0544,164.214,2425086
20211014,165.1227,165.63,164.539,164.993,2112020
20211015,165.571,170.521,165.2,170.451,5179941
20211018,169.4179,172.4585,169.255,172.337,3174115
20211019,171.7145,172.7345,171.1,172.2075,2386079
20211020,172.633,173.143,170.0185,170.753,2139777
20211021,170.7125,172.014,170.15,171.7505,1881385
20211022,171.05,171.492,166.565,166.7775,3139053
20211025,166.75,167.39,164.885,166.0185,2225956
20211026,167.4755,170.806,167.199,168.8035,2698342
20211027,169.4,171.85,168.5727,169.6245,2702224
20211028,170.1047,173.95,169.3,172.3285,5708733
20211029,165.001,168.741,163.666,168.6215,6486077
20211101,168.09,168.793,164.601,165.9055,3608879
20211102,165.7505,166.5557,164.1775,165.6375,2627590
20211103,165.45,169.746,164.876,169.2,3397189
20211104,168.5,174.9313,168.25,173.85,5353020
20211105,173.85,178.3125,173.849,175.9495,4996951
20211108,176.162,178.95,174.393,174.449,3073992
20211109,175.7625,179.6885,175.0713,178.8115,4294922
20211110,178.1935,180.2725,173.1545,174.1025,4027422
20211111,175.65,177.162,173.3735,173.625,2264406
20211112,174.25,177.0363,172.3525,176.2575,2689434
20211115,176.85,179.694,176.2905,177.284,2929719
20211116,176.95,178.825,176.2573,177.035,2217071
20211117,178.236,179.3623,177.2675,177.45,2560270
20211118,178.3175,185.21,178.05,184.803,5703538
20211119,185.6345,188.1073,183.786,183.8285,4946203
20211122,183.8188,185.6728,178.375,178.6285,4847850
20211123,179.252,181.0525,176.3855,179.002,3692246
20211124,178.1335,180.682,176.8425,179.0205,2328018
20211126,180.1047,181.675,175.2075,175.228,2991297
20211129,177.3822,179.8,176.575,178.0785,3265557
20211130,178.175,179.2885,174.6005,175.3535,4001107
20211201,177.25,177.994,172.08,172.186,3756995
20211202,173.0,174.635,171.1875,171.868,3236288
20211203,172.75,173.4932,166.93,169.4895,4035550
20211206,169.65,173.6955,166.9345,171.3685,3443000
20211207,174.6,177.4995,173.3345,176.1645,3320536
20211208,176.1505,177.18,174.7505,176.158,2262683
20211209,175.75,176.9695,174.1395,174.171,2303091
20211210,175.417,175.927,170.5,172.212,3034488
20211213,172.0,172.1,169.13,169.5675,3108450
20211214,167.55,169.499,166.44,169.0915,2798764
20211215,168.598,173.6,165.195,173.315,3789713
20211216,173.3686,174.166,168.1603,168.871,3043842
20211217,167.7105,170.8985,165.6136,170.0175,4287758
20211220,166.85,167.8743,165.6,167.079,2868633
20211221,167.8505,170.7165,165.6475,170.417,2797791
20211222,169.2698,172.05,168.5005,171.037,2751773
20211223,170.428,171.975,170.15,171.0685,1839412
20211227,171.037,172.943,169.2155,169.6695,2942341
20211228,170.1825,172.1759,169.1355,170.661,2735593
20211229,170.84,171.212,168.6005,169.201,1787702
20211230,169.7,170.888,168.524,168.6445,1879155
20211231,168.956,169.35,166.5585,166.717,2391519
20220103,167.55,170.7035,166.1605,170.4045,3193457
20220104,170.438,171.4,166.3495,167.522,3536258
20220105,166.883,167.1263,164.357,164.357,3215136
20220106,163.4505,164.8,161.9372,163.254,2597889
20220107,163.839,165.2432,162.031,162.554,2330295
20220110,160.5855,161.6615,156.3045,161.486,4389915
20220111,161.5,166.35,160.7015,165.362,3140279
20220112,166.575,166.878,164.417,165.207,2501456
20220113,165.2505,166.2215,161.091,161.214,2609415
20220114,160.15,162.25,159.8005,162.138,2298743
20220118,159.105,159.7345,157.6645,158.9175,3372072
20220119,158.762,159.25,156.25,156.299,2662096
20220120,156.766,158.0,151.351,151.6675,3598666
20220121,149.95,150.9,142.0704,142.643,8198572
20220124,139.0,144.945,135.352,144.544,7802237
20220125,142.2425,143.6,138.145,139.986,4541233
20220126,144.75,145.1848,137.3185,138.8725,4780085
20220127,140.8,144.2435,139.35,139.6375,3875790
20220128,140.8605,143.998,137.9292,143.978,3719599
20220131,144.75,150.3605,144.3005,149.5735,3915372
20220201,150.0,151.708,147.6277,151.1935,2960992
20220202,155.0504,155.075,148.8636,150.6125,4366488
20220203,141.7375,144.2475,138.333,138.8455,11276568
20220204,155.6065,161.2,150.608,157.6395,12672793
20220207,158.52,162.6908,157.25,157.9355,5131219
20220208,156.7505,161.7925,155.5505,161.4135,3802018
20220209,162.8735,163.8345,160.25,161.1895,3439280
20220210,158.35,160.7165,157.75,159.0035,3413406
20220211,158.1345,159.0,152.7338,153.2935,3855022
20220214,151.751,158.4483,151.65,155.167,4161535
20220215,157.6055,158.007,154.6375,156.5105,2848533
20220216,155.7905,158.834,154.7345,158.1005,2635214
20220217,158.146,160.3487,154.5,154.6525,3201625
20220218,155.4995,155.4995,150.893,152.6015,3180205
20220222,150.4785,152.9825,148.4855,150.1975,3306412
20220223,151.6505,151.763,144.651,144.827,3212178
20220224,139.8375,151.749,139.5,151.358,5039288
20220225,150.55,153.99,149.2135,153.7885,3119768
20220228,152.425,154.45,150.85,153.563,2884171
20220301,152.7325,154.099,149.977,151.142,2243679
20220302,150.849,152.9995,148.75,152.0525,2366736
20220303,153.5315,153.929,146.856,147.8985,3259860
20220304,147.159,147.85,143.807,145.641,3049156
20220307,145.4435,146.0945,137.4165,137.453,4346693
20220308,136.6835,140.6995,133.5725,136.0145,4583129
20220309,139.5,140.25,136.828,139.279,4132833
20220310,145.685,148.6743,143.978,146.8175,6753145
20220311,149.5745,149.675,145.369,145.5245,3445028
20220314,145.981,147.45,140.884,141.853,3704305
20220315,142.85,147.985,142.0,147.3665,3779230
20220316,148.5,153.15,147.3535,153.104,4247884
20220317,152.6405,157.4985,152.14,157.239,3646742
20220318,156.813,161.594,156.011,161.2505,5148138
20220321,161.1208,163.084,159.553,161.4915,3326876
20220322,161.8055,166.167,161.699,164.889,3204306
20220323,163.705,166.37,162.687,163.408,2790593
20220324,163.7495,164.1185,160.05,163.6495,2839903
20220325,164.0,165.3685,162.25,164.7735,2454275
20220328,164.975,169.0375,164.9,168.9905,2992691
20220329,170.384,170.8315,167.8685,169.315,3307680
20220330,168.5095,168.9505,165.5,166.301,2808363
20220331,166.4447,166.495,162.9535,162.9975,2998289
20220401,164.1495,165.827,162.3195,163.56,2854475
20220404,164.125,168.3945,163.2055,168.3465,2500398
20220405,167.7415,168.1105,163.266,164.055,2686428
20220406,161.6505,162.2,157.2545,158.756,3952788
20220407,158.4,160.079,154.5115,157.7845,3406839
20220408,156.75,157.3685,154.2308,154.4605,2300083
20220411,152.713,154.1365,150.5345,151.122,2605617
20220412,153.6925,155.099,150.383,150.7875,2758872
20220413,150.0185,156.025,149.6,155.541,2669544
20220414,155.39,155.897,151.4718,151.7065,2579907
20220418,151.5235,154.0395,150.2505,152.785,2325676
20220419,152.0295,158.649,151.5505,158.1155,2746321
20220420,157.6025,157.6025,153.6035,153.998,2981501
20220421,154.714,156.738,147.5895,148.296,3198466
20220422,148.25,149.615,143.6975,144.35,3653929
20220425,144.023,146.2215,142.3065,146.074,3093749
20220426,144.8,144.8558,138.9295,139.391,3876458
20220427,140.1915,141.9485,135.7835,138.167,3566815
20220428,142.178,145.9375,140.3,144.5965,5865847
20220429,129.849,130.761,121.625,124.2815,13633086
20220502,122.401,124.6683,118.375,124.5,7439449
20220503,124.0535,126.2205,122.825,124.2535,3956668
20220504,123.6,126.0,119.183,125.9285,5537268
20220505,123.0,123.499,115.0725,116.407,7219561
20220506,114.85,119.0505,113.0813,114.7725,6212995
20220509,111.3125,114.0,107.957,108.789,6406219
20220510,111.25,112.6425,107.171,108.859,5271691
20220511,108.1035,110.156,104.4285,105.372,5485182
20220512,102.75,110.7807,102.4055,106.9305,6601257
20220513,109.069,113.184,107.8,113.055,4684228
20220516,113.1,113.9925,110.3541,110.8105,3728287
20220517,113.275,115.8,111.2765,115.3685,3822387
20220518,111.4395,112.853,106.2488,107.1125,5418959
20220519,106.2805,110.034,106.1929,107.319,4407127
20220520,109.5685,109.898,105.0093,107.591,4975032
20220523,108.461,108.8188,103.95,107.557,5389868
20220524,104.025,105.4,101.26,104.1,5146734
20220525,103.6555,108.175,103.65,106.775,4656005
20220526,107.97,112.6655,107.4535,111.0775,4650130
20220527,113.55,115.187,112.628,115.1465,4683008
20220531,116.28,121.9945,115.675,120.2095,7231708
20220601,122.256,125.179,120.6223,121.684,6376449
20220602,121.684,125.61,120.045,125.511,5028034
20220603,124.2,124.4,121.0465,122.35,4880166
20220606,125.245,128.99,123.81,124.79,135269024
20220607,122.005,124.1,120.63,123.0,85156712
20220608,122.61,123.75,120.75,121.18,64926594
20220609,119.99,121.3,116.1,116.15,67029842
20220610,113.415,114.5,109.05,109.65,87412245
20220613,104.19,106.54,101.86,103.67,99277742
20220614,104.19,104.88,101.43,102.31,69728761
20220615,103.86,109.06,103.53,107.67,85011060
20220616,104.47,104.58,102.01,103.66,82186301
20220617,102.8,106.98,102.51,106.22,99772147
20220621,108.2,111.6299,103.56,108.68,70901245
20220622,107.43,112.13,107.02,108.95,60040131
20220623,110.39,113.0,107.93,112.44,64345300
20220624,112.38,116.71,111.43,116.46,69867618
20220627,117.09,117.98,112.7,113.22,62133240
20220628,113.5,114.85,107.04,107.4,75172028
20220629,107.38,110.99,106.91,108.92,66375341
20220630,108.11,108.18,102.52,106.21,97679401
20220701,106.29,109.75,105.8469,109.56,73021171
20220705,107.6,114.08,106.3242,113.5,76684414
20220706,113.21,115.48,112.01,114.33,66958884
20220707,113.85,116.99,113.49,116.33,57872323
20220708,114.6,116.58,113.69,115.54,45719694
20220711,114.08,114.3,110.87,111.75,53540019
20220712,112.16,113.23,108.34,109.22,54280257
20220713,107.03,111.78,106.01,110.4,61353812
20220714,110.24,111.18,107.58,110.63,51163140
20220715,112.5,115.59,111.59,113.55,84317816
20220718,115.0,117.24,113.15,113.76,59115419
20220719,115.7,118.95,114.03,118.21,60990043
20220720,118.615,123.475,118.32,122.77,71268322
20220721,123.2,124.85,121.26,124.63,60239892
20220722,125.01,125.5,121.3504,122.42,51463797
20220725,122.695,123.64,120.03,121.14,50221259
20220726,115.79,118.15,114.53,114.81,67075064
20220727,117.31,121.9,117.16,120.97,61582015
20220728,121.57,122.84,118.08,122.28,82245543
20220729,134.9,137.65,132.41,134.95,148892889
20220801,134.96,138.8339,133.51,135.39,76846908
20220802,134.72,137.44,134.09,134.16,61922429
20220803,136.21,140.49,136.05,139.52,71827780
20220804,140.58,143.56,139.55,142.57,70585020
20220805,140.1,142.86,139.6,140.8,50686865
20220808,142.05,144.23,138.29,139.41,52303475
20220809,138.052,138.9523,136.21,137.83,40434715
20220810,142.9,144.6,141.01,142.69,54773819
20220811,143.86,144.49,139.76,140.64,44867336
20220812,142.05,143.57,140.1201,143.55,47643484
20220815,142.8,143.76,141.49,143.18,39014583
20220816,143.905,146.57,142.0,144.78,59102859
20220817,142.69,143.38,140.78,142.1,48149778
20220818,141.32,142.77,140.38,142.3,37458737
20220819,140.47,141.11,137.9142,138.23,47792843
20220822,135.72,136.32,132.85,133.22,50461504
20220823,133.41,134.99,132.95,133.62,36252103
20220824,132.75,135.47,132.1,133.8,38626978
20220825,135.26,137.42,134.28,137.28,37496283
20220826,136.55,137.83,130.5,130.75,53322663
20220829,129.9,131.9499,128.77,129.79,48101638
20220830,131.25,132.0745,126.85,128.73,49202990
20220831,129.45,130.59,126.74,126.77,53648702
20220901,126.0,128.02,123.66,127.82,56636145
20220902,129.5,131.38,126.39,127.51,57429829
20220906,127.92,128.62,124.74,126.11,43888587
20220907,126.12,129.82,125.4,129.48,47834487
20220908,127.72,130.28,127.1,129.82,43988509
20220909,130.91,133.69,130.76,133.27,49422259
20220912,134.095,136.49,134.0,136.45,53826859
20220913,131.01,131.4,126.27,126.82,72694010
20220914,127.364,128.84,126.33,128.55,45316772
20220915,127.38,130.37,125.495,126.28,52887196
20220916,122.78,123.87,120.7,123.53,115667804
20220919,122.16,124.71,121.8,124.66,47279727
20220920,123.35,124.3963,121.14,122.19,47698432
20220921,122.49,123.76,118.45,118.54,58498887
20220922,117.08,118.79,116.26,117.31,55229190
20220923,116.0,116.05,112.06,113.78,65126665
20220926,113.295,117.34,113.13,115.15,62723268
20220927,117.195,118.32,113.05,114.41,60094693
20220928,114.38,118.7,113.8,118.01,55763750
20220929,115.6,116.07,113.06,114.8,58969714
20220930,114.075,116.92,112.84,113.0,59479586
20221003,113.58,116.91,112.45,115.88,50941854
20221004,119.89,123.0,119.79,121.09,62812564
20221005,118.58,121.75,117.69,120.95,48217535
20221006,120.77,121.53,119.5,120.3,42253755
20221007,118.0,118.17,113.88,114.56,54677980
20221010,115.1,116.25,112.43,113.67,42339675
20221011,112.71,115.48,110.39,112.21,56432233
20221012,112.49,113.83,111.4,112.9,45728660
20221013,107.88,113.44,105.345,112.53,86868103
20221014,114.1,114.96,106.6,106.9,67737344
20221017,110.11,114.19,110.09,113.79,62781985
20221018,119.06,119.52,114.79,116.36,65607448
20221019,114.71,116.5932,113.22,115.07,47198122
20221020,113.83,118.24,113.51,115.25,48795104
20221021,114.792,119.59,114.5,119.32,55660485
20221024,119.98,120.39,116.57,119.82,49531523
20221025,119.65,121.3152,118.95,120.6,50934609
20221026,116.0,119.3457,114.76,115.66,69002457
20221027,113.92,114.12,109.77,110.96,129605362
20221028,97.905,103.96,97.66,103.41,223133398
20221031,103.56,104.87,100.74,102.44,99251395
20221101,103.99,104.58,96.06,96.79,153370032
20221102,97.315,97.74,92.01,92.12,135761798
20221103,92.47,93.5,89.02,89.3,136683303
20221104,91.49,92.44,88.04,90.98,129101336
20221107,91.95,92.1,89.04,90.53,77495728
20221108,90.79,91.72,88.23,89.98,88703370
20221109,89.47,89.48,85.87,86.14,90796249
20221110,92.935,98.69,91.65,96.63,173414862
20221111,97.88,101.19,96.66,100.79,111590544
20221114,98.77,100.1199,97.29,98.49,99533072
20221115,103.21,103.79,97.34,98.94,111336317
20221116,96.85,98.4879,95.54,97.12,87958828
20221117,95.37,96.97,94.03,94.85,82617865
20221118,95.95,95.99,92.48,94.14,72428185
20221121,93.97,95.02,90.59,92.46,84330270
20221122,92.62,93.35,90.87,93.2,62191962
20221123,93.24,94.58,92.83,94.13,59414684
20221125,93.79,94.43,93.065,93.41,35088609
20221128,93.93,96.4,93.43,93.95,75062316
20221129,94.04,94.41,91.44,92.42,65567286
20221130,92.47,96.54,91.525,96.54,102805806
20221201,96.99,97.23,94.92,95.5,68487969
20221202,94.475,95.36,93.78,94.13,72496388
20221205,93.05,94.06,90.82,91.01,71535526
20221206,90.5,91.04,87.9,88.25,75503628
20221207,88.34,89.89,87.48,88.46,68086880
20221208,89.24,90.86,87.88,90.35,73305887
20221209,88.9,90.3,88.63,89.09,67398506
20221212,89.21,90.58,87.87,90.55,61999762
20221213,95.23,96.25,90.52,92.49,100212038
20221214,92.502,93.4581,89.87,91.58,70298006
20221215,89.89,89.97,87.47,88.45,84802877
20221216,88.265,89.35,86.73,87.86,146144064
20221219,87.51,87.63,84.51,84.92,83531460
20221220,85.33,86.61,84.33,85.19,74348301
20221221,86.175,87.225,85.21,86.77,59267156
20221222,85.52,85.68,82.25,83.79,81431314
20221223,83.25,85.78,82.9344,85.25,57433655
20221227,84.97,85.35,83.0,83.04,57284035
20221228,82.8,83.48,81.69,81.82,58228575
20221229,82.87,84.55,82.55,84.18,54995895
20221230,83.12,84.05,82.47,84.0,62401194
20230103,85.46,86.96,84.205,85.82,76706040
20230104,86.55,86.98,83.36,85.14,68885123
20230105,85.33,85.42,83.07,83.12,67930825
20230106,83.03,86.4,81.43,86.08,83303361
20230109,87.46,89.48,87.08,87.36,65266056
20230110,87.57,90.185,87.29,89.87,67756601
20230111,90.93,95.26,90.93,95.09,103126183
20230112,96.93,97.19,93.5,95.27,85254781
20230113,94.18,98.37,94.12,98.12,85549432
20230117,98.68,98.89,95.73,96.05,72755001
20230118,97.25,99.32,95.38,95.46,79570370
20230119,94.74,95.44,92.86,93.68,69002663
20230120,93.86,97.354,93.2025,97.25,67481539
20230123,97.56,97.78,95.86,97.52,76501103
20230124,96.93,98.09,96.0,96.32,66929452
20230125,92.56,97.24,91.52,97.18,94261570
20230126,98.235,99.49,96.92,99.22,68523557
20230127,99.53,103.485,99.53,102.24,87775614
20230130,101.09,101.74,99.01,100.55,70691860
20230131,101.155,103.3484,101.14,103.13,66527253
20230201,102.53,106.24,101.24,105.15,80450121
20230202,110.245,114.0,108.88,112.91,158154243
20230203,105.26,108.78,102.52,103.39,144374828
20230206,102.925,103.9484,100.65,102.18,81945199
20230207,101.17,102.41,98.08,102.11,119501301
20230208,102.04,102.6699,98.775,100.05,75878304
20230209,101.32,101.78,97.57,98.24,64622489
20230210,97.56,98.8163,96.23,97.61,52740133
20230213,97.85,99.68,96.91,99.54,52841464
20230214,98.41,100.9207,97.52,99.7,56202898
20230215,99.09,101.17,98.45,101.16,48053879
20230216,99.21,100.63,98.1,98.15,56339173
20230217,97.8,97.94,95.65,97.2,60029405
20230221,95.335,95.605,94.27,94.58,56580360
20230222,95.1,97.01,94.8,95.79,59534094
20230223,96.12,96.43,93.67,95.82,48466994
20230224,93.53,94.14,92.3186,93.5,57053812
20230227,94.28,94.78,93.14,93.76,47470321
20230228,93.14,94.69,92.92,94.23,43959290
20230301,93.87,94.68,91.59,92.17,52299524
20230302,91.41,92.23,90.39,92.13,55574820
20230303,92.74,94.94,92.66,94.9,55759609
20230306,95.19,96.545,93.74,93.75,52112355
20230307,94.06,95.09,92.78,93.55,49100668
20230308,93.6,94.165,92.18,93.92,44899128
20230309,93.68,96.21,92.18,92.25,56218705
20230310,92.67,93.57,90.245,90.73,69827490
20230313,89.97,94.02,88.12,92.43,72397053
20230314,93.83,95.07,92.71,94.88,60912674
20230315,93.22,96.67,93.07,96.2,70731792
20230316,95.75,100.99,95.61,100.04,84558934
20230317,99.79,100.66,97.455,98.95,87300242
20230320,98.41,98.48,95.7,97.71,62388911
20230321,98.14,100.845,98.0,100.61,58597275
20230322,100.45,102.1,98.61,98.7,57475365
20230323,100.43,101.06,97.62,98.71,57559310
20230324,98.065,98.3,96.4,98.13,56144801
20230327,99.07,99.34,97.08,98.04,46721296
20230328,98.11,98.44,96.29,97.24,38720050
20230329,98.69,100.4218,98.56,100.25,49783279
20230330,101.55,103.04,101.01,102.0,53633398
20230331,102.16,103.49,101.95,103.29,56750317
20230403,102.3,103.29,101.43,102.41,41135733
20230404,102.75,104.2,102.11,103.95,48662496
20230405,103.91,103.91,100.7506,101.1,45175393
20230406,100.75,102.3817,99.8008,102.06,43808020
20230410,100.96,102.2,99.57,102.17,37261185
20230411,100.8,101.0,99.01,99.92,60417847
20230412,100.4,100.51,97.705,97.83,56735007
20230413,98.95,102.57,98.71,102.4,67925138
20230414,102.07,103.2013,101.11,102.51,51450522
20230417,103.16,103.73,101.59,102.74,39919457
20230418,103.95,104.2,101.52,102.3,39790518
20230419,101.58,105.12,101.39,104.3,58398890
20230420,103.53,105.25,103.21,103.81,57696866
20230421,106.1,108.15,105.08,106.96,86774185
20230424,107.655,109.23,105.07,106.21,69575610
20230425,104.91,105.45,102.45,102.57,65026818
20230426,105.04,106.62,104.1,104.98,73803790
20230427,108.16,110.86,106.8,109.82,149961167
20230428,107.73,109.48,104.33,105.45,130715946
20230501,104.95,105.23,101.82,102.05,74728096
20230502,101.47,103.9,101.15,103.63,73469350
20230503,103.735,105.96,103.28,103.65,65051925
20230504,104.04,105.39,103.3117,104.0,45345523
20230505,104.27,105.76,103.55,105.655,56951744
20230508,105.04,106.095,104.7001,105.83,49430909
20230509,105.48,106.79,105.1567,106.62,44089359
20230510,108.1,110.67,108.05,110.19,78627616
20230511,111.03,113.28,110.49,112.18,74924841
20230512,112.16,112.64,109.3185,110.26,49852671
20230515,111.15,112.29,109.25,111.2,53011145
20230516,111.05,114.7899,111.05,113.4,71472908
20230517,114.89,115.83,114.22,115.5,65655177
20230518,116.69,118.6,116.335,118.15,73174087
20230519,118.16,118.31,115.7,116.25,55056307
20230522,116.77,116.77,114.25,115.01,70741123
20230523,114.27,117.14,113.78,114.99,67576262
20230524,115.35,117.34,115.02,116.75,63487938
20230525,116.63,116.87,114.31,115.0,66496681
20230526,116.04,121.5,116.02,120.11,96779889
20230530,122.37,122.92,119.855,121.66,64314808
20230531,121.45,122.04,119.17,120.58,72800787
20230601,120.69,123.49,119.93,122.77,54375131
20230602,124.92,126.39,124.015,124.25,61264414
20230605,123.36,125.8,123.03,125.3,47950128
20230606,125.07,127.4,125.0,126.61,45695212
20230607,127.01,127.365,120.63,121.23,95663275
20230608,123.01,125.625,122.2579,124.25,62159270
20230609,124.08,125.8,123.19,123.43,51396018
20230612,124.02,126.78,123.53,126.57,51473376
20230613,128.12,128.41,125.18,126.66,50564785
20230614,126.7,126.95,124.12,126.42,52422463
20230615,125.21,127.69,124.32,127.11,60458471
20230616,127.71,127.9,125.3,125.49,84247104
20230620,124.97,127.25,124.5,125.78,56930122
20230621,125.64,126.73,123.85,124.83,52137670
20230622,125.31,130.33,125.14,130.15,90354572
20230623,129.11,130.84,128.28,129.33,71927776
20230626,129.33,131.49,127.1,127.33,59989317
20230627,128.63,130.085,127.55,129.18,46801008
20230628,128.94,131.48,128.44,129.04,52149512
20230629,128.77,129.26,127.255,127.9,40760959
20230630,129.47,131.245,128.95,130.36,54350684
20230703,130.82,131.85,130.065,130.22,28264785
20230705,130.24,131.4,129.64,130.38,35895409
20230706,128.25,128.73,127.37,128.36,40697848
20230707,128.59,130.97,128.1294,129.78,41992251
20230710,129.07,129.28,125.915,127.13,61889289
20230711,127.75,129.77,127.35,128.78,49951460
20230712,130.31,131.26,128.83,130.8,54022847
20230713,134.04,134.67,132.71,134.3,61170883
20230714,134.06,136.65,134.06,134.68,54487090
20230717,134.56,135.62,133.21,133.56,48450198
20230718,132.71,133.86,131.355,132.83,54969133
20230719,133.39,135.99,132.53,135.36,54531037
20230720,134.07,134.7915,129.33,129.96,59820579
20230721,131.34,131.37,128.415,130.0,133307294
20230724,130.305,131.66,128.35,128.8,45671535
20230725,129.31,129.58,128.53,129.13,39236663
20230726,126.51,129.08,126.11,128.15,53910087
20230727,131.0,132.63,127.79,128.25,52610661
20230728,129.69,133.01,129.33,132.21,46317381
20230731,133.2,133.87,132.38,133.68,41901516
20230801,133.55,133.69,131.6199,131.69,42298925
20230802,130.154,130.23,126.82,128.21,51027614
20230803,127.48,129.84,126.41,128.91,91163736
20230804,141.06,143.63,139.32,139.57,153128470
20230807,140.99,142.54,138.95,142.22,71213112
20230808,140.62,140.84,138.42,139.94,51710497
20230809,139.97,140.32,137.1,137.85,50017349
20230810,139.075,140.41,137.49,138.56,58928402
20230811,137.4,139.33,137.0,138.41,42905833
20230814,138.3,140.59,137.75,140.57,47148699
20230815,140.05,141.2778,137.23,137.67,42781521
20230816,137.19,137.27,135.01,135.07,41675903
20230817,135.46,136.085,133.53,133.98,48354085
20230818,131.62,134.065,131.15,133.22,48497698
20230821,133.74,135.185,132.71,134.68,41442483
20230822,135.08,135.65,133.73,134.25,32935104
20230823,134.5,135.95,133.22,135.52,42801043
20230824,136.4,136.775,131.83,131.84,43646250
20230825,132.47,133.87,130.58,133.26,44147451
20230828,133.78,133.95,131.85,133.14,34108410
20230829,133.38,135.14,133.25,134.91,38646093
20230830,134.93,135.68,133.92,135.07,36137015
20230831,135.06,138.7885,135.0,138.01,58781314
20230901,139.455,139.96,136.875,138.12,40991536
20230905,137.73,137.8,135.82,137.27,40636738
20230906,136.32,137.45,134.61,135.36,41785507
20230907,133.9,138.03,133.16,137.85,48498912
20230908,136.86,138.8519,136.75,138.23,38365929
20230911,138.75,143.62,138.64,143.1,56764525
20230912,142.32,143.0,140.61,141.23,42668452
20230913,140.95,144.98,140.865,144.85,60465175
20230914,145.08,145.86,142.95,144.72,64033607
20230915,142.69,143.57,140.09,140.39,102909327
20230918,140.48,141.75,139.22,139.98,42823480
20230919,138.7,138.84,135.56,137.63,61482470
20230920,138.55,139.37,135.2,135.29,46263716
20230921,131.94,132.24,129.31,129.33,70343342
20230922,131.11,132.03,128.52,129.12,59904348
20230925,129.36,131.78,128.77,131.27,46017825
20230926,130.12,130.39,125.28,125.98,73048207
20230927,125.76,127.48,124.13,125.98,66553449
20230928,124.04,126.5801,123.04,125.98,54554968
20230929,128.2,129.15,126.32,127.12,62411730
20231002,127.28,130.47,126.54,129.46,48029744
20231003,128.06,128.52,124.2544,124.72,51564991
20231004,126.06,127.36,125.68,127.0,44203870
20231005,126.71,126.73,124.33,125.96,39660643
20231006,124.16,128.45,124.13,127.96,46836698
20231009,126.22,128.79,124.76,128.26,38773738
20231010,128.82,130.74,128.05,129.48,42178619
20231011,129.74,132.05,129.61,131.83,40741842
20231012,132.17,134.48,131.23,132.33,55528581
20231013,132.98,133.3145,128.95,129.79,45824685
20231016,130.69,133.07,130.425,132.55,42832918
20231017,130.39,132.58,128.71,131.47,49344550
20231018,129.9,130.6699,127.51,128.13,42699479
20231019,130.565,132.24,127.47,128.4,60961355
20231020,128.05,128.17,124.97,125.17,56406410
20231023,124.63,127.88,123.98,126.56,48259953
20231024,127.74,128.8,126.34,128.56,46477355
20231025,126.04,126.34,120.79,121.39,74577544
20231026,120.63,121.6393,118.35,119.57,100419516
20231027,126.2,130.02,125.52,127.74,125309313
20231030,129.72,133.0,128.56,132.71,72485542
20231031,132.75,133.57,131.71,133.09,51589380
20231101,133.96,137.35,133.71,137.0,61529409
20231102,138.73,138.81,136.47,138.07,52236693
20231103,138.99,139.49,137.45,138.6,44059805
20231106,138.76,140.73,138.36,139.74,44970417
20231107,140.55,143.37,140.5,142.71,53553537
20231108,142.97,143.12,141.2183,142.08,44521658
20231109,142.02,142.65,139.84,140.6,36235367
20231110,140.46,143.65,139.91,143.56,49349937
20231113,142.08,143.23,140.67,142.59,35680570
20231114,145.0,147.26,144.68,145.8,56674551
20231115,147.06,147.29,142.59,143.2,63875720
20231116,140.91,143.32,139.52,142.83,49653512
20231117,142.66,145.23,142.545,145.18,49678437
20231120,145.13,146.63,144.725,146.13,41978766
20231121,143.91,144.05,141.5,143.9,71225992
20231122,144.57,147.74,144.57,146.71,45700002
20231124,146.7,147.2,145.32,146.74,22378379
20231127,147.53,149.26,146.88,147.73,53762428
20231128,146.98,147.5999,145.53,147.03,42711682
20231129,147.85,148.54,145.97,146.32,40610907
20231130,144.76,146.93,144.332,146.09,65814022
20231201,146.0,147.245,145.55,147.03,39951833
20231204,145.25,145.35,142.81,144.84,48294244
20231205,143.55,148.57,143.13,146.88,46822411
20231206,147.58,147.85,144.28,144.52,39678960
20231207,146.15,147.92,145.34,146.88,52352830
20231208,145.48,147.84,145.4,147.42,41905965
20231211,145.66,146.19,143.64,145.89,50907288
20231212,145.52,147.5,145.3,147.48,44944264
20231213,148.12,149.46,146.82,148.84,52766196
20231214,149.93,150.54,145.52,147.42,58400848
20231215,148.38,150.57,147.88,149.97,110089342
20231218,150.56,154.855,150.05,154.07,62512828
20231219,154.4,155.12,152.69,153.79,43171292
20231220,152.9,155.63,151.56,152.12,50322106
20231221,153.3,153.97,152.1,153.84,36305733
20231222,153.77,154.35,152.71,153.42,29514093
20231226,153.56,153.975,153.03,153.41,25067222
20231227,153.56,154.78,153.12,153.34,31434733
20231228,153.72,154.08,152.95,153.38,27057002
20231229,153.1,153.89,151.03,151.94,39823204
20240102,151.54,152.38,148.39,149.93,47339424
20240103,149.2,151.05,148.33,148.47,49425495
20240104,145.59,147.38,144.05,144.57,56039807
20240105,144.69,146.59,144.53,145.24,45153147
20240108,146.74,149.4,146.15,149.1,46757053
20240109,148.33,151.71,148.21,151.37,43812567
20240110,152.06,154.42,151.881,153.73,44421830
20240111,155.04,157.17,153.12,155.18,49072691
20240112,155.39,156.2,154.01,154.62,40484155
20240116,153.53,154.99,152.15,153.16,41384636
20240117,151.49,152.15,149.91,151.71,34953363
20240118,152.77,153.775,151.82,153.5,37850245
20240119,153.83,155.76,152.74,155.34,51651628
20240122,156.89,157.05,153.9,154.78,43687468
20240123,154.85,156.21,153.93,156.02,37986039
20240124,157.8,158.51,156.48,156.87,48547315
20240125,156.95,158.505,154.5501,157.75,43638592
20240126,158.42,160.72,157.91,159.12,51047353
20240129,159.34,161.29,158.9,161.26,45270385
20240130,160.7,161.73,158.49,159.0,45207430
20240131,157.0,159.01,154.81,155.2,50284371
20240201,155.87,159.76,155.62,159.28,76542419
20240202,169.19,172.5,167.33,171.81,117218313
20240205,170.2,170.55,167.7,170.31,55081297
20240206,169.39,170.71,167.65,169.15,42505518
20240207,169.48,170.88,168.94,170.53,47174060
20240208,169.65,171.43,168.88,169.84,42316454
20240209,170.9,175.0,170.5803,174.45,56985986
20240212,174.8,175.39,171.54,172.34,51050440
20240213,167.73,170.95,165.75,168.64,56345122
20240214,169.21,171.21,168.28,170.98,42815544
20240215,170.58,171.17,167.59,169.8,49855196
20240216,168.74,170.42,167.17,169.51,48107744
20240220,167.83,168.71,165.74,167.08,41980326
20240221,168.94,170.23,167.14,168.59,44575623
20240222,173.1,174.8,171.77,174.58,55392354
20240223,174.28,175.75,173.7,174.99,59715243
20240226,175.7,176.37,174.26,174.73,44368614
20240227,174.075,174.62,172.86,173.54,31141732
20240228,172.44,174.05,172.27,173.16,28180482
20240229,173.01,177.22,172.85,176.76,53805359
20240301,176.75,178.725,176.07,178.22,31981152
20240304,177.53,180.14,177.49,177.58,37381520
20240305,176.93,176.93,173.303,174.12,37228343
20240306,175.54,176.46,173.26,173.51,32090926
20240307,174.83,177.99,173.72,176.82,34063283
20240308,176.44,178.785,174.33,175.35,37893242
20240311,174.31,174.47,171.47,171.96,28484777
20240312,173.5,176.76,171.98,175.39,36610604
20240313,175.9,177.62,175.55,176.555,30772600
20240314,177.69,179.53,176.465,178.75,43705840
20240315,176.64,177.93,173.9,174.42,72147390
20240318,175.8,176.69,174.28,174.48,31250688
20240319,174.215,176.09,173.52,175.9,26880893
20240320,176.14,178.53,174.64,178.15,29947150
20240321,179.988,181.415,178.15,178.15,32824320
20240322,177.752,179.255,176.75,178.87,27995378
20240325,178.01,180.99,177.24,179.71,29815464
20240326,180.15,180.45,177.95,178.3,29658982
20240327,179.88,180.0,177.3099,179.83,33272551
20240328,180.17,181.7,179.26,180.38,38051588
20240401,180.79,183.0,179.95,180.97,29174521
20240402,179.07,180.79,178.3762,180.69,32611546
20240403,179.9,182.87,179.8,182.41,31046638
20240404,184.0,185.1,180.0,180.0,41624261
20240405,182.38,186.27,181.97,185.07,42373992
20240408,186.9,187.29,184.81,185.19,39221282
20240409,187.24,187.34,184.2,185.67,36546946
20240410,182.765,186.2699,182.67,185.95,35879151
20240411,186.74,189.77,185.51,189.05,40020742
20240412,187.72,188.38,185.08,186.13,38608849
20240415,187.425,188.69,183.0,183.62,48052395
20240416,183.27,184.83,182.26,183.32,32891265
20240417,184.31,184.57,179.82,181.28,31359673
20240418,181.47,182.39,178.65,179.22,30723793
20240419,178.74,179.0,173.44,174.63,56000729
20240422,176.94,178.87,174.56,177.23,37924890
20240423,178.08,179.93,175.975,179.54,37046519
20240424,179.94,180.323,176.18,176.59,34185109
20240425,169.68,173.92,166.32,173.67,49249390
20240426,177.795,180.82,176.13,179.62,43919765
20240429,182.75,183.53,179.39,180.96,54063937
20240430,181.09,182.99,174.8,175.0,94639786
20240501,181.635,185.15,176.56,179.0,94645148
20240502,180.85,185.1,179.91,184.72,54303510
20240503,186.99,187.87,185.42,186.21,39172004
20240506,186.28,188.745,184.8,188.7,34725295
20240507,188.92,189.94,187.305,188.76,34048902
20240508,187.44,188.43,186.385,188.0,26136350
20240509,188.88,191.7,187.44,189.5,43368377
20240510,189.16,189.892,186.93,187.48,34141771
20240513,188.0,188.31,185.36,186.57,24898613
20240514,183.82,187.72,183.45,187.07,38698155
20240515,185.97,186.7193,182.73,185.99,75459927
20240516,185.6,187.31,183.46,183.63,38834450
20240517,183.76,185.3,183.35,184.7,33175655
20240520,184.34,186.665,183.28,183.54,30511768
20240521,182.3,183.26,180.75,183.15,50839129
20240522,183.88,185.22,181.9715,183.13,28148784
20240523,183.66,184.76,180.08,181.05,33670173
20240524,181.65,182.435,180.3,180.75,27471640
20240528,179.93,182.24,179.49,182.15,29926963
20240529,181.7,184.08,181.55,182.02,32009294
20240530,181.31,181.34,178.355,179.32,29249229
20240531,178.3,179.21,173.87,176.44,58903939
20240603,177.7,178.7,175.92,178.34,30786640
20240604,177.64,179.82,176.44,179.34,27198388
20240605,180.1,181.5,178.75,181.28,32116394
20240606,181.745,185.0,181.49,185.0,31371151
20240607,184.9,186.2888,183.36,184.3,28021473
20240610,184.07,187.23,183.79,187.06,34494498
20240611,187.06,187.77,184.5373,187.23,27265108
20240612,188.015,188.35,185.43,186.89,33984216
20240613,186.09,187.67,182.666,183.83,39721545
20240614,183.08,183.72,182.23,183.66,25456410
20240617,182.52,185.0,181.22,184.06,35601907
20240618,183.735,184.29,181.43,182.81,36659157
20240620,182.91,186.51,182.72,186.1,44726779
20240621,187.8,189.275,185.86,189.08,72931754
20240624,189.33,191.0,185.33,185.57,50610379
20240625,186.81,188.84,185.42,186.34,45898475
20240626,186.92,194.8,186.26,193.61,65103893
20240627,195.005,199.84,194.2,197.85,74397491
20240628,197.73,198.85,192.5,193.25,76930192
20240701,193.49,198.2957,192.82,197.2,41192011
20240702,197.28,200.43,195.93,200.0,45600013
20240703,199.94,200.029,196.7601,197.59,31597926
20240705,198.65,200.55,198.17,200.0,39858885
20240708,200.04,201.2,197.96,199.29,34767261
20240709,199.4,200.57,199.045,199.34,32756736
20240710,199.995,200.11,197.69,199.79,32883753
20240711,200.09,200.2699,192.86,195.05,44565041
20240712,194.8,196.47,193.8301,194.49,30598525
20240715,194.56,196.19,190.83,192.72,40683227
20240716,195.59,196.62,192.24,193.02,33994714
20240717,191.35,191.58,185.99,187.93,48076139
20240718,189.59,189.68,181.448,183.75,51043626
20240719,181.14,184.93,180.11,183.13,43081829
20240722,185.0,185.06,182.48,182.55,39931923
20240723,184.1,189.39,183.56,186.41,47537670
20240724,183.2,185.45,180.41,180.83,41532360
20240725,182.91,183.8958,176.8,179.85,44464163
20240726,180.39,183.19,180.24,182.5,29505964
20240729,183.84,184.75,182.38,183.2,33270123
20240730,184.72,185.86,179.38,181.71,39508574
20240731,185.05,187.94,184.46,186.98,41667326
20240801,189.285,190.6,181.87,184.07,70435635
20240802,166.75,168.77,160.55,167.9,141448365
20240805,154.21,162.96,151.61,161.02,83149437
20240806,161.71,165.08,158.5404,161.93,59950830
20240807,166.55,167.58,161.43,162.77,48408240
20240808,165.165,166.6899,162.55,165.8,44616206
20240809,166.4,168.55,165.85,166.94,36401049
20240812,168.14,168.55,166.1101,166.8,30072788
20240813,167.81,171.04,167.1,170.23,39237915
20240814,172.11,172.28,168.86,170.1,28843804
20240815,174.86,177.91,173.99,177.59,51698513
20240816,177.04,178.34,176.2601,177.06,31489175
20240819,177.64,178.3,176.16,178.22,31129807
20240820,177.92,179.01,177.4308,178.88,26255204
20240821,179.92,182.385,178.8937,180.11,35599120
20240822,181.38,181.47,175.68,176.13,32047482
20240823,177.34,178.9699,175.24,177.04,29150091
20240826,176.7,177.4682,174.3,175.5,22366236
20240827,174.15,174.89,172.25,173.12,29841979
20240828,173.69,173.69,168.92,170.8,29045025
20240829,173.22,174.29,170.81,172.12,26407815
20240830,172.78,178.9,172.6,178.5,43429355
20240903,177.55,178.26,175.26,176.25,37817511
20240904,174.48,175.98,172.54,173.33,30309225
20240905,175.0,179.875,174.995,177.89,40170526
20240906,177.24,178.38,171.16,171.39,41466537
20240909,174.53,175.85,173.51,175.4,29037362
20240910,177.49,180.5,176.79,179.55,36233796
20240911,180.095,184.99,175.73,184.52,42564698
20240912,184.8,187.41,183.54,187.0,33622483
20240913,187.0,188.5,185.91,186.49,26495351
20240916,185.29,185.81,183.36,184.89,26065485
20240917,186.85,189.45,186.14,186.88,26091682
20240918,186.45,188.8,185.06,186.43,34448130
20240919,190.04,190.99,188.47,189.87,39543168
20240920,190.23,191.84,187.41,191.6,100378553
20240923,191.64,194.45,190.57,193.88,36993111
20240924,194.27,195.37,190.13,193.96,43478926
20240925,193.75,193.9498,192.16,192.53,26391144
20240926,194.31,194.53,189.54,191.16,36334854
20240927,190.68,190.9,187.34,187.97,36002316
20240930,187.14,188.49,184.65,186.33,41680400
20241001,184.9,186.19,183.4519,185.13,36044906
20241002,184.44,186.6,184.04,184.76,23704056
20241003,183.045,183.44,180.875,181.96,30204302
20241004,185.75,187.6,183.6,186.51,41079011
20241007,182.95,183.6,180.25,180.8,42364201
20241008,181.915,183.09,180.92,182.72,26372086
20241009,182.82,185.845,182.05,185.17,26343117
20241010,187.13,188.134,185.83,186.65,27785043
20241011,186.63,189.9284,186.3,188.82,25751557
20241014,189.78,189.83,187.36,187.54,22614407
20241015,187.63,188.41,184.58,187.69,32178925
20241016,187.05,187.78,185.61,186.89,23456812
20241017,188.22,188.94,186.0,187.53,25039414
20241018,187.15,190.74,186.28,188.99,37417670
20241021,188.05,189.46,186.4,189.07,24639393
20241022,188.35,191.5201,186.975,189.7,29650593
20241023,188.85,189.16,183.69,184.71,31937089
20241024,185.25,187.11,183.86,186.38,21647395
20241025,187.85,190.45,187.53,187.83,29362060
20241028,189.565,190.21,188.21,188.39,27930836
20241029,188.58,191.4599,187.815,190.83,35690158
20241030,194.695,195.61,192.42,192.73,37707550
20241031,190.51,190.6,185.23,186.4,75146759
20241101,199.0,200.5,197.02,197.93,99687847
20241104,196.45,197.33,194.3101,195.78,38492062
20241105,196.04,199.82,195.99,199.5,30564784
20241106,200.01,207.55,199.14,207.09,72292167
20241107,207.44,212.25,207.19,210.05,52878383
20241108,209.72,209.9633,207.44,208.18,36075846
20241111,208.5,209.65,205.59,206.84,35456012
20241112,208.37,209.54,206.01,208.91,38942918
20241113,209.4,215.09,209.14,214.1,46212943
20241114,214.16,215.9,210.88,211.48,42620309
20241115,206.76,207.34,199.61,202.61,86591144
20241118,204.15,204.67,200.95,201.7,36512465
20241119,199.33,205.3,198.78,204.61,31197867
20241120,202.98,203.13,199.45,202.88,32768989
20241121,203.49,203.49,195.75,198.38,58800042
20241122,198.25,199.2599,196.75,197.12,31530844
20241125,199.28,201.9499,199.0,201.45,40685672
20241126,201.9,208.0,201.79,207.86,41673737
20241127,206.98,207.64,205.05,205.74,28061638
20241129,205.83,208.2,204.59,207.89,24892447
20241202,209.96,212.99,209.5101,210.71,39523185
20241203,210.31,214.02,209.65,213.44,32214828
20241204,215.96,220.0,215.75,218.16,48745716
20241205,218.03,222.15,217.3,220.55,41140220
20241206,220.75,227.15,220.6,227.03,44178069
20241209,227.21,230.08,225.67,226.09,46819363
20241210,226.09,229.06,224.2002,225.04,31199864
20241211,226.41,231.2,226.26,230.26,35385785
20241212,229.83,231.09,227.63,228.97,28204084
20241213,228.4,230.2,225.8608,227.46,28768080
20241216,230.23,233.0,228.01,232.93,37552096
20241217,232.39,232.73,227.85,231.15,35948131
20241218,230.77,231.3999,220.11,220.52,43281443
20241219,224.91,226.09,222.92,223.29,39918739
20241220,219.84,226.21,218.73,224.92,88279184
20241223,225.01,226.88,223.9,225.06,28070007
20241224,226.94,229.14,226.13,229.05,15007497
20241226,228.5,228.5,226.6706,227.05,16174500
20241227,225.6,226.03,220.9,223.75,27367147
20241230,220.06,222.9972,218.43,221.3,28321240
20241231,222.965,223.2299,218.94,219.39,24819655
20250102,222.03,225.15,218.19,220.22,33956579
20250103,222.505,225.36,221.62,224.19,27515606
20250106,226.78,228.835,224.84,227.61,31849831
20250107,227.9,228.381,221.46,222.11,28084164
20250108,223.185,223.52,220.2,222.13,25033292
20250110,221.46,221.71,216.5,218.94,36811525
20250113,218.06,219.4,216.47,218.46,27262655
20250114,220.44,221.82,216.2,217.76,24711650
20250115,222.83,223.57,220.75,223.35,31291257
20250116,224.42,224.65,220.31,220.66,24757276
20250117,225.84,226.51,223.08,225.94,42370123
20250121,228.9,231.78,226.94,230.71,39951456
20250122,232.02,235.44,231.19,235.01,41448217
20250123,234.1,235.52,231.51,235.42,26404364
20250124,234.5,236.4,232.93,234.85,25890738
20250127,226.21,235.61,225.86,235.42,49428332
20250128,234.29,241.77,233.98,238.15,41587188
20250129,239.015,240.39,236.15,237.07,26091716
20250130,237.14,237.95,232.22,234.64,32020728
20250131,236.5,240.29,236.41,237.68,36162377
20250203,234.06,239.25,232.9,237.42,37285868
20250204,239.01,242.52,238.03,242.06,29713812
20250205,237.02,238.32,235.2,236.17,38832042
20250206,238.01,239.6599,236.01,238.83,60897095
20250207,232.5,234.81,228.06,229.15,77539276
20250210,230.545,233.92,229.2,233.14,35419926
20250211,231.92,233.44,230.13,232.76,23713726
20250212,230.46,231.18,228.16,228.93,32285249
20250213,228.85,230.42,227.52,230.37,31346512
20250214,229.2,229.89,227.23,228.68,27031084
20250218,228.82,229.3,223.72,226.65,42975133
20250219,225.52,226.83,223.71,226.63,28566709
20250220,224.775,225.13,221.81,222.88,30001665
20250221,223.28,223.31,214.74,216.58,55323850
20250224,217.45,217.715,212.42,212.71,42387585
20250225,211.63,213.34,204.16,212.8,58957977
20250226,214.94,218.16,213.09,214.35,39120603
20250227,218.35,219.97,208.37,208.74,40548571
20250228,208.65,212.62,206.99,212.28,51771737
20250303,213.352,214.01,202.55,205.02,42948447
20250304,200.11,206.8,197.432,203.8,60853084
20250305,204.8,209.98,203.26,208.36,38610085
20250306,204.4,205.77,198.3015,200.7,49863755
20250307,199.49,202.2653,192.53,199.25,59802821
20250310,195.6,196.73,190.85,194.54,62350926
20250311,193.9,200.18,193.4,196.59,54002880
20250312,200.72,201.52,195.29,198.89,43679284
20250313,198.165,198.8799,191.82,193.89,41270761
20250314,197.41,198.65,195.32,197.95,38096663
20250317,198.77,199.0,194.3247,195.74,47341752
20250318,192.52,194.0,189.38,192.82,40414867
20250319,193.38,195.965,191.96,195.54,39442878
20250320,193.07,199.32,192.3,194.95,38921113
20250321,192.9,196.99,192.52,196.21,60056917
20250324,200.0,203.64,199.95,203.26,41625365
20250325,203.595,206.21,203.22,205.71,31171161
20250326,205.835,206.01,199.925,201.13,32990973
20250327,200.89,203.79,199.2821,201.36,27317661
20250328,198.42,199.26,191.881,192.72,52548226
20250331,188.19,191.33,184.4,190.26,63547558
20250401,187.86,193.93,187.2,192.17,41267315
20250402,187.66,198.34,187.66,196.01,53679198
20250403,182.995,184.13,176.92,178.41,95553617
20250404,167.145,178.1436,166.0,171.0,123159359
20250407,162.0,183.4099,161.38,175.26,109327115
20250408,185.23,185.9,168.57,170.66,87710360
20250409,172.115,192.65,169.93,191.1,116804328
20250410,185.44,186.8692,175.8518,181.22,68302045
20250411,179.93,185.86,178.0,184.87,50594339
20250414,186.84,187.44,179.23,182.12,48002540
20250415,181.41,182.35,177.9331,179.59,43641952
20250416,176.29,179.1046,171.41,174.33,51875316
20250417,176.0,176.21,172.0,172.61,44726453
20250421,169.6,169.6,165.285,167.32,48126111
20250422,169.845,176.78,169.35,173.18,56607202
20250423,183.45,187.38,180.19,180.6,63470149
20250424,180.915,186.74,180.18,186.54,43763196
20250425,187.62,189.94,185.49,188.99,36414330
20250428,190.105,190.22,184.885,187.7,33224732
20250429,183.99,188.0158,183.68,187.39,41667255
20250430,182.17,185.05,178.85,184.42,55176543
20250501,190.63,191.8071,187.5,190.2,74265963
20250502,191.435,192.88,186.4,189.98,77903487
20250505,186.51,188.18,185.53,186.35,35217469
20250506,184.57,187.93,183.85,185.01,29314055
20250507,185.56,190.99,185.01,188.71,44002926
20250508,191.43,194.33,188.82,192.08,41043620
20250509,193.375,194.69,191.16,193.06,29663143
20250512,210.71,211.66,205.75,208.64,75205042
20250513,211.08,214.84,210.1,211.37,56193682
20250514,211.45,211.93,208.85,210.25,38492128
20250515,206.45,206.88,202.673,205.17,64347317
20250516,206.85,206.85,204.374,205.59,43318478
20250519,201.645,206.62,201.26,206.16,34314810
20250520,204.628,205.5899,202.65,204.07,29470373
20250521,201.61,203.455,200.06,201.12,42460924
20250522,201.38,205.76,200.16,203.1,38938882
20250523,198.9,202.37,197.85,200.99,33393545
20250527,203.085,206.69,202.19,206.02,34892044
20250528,205.915,207.66,204.41,204.72,28549753
20250529,208.025,208.81,204.23,205.7,34700005
20250530,204.84,205.99,201.695,205.01,51679406
20250602,204.98,207.0,202.68,206.65,29113319
20250603,207.105,208.9469,205.03,205.71,33139121
20250604,206.55,208.18,205.18,207.23,29915592
20250605,209.55,212.81,207.56,207.91,51979243
20250606,212.4,213.8699,210.5,213.57,39832500
20250609,214.75,217.85,212.88,216.98,38102502
20250610,216.78,217.69,214.15,217.61,31303317
20250611,217.41,218.4,212.89,213.2,39325981
20250612,211.78,213.58,211.33,213.24,27639991
20250613,209.96,214.05,209.62,212.1,29337763
20250616,212.31,217.06,211.6,216.1,33284158
20250617,215.195,217.41,214.56,214.82,32086262
20250618,215.09,217.96,212.34,212.52,44360509
20250620,214.68,214.89,208.2709,209.69,75350733
20250623,209.79,210.39,207.3101,208.47,37311725
20250624,212.135,214.34,211.045,212.77,38378757
20250625,214.615,216.03,211.11,211.99,31755698
20250626,213.12,218.035,212.01,217.12,50480814
20250627,219.92,223.3,216.74,223.3,119217138
20250630,223.52,223.82,219.12,219.39,58887780
20250701,219.5,221.875,217.93,220.46,39256830
20250702,219.73,221.6,219.06,219.92,30894178
20250703,221.82,224.01,221.36,223.41,29632353
20250707,223.0,224.29,222.37,223.47,36604139
20250708,223.915,224.0,218.43,219.36,45691987
20250709,221.07,224.29,220.47,222.54,38155121
20250710,221.55,222.79,219.7,222.26,30370591
20250711,223.58,226.6799,222.37,225.02,50518307
20250714,225.07,226.66,224.24,225.69,35702597
20250715,226.2,227.27,225.455,226.35,34907294
20250716,225.875,226.1,222.18,223.19,39535926
20250717,223.32,224.5,222.51,223.88,31855831
20250718,225.14,226.4,222.98,226.13,37833807
20250721,225.835,229.69,225.65,229.3,40297556
20250722,229.68,230.0,226.35,227.47,37483702
20250723,228.47,228.79,227.09,228.29,28294852
20250724,229.17,236.0,228.64,232.23,42902266
20250725,232.22,232.48,231.18,231.44,28712095
20250728,233.35,234.29,232.25,232.79,26300138
20250729,234.15,234.72,230.31,231.01,33716220
20250730,231.64,231.8,229.29,230.19,32993273
20250731,235.77,236.53,231.4,234.11,104357263
20250801,217.21,220.4399,212.8,214.75,122258801
20250804,217.4,217.44,211.42,211.65,77890146
20250805,213.05,216.3,212.87,213.75,51505121
20250806,214.695,222.65,213.7409,222.31,54823045
20250807,221.0,226.22,220.82,223.13,40603513
20250808,223.14,223.8,221.8836,222.69,32970477
20250811,221.78,223.05,220.4,221.3,31646222
20250812,222.23,223.5,219.05,221.47,37254707
20250813,222.0,224.9185,222.0,224.56,36508335
20250814,227.4,233.11,227.02,230.98,61545824
20250815,232.58,234.08,229.807,231.03,39649244
20250818,230.225,231.91,228.33,231.49,25248890
20250819,230.09,230.5283,227.12,228.01,29891012
20250820,227.12,227.27,220.915,223.81,36604319
20250821,222.65,222.78,220.5,221.95,32140459
20250822,222.79,229.14,220.82,228.84,37315341
20250825,227.35,229.6,227.31,227.94,22633695
20250826,227.11,229.0,226.02,228.71,26105373
20250827,228.57,229.87,227.81,229.12,21254479
20250828,229.005,232.71,228.02,231.6,33679585
20250829,231.32,231.8125,228.16,229.0,26199170
20250902,223.52,226.17,221.83,225.34,38843883
20250903,225.21,227.1699,224.36,225.99,29223134
20250904,231.185,235.77,230.78,235.68,59391779
20250905,235.19,236.0,231.93,232.33,36721802
20250908,234.94,237.6,233.75,235.84,33947104
20250909,236.355,238.85,235.08,238.24,27033778
20250910,237.515,237.68,229.0962,230.33,60907714
20250911,231.49,231.53,229.3377,229.95,37485598
20250912,230.35,230.79,226.29,228.15,38496218
20250915,230.625,233.73,230.32,231.43,33243328
20250916,232.935,235.9,232.23,234.05,38203912
20250917,233.77,234.3,228.71,231.62,42815230
20250918,232.5,233.48,228.79,231.23,37931738
20250919,232.37,234.16,229.7,231.48,97943172
20250922,230.56,230.565,227.51,227.63,45914506
20250923,227.83,227.86,220.07,220.71,70956193
20250924,224.15,224.56,219.45,220.21,49509033
20250925,220.06,220.67,216.47,218.15,52226328
20250926,219.08,221.05,218.02,219.78,41650098
20250929,220.08,222.6,219.3,222.17,44259177
20250930,222.03,222.24,217.89,219.57,48396369
20251001,217.36,222.15,216.61,220.63,43933834
20251002,221.01,222.81,218.945,222.41,41258586
20251003,223.44,224.2,219.34,219.51,43639033
20251006,221.0,221.73,216.03,220.9,43690876
20251007,220.88,222.89,220.17,221.78,31194678
20251008,222.92,226.73,221.19,225.22,46685985
20251009,224.995,228.21,221.75,227.74,46412122
20251010,226.21,228.25,216.0,216.37,72367511
20251013,217.7,220.68,217.04,220.07,37809650
20251014,215.555,219.32,212.6,216.39,45665580
20251015,216.62,217.71,212.66,215.57,45909469
20251016,215.67,218.59,212.8101,214.47,42414591
20251017,214.56,214.8,211.03,213.04,45986944
20251020,213.88,216.69,213.59,216.48,38882819
20251021,218.43,223.32,217.99,222.03,50494565
20251022,219.3,220.005,216.52,217.95,44308538
20251023,219.0,221.3,218.18,221.09,31539999
20251024,221.97,225.4,221.9,224.21,38685053
20251027,227.66,228.4,225.54,226.97,38266995
20251028,228.215,231.485,226.21,229.25,47100026
20251029,231.672,232.82,227.76,230.3,52036151
20251030,227.06,228.44,222.75,222.86,102252937
20251031,250.1,250.5,243.98,244.22,166340808
20251103,255.36,258.6,252.9,254.0,95997816
20251104,250.38,257.01,248.66,249.32,51546311
20251105,249.03,251.0,246.16,250.2,40610702
20251106,249.155,250.38,242.17,243.04,46004203
20251107,242.9,244.9,238.49,244.41,46374294
20251110,248.34,251.75,245.59,248.4,36476514
20251111,248.41,249.7499,247.23,249.1,23564060
20251112,250.235,250.37,243.75,244.2,31190063
20251113,243.05,243.75,236.5,237.58,41401738
20251114,235.06,238.73,232.89,234.69,38956669
20251117,233.25,234.6,229.19,232.87,59919018
20251118,228.1,230.2,222.42,222.55,60608442
20251119,223.735,223.735,218.52,222.69,58335643
20251120,227.05,227.41,216.74,217.14,50308962
20251121,216.345,222.21,215.18,220.69,68490464
20251124,222.555,227.33,222.27,226.28,54318395
20251125,226.38,230.52,223.8,229.67,39379339
20251126,230.74,231.7474,228.77,229.16,38497922
20251128,231.24,233.285,230.22,233.22,20292329
20251201,233.22,235.797,232.25,233.88,42903954
20251202,235.005,238.97,233.55,234.42,45785363
20251203,233.35,233.38,230.61,232.38,35495058
20251204,232.77,233.5,226.8,229.11,45683224
20251205,230.32,231.24,228.547,229.53,33117377
20251208,229.59,230.83,226.27,226.89,35019174
20251209,226.84,228.57,225.11,227.92,25841743
20251210,228.805,232.42,228.46,231.78,38790736
20251211,230.71,232.11,228.6901,230.28,28249599
20251212,229.87,230.08,225.12,226.19,35639118
20251215,227.93,227.93,221.5,222.54,47286085
20251216,223.035,223.66,221.1304,222.56,39298857
20251217,224.655,225.19,220.99,221.27,44034418
20251218,225.705,229.225,224.41,226.76,50272419
20251219,226.76,229.125,225.58,227.35,85544374
20251222,228.61,229.48,226.71,228.43,32261329
20251223,229.055,232.445,228.73,232.14,29230233
20251224,232.13,232.95,231.33,232.38,11420543
20251226,232.035,232.99,231.18,232.52,15994726
20251229,231.94,232.6,230.77,232.07,19797909
20251230,231.205,232.77,230.2,232.53,21910453
20251231,232.905,232.99,230.12,230.82,24383749
20260102,231.34,235.458,224.7,226.5,51456229
20260105,228.84,234.0,227.18,233.06,49733348
20260106,232.1,243.18,232.07,240.93,53764677
20260107,239.61,245.29,239.52,241.56,42236531
20260108,243.06,246.41,241.88,246.29,39509844
20260109,244.568,247.86,242.24,247.38,34559961
20260112,246.73,248.94,245.96,246.47,35867770
20260113,246.53,247.66,240.25,242.6,38371778
20260114,241.15,241.28,236.22,236.65,41410578
20260115,239.31,240.65,236.63,238.18,43003571
20260116,239.085,239.57,236.41,239.12,45888283
20260120,233.76,235.09,229.34,231.0,47737854
20260121,231.085,232.3,226.88,231.31,47276090
20260122,234.045,235.72,230.9,234.34,31913325
20260123,234.955,240.45,234.57,239.16,33778478
20260126,239.98,240.95,237.54,238.42,32825530
20260127,239.685,244.88,238.08,244.68,38029216
20260128,246.365,247.775,241.53,243.01,40882657
20260129,242.82,243.0,236.742,241.73,47229643
20260130,239.89,243.315,237.64,239.3,46585024
20260202,238.31,245.6299,238.17,242.96,37546102
20260203,244.975,246.35,235.45,238.62,53831298
20260204,238.86,238.86,231.82,232.99,51299947
20260205,224.91,226.31,220.38,222.69,103509230
20260206,202.7,211.44,200.31,210.32,179210851
20260209,208.97,212.81,203.35,208.72,91178443
20260210,208.795,212.6499,206.411,206.96,67175031
20260211,208.06,208.57,202.49,204.08,65545455
20260212,203.96,203.96,197.56,199.6,83975393
20260213,198.88,201.16,197.275,198.79,66321593
20260217,198.125,201.7362,196.0,201.15,69879200
20260218,202.07,206.86,201.51,204.79,51003299
20260219,203.8,205.6396,202.81,204.86,35669611
20260220,204.76,211.17,203.75,210.11,65881611
20260223,208.095,208.43,203.11,205.27,53581508
20260224,205.47,210.36,203.25,208.56,41137162
20260225,210.46,211.59,208.93,210.64,41346376
20260226,210.73,211.05,205.345,207.92,47756765
20260227,206.83,210.33,205.2,210.0,57422777
20260302,204.55,209.73,203.46,208.39,46001010
20260303,203.1,209.178,202.48,208.73,43184918
20260304,210.47,217.54,210.15,216.82,54731101
20260305,215.98,220.47,215.59,218.94,60943447
20260306,214.99,217.32,212.53,213.21,51152716
20260309,210.45,213.82,207.11,213.49,54642926
20260310,214.19,215.65,212.43,214.33,35678834
20260311,215.705,217.0,211.35,212.65,34199303
20260312,210.39,211.71,208.15,209.53,44349501
20260313,209.605,210.56,206.22,207.67,35662137
20260316,208.35,212.724,207.445,211.74,42209316
20260317,212.82,215.7,212.43,215.2,44969943
20260318,213.925,215.1401,208.825,209.87,37846642
20260319,207.06,209.12,206.05,208.76,36440622
20260320,207.4,207.54,204.316,205.37,63694603
20260323,209.79,212.8,209.51,210.14,44277356
20260324,207.95,209.35,206.64,207.24,35351425
20260325,211.56,213.07,209.9,211.71,36388791
20260326,210.61,212.885,207.12,207.54,46745978
20260327,206.455,206.6,199.14,199.34,56009763
20260330,201.48,203.8,199.9802,200.95,46373797
20260331,204.845,210.28,204.14,208.27,58470078
20260401,210.435,213.58,208.19,210.57,45955395
20260402,206.54,212.2125,204.9,209.77,31453039
20260406,209.795,212.95,209.59,212.79,25385495
20260407,211.24,213.97,209.075,213.77,28154557
20260408,223.79,226.1,219.62,221.25,51092698
20260409,225.232,233.8,223.27,233.65,65964171
20260410,235.295,240.43,235.21,238.38,56912842
20260413,237.45,240.0,235.75,239.89,42166150
20260414,241.78,252.18,241.78,249.02,72685026
20260415,249.25,250.44,247.2,248.5,43045160
20260416,248.51,250.0,244.2,249.7,41895711
20260417,254.985,256.18,250.11,250.56,52029291
20260420,249.19,250.18,245.365,248.28,39463106
20260421,255.09,255.09,249.1,249.91,42922398
20260422,252.44,255.94,250.33,255.36,36065067
20260423,255.39,258.79,253.07,255.08,39091394
20260424,259.98,264.5,257.685,263.99,53777353
20260427,263.46,264.15,260.34,261.12,44906840
20260428,258.39,261.03,256.63,259.7,42204447
20260429,257.99,265.91,257.7,263.04,72367910
20260430,273.17,273.88,256.16,265.06,100974867
20260501,265.58,273.315,262.74,268.26,50825231
20260504,268.795,276.1,268.795,272.05,49083734
20260505,276.075,278.56,272.38,273.55,41908529
20260506,272.89,277.8,272.2076,274.99,44551955
20260507,275.02,276.63,270.49,271.17,35892879
20260508,271.63,274.0,269.95,272.68,34732681
20260511,269.835,273.63,268.48,268.99,38176696
20260512,266.71,267.65,262.63,265.82,36776221
20260513,264.43,270.72,263.2,270.13,39670915
20260514,269.15,270.7799,266.63,267.22,31338435
20260515,262.5,264.355,260.8901,264.14,40770344
20260518,263.865,268.85,262.53,264.86,33690787
20260519,262.04,262.25,255.19,259.34,40340697
20260520,260.05,265.58,259.533,265.01,34933152
20260521,263.5,269.4899,261.37,268.46,36591743
20260522,268.655,269.785,266.235,266.32,27535526
20260526,267.94,269.3,262.07,265.29,38028118
20260527,266.15,272.41,265.7001,271.85,40061864
20260528,272.27,274.5,267.44,274.0,40630385
20260529,271.29,274.75,269.64,270.64,54749561
20260601,266.285,266.63,260.7,261.26,53604380
20260602,257.16,261.2025,254.37,256.52,41810982
20260603,254.7,257.09,247.71,250.02,51394191
20260604,253.12,255.83,251.75,253.79,35609769
20260605,254.255,256.38,245.78,246.03,55607844
20260608,246.68,249.42,243.36,245.22,33899525
20260609,247.73,250.43,240.4,244.19,44425363
20260610,243.605,244.065,237.45,238.0,38590237
20260611,237.93,242.14,235.18,241.51,41335399
20260612,243.21,243.36,233.59,238.55,51251141
20260615,245.02,247.805,244.73,246.02,41711576
20260616,248.0,249.51,245.4511,246.0,35187406
20260617,244.9,245.91,236.0,237.5,44780767
20260618,240.12,245.73,236.02,244.39,75624415
20260622,240.08,242.0,232.24,232.79,68388526
20260623,232.55,236.87,232.0,234.11,60492560
20260624,233.845,242.4199,232.95,234.27,70282581
20260625,232.02,232.32,225.55,227.01,77858478
20260626,227.205,233.9,226.125,232.69,248372085
20260629,234.215,249.71,233.8,240.14,77619228
20260630,237.35,241.54,237.171,238.34,66228262
20260701,239.75,244.9,234.9,241.7,53829851
20260702,241.605,246.72,241.08,242.67,48298137
20260706,243.795,246.04,240.88,244.16,40044034
20260707,246.975,248.93,242.7,245.98,40579603
20260708,244.27,244.8,240.52,243.62,29653043
20260709,239.82,247.5,238.25,247.04,38091688
20260710,249.55,251.03,244.41,245.34,31653997
20260713,244.68,249.65,244.18,247.31,34636091
20260714,245.55,248.56,243.8,247.49,30108054
20260715,249.75,256.48,249.75,254.96,45240622
20260716,255.12,258.0825,248.0,249.89,45343709
20260717,244.46,250.24,243.59,247.23,43572361
20260720,248.76,252.89,248.0,249.99,32406481
20260721,249.105,249.34,246.42,247.55,27732064
20260722,248.265,248.45,242.45,244.85,34112732
20260723,236.26,238.3499,232.0516,233.66,47465337
20260724,234.38,234.95,231.34,232.11,35017357
20260727,235.665,235.89,230.99,231.39,34999495
20260728,232.85,233.11,228.1,230.86,44521597
