date,open,high,low,close,volume
20180102,52.1883,53.3262,52.1883,53.1889,1588268
20180103,53.2246,54.3233,53.1998,54.0963,1565945
20180104,54.3724,54.7187,54.2321,54.3065,1302569
20180105,54.6876,55.1896,54.6056,55.0266,1512526
20180108,55.0618,55.4662,55.0122,55.2209,1232221
20180109,55.4305,55.4305,54.9231,55.1505,1340381
20180110,54.8635,55.15,54.7141,55.0192,1036655
20180111,55.1267,55.2526,54.8378,55.1138,1121216
20180112,55.0172,56.068,54.9136,56.0356,1929306
20180116,56.5144,56.9391,55.8379,56.0381,1823100
20180117,56.3186,56.4653,55.6808,56.4544,1391510
20180118,56.4668,56.528,55.7291,56.2993,1374873
20180119,56.4014,56.6864,56.1273,56.6725,1527554
20180122,56.6884,57.8312,56.5892,57.6964,1477520
20180123,58.0166,58.4076,57.8496,58.2916,1956865
20180124,58.7283,58.8309,57.857,58.0498,1856429
20180125,58.5167,58.7293,58.077,58.5875,1499247
20180126,58.8547,58.8561,57.8882,58.8561,2108502
20180129,58.8779,59.3736,58.6827,58.8026,1574708
20180130,58.3685,58.8745,58.2094,58.3511,1866883
20180131,58.6703,58.7947,58.0899,58.5915,1801135
20180201,58.2827,58.8507,57.9541,58.5603,3675709
20180202,55.8756,56.0679,55.0702,55.4682,5892122
20180205,54.5468,55.2595,52.3726,52.6526,4177469
20180206,51.2446,53.8909,51.0479,53.745,3831524
20180207,53.7717,53.849,52.2676,52.3067,2597094
20180208,52.5278,52.729,49.7935,49.9427,3339601
20180209,50.8432,52.1238,49.4119,51.8537,4917970
20180212,52.3692,52.8102,51.8151,52.2646,2812011
20180213,52.0386,52.5947,51.8859,52.2438,1579258
20180214,52.2527,53.3009,52.0287,53.1636,2065202
20180215,53.6964,54.2242,52.8925,54.0884,1869763
20180216,54.1885,54.9285,54.0978,54.2936,1997405
20180220,54.1578,55.324,54.021,54.6945,1687656
20180221,54.9676,56.3107,54.8888,55.1981,2074321
20180222,55.4667,55.7784,54.7719,55.0073,1400536
20180223,55.4414,55.9539,54.9348,55.9088,1264638
20180226,56.0956,56.7072,55.9707,56.6824,1545619
20180227,56.6824,56.7097,55.3487,55.3844,2148159
20180228,55.6069,55.887,54.6653,54.7109,2464619
20180301,54.9894,55.0753,52.8952,53.0997,2766856
20180302,52.4341,53.8669,52.044,53.7306,2508145
20180305,53.4327,54.5751,53.1423,54.2569,1432369
20180306,54.6208,54.7956,54.244,54.5612,1169068
20180307,54.1608,55.3195,54.0166,55.262,1537429
20180308,55.3691,56.0748,55.3691,55.9727,1693133
20180309,56.4743,57.5398,56.216,57.5319,2133087
20180312,57.7405,58.3903,57.4506,57.7841,2215304
20180313,58.0766,58.3823,56.2299,56.4946,2156999
20180314,56.7865,57.4784,56.6155,56.9396,2093482
20180315,56.9733,57.6142,56.2839,57.0249,1669094
20180316,57.2598,57.3322,56.0708,56.2225,2932759
20180319,55.3968,55.4766,53.9675,54.5201,3182796
20180320,54.4373,54.7917,53.6453,54.3085,2729857
20180321,54.1484,54.9478,53.8827,54.2193,2244865
20180322,53.5259,53.7197,52.0207,52.1947,3465608
20180323,52.1065,52.8702,50.7931,50.8764,2493971
20180326,52.0683,52.498,50.0849,52.2413,3299151
20180327,52.7275,52.7592,49.4426,49.9045,3040809
20180328,49.6552,50.7991,48.7676,49.8173,3884943
20180329,50.1161,51.9419,49.7608,51.4012,3466876
20180402,50.9294,51.5197,49.2756,50.1865,3253387
20180403,50.361,50.7996,49.424,50.4864,2566146
20180404,49.4728,51.1832,49.3876,51.033,2536198
20180405,51.8597,51.8755,50.75,51.1782,1791761
20180406,50.7054,51.3447,49.8703,50.0537,2006683
20180409,50.5538,51.7705,50.5121,50.5562,1661012
20180410,51.0603,51.603,50.3243,51.3695,1836678
20180411,51.1465,51.3383,50.5121,50.8025,1703015
20180412,51.1202,51.7734,50.8516,51.4087,1644794
20180413,51.8845,52.1863,51.0548,51.3467,1270461
20180416,51.818,52.1094,51.2417,51.8453,1488822
20180417,52.5937,53.7732,52.39,53.4937,2729197
20180418,53.4763,53.6245,53.0553,53.2969,1556298
20180419,52.9812,54.3932,52.9812,53.9938,1994247
20180420,53.737,54.2564,53.1339,53.3926,2121692
20180423,53.6731,53.9219,52.8653,53.2186,3479496
20180424,52.4945,52.7567,50.1977,50.6826,6411038
20180425,51.035,51.3482,50.4036,50.7,2893047
20180426,51.207,52.1387,50.5741,51.707,2546332
20180427,51.8175,52.1226,50.9279,51.1192,2037263
20180430,51.2664,51.4622,50.4675,50.4814,1724632
20180501,50.3684,51.6287,50.0864,51.5802,1766256
20180502,51.2456,51.7402,50.7084,50.8516,1734872
20180503,50.8179,51.0816,49.9516,50.864,1964066
20180504,50.5324,52.1317,50.4551,52.0881,1844600
20180507,52.2314,52.782,52.052,52.5074,1719971
20180508,52.7632,52.7934,52.1199,52.4643,1301524
20180509,52.7374,54.2193,52.6388,53.969,2357979
20180510,54.2688,54.983,54.2133,54.7877,1820676
20180511,54.5369,54.9632,54.3788,54.6841,1525218
20180514,54.7927,55.4161,54.7545,54.8437,1966893
20180515,54.363,54.473,53.4649,53.7668,1786926
20180516,53.7777,54.2382,53.6062,53.7281,1281406
20180517,53.5978,54.0706,53.348,53.5879,1286907
20180518,52.8316,53.2147,52.7661,53.012,1774149
20180521,53.4758,54.1846,53.4263,53.7241,1258999
20180522,54.0111,54.1102,53.1418,53.293,1111299
20180523,53.0298,53.9219,52.8791,53.8208,1186998
20180524,53.8674,53.8783,53.1438,53.7955,1030194
20180525,53.85,53.9997,53.6543,53.7276,1111161
20180529,53.3272,53.5918,52.6868,52.9341,1803805
20180530,53.2023,53.4753,52.8588,53.4,1434282
20180531,53.6245,55.0122,53.4263,54.5166,3968362
20180601,55.1545,56.4078,55.1118,56.2512,3160100
20180604,56.4247,57.3841,56.3504,57.1453,2237701
20180605,57.2256,57.5446,56.8688,57.0452,1648222
20180606,57.1319,57.2283,56.3167,56.8435,1746719
20180607,56.726,56.7897,55.8111,56.2225,1805388
20180608,56.0634,56.4386,55.6679,56.1377,1364226
20180611,56.1491,56.8826,56.0727,56.5436,1239770
20180612,56.5496,56.9327,56.5496,56.9049,1304612
20180613,57.1076,57.2742,56.6666,56.7087,1715074
20180614,57.1042,57.7871,57.0244,57.4957,1771120
20180615,57.4863,57.684,57.1775,57.4541,2221891
20180618,57.128,58.6861,57.0442,58.6589,1651913
20180619,57.9913,58.6207,57.57,58.4165,2364127
20180620,58.645,59.5465,58.5821,58.6832,2584260
20180621,58.7545,58.9936,57.6627,57.9581,2248277
20180622,58.0599,58.2337,57.4729,57.9507,1711003
20180625,57.2424,57.2915,55.5029,56.4634,2884131
20180626,56.7042,56.8395,55.9539,56.1333,1734414
20180627,56.3008,56.8068,55.3443,55.3562,1726866
20180628,55.1307,56.2017,54.8176,55.8438,1486675
20180629,56.1179,56.5664,55.8557,55.9633,1578116
20180702,55.2774,56.6472,54.8437,56.6036,1161040
20180703,56.9659,56.9902,55.2318,55.3235,822394
20180705,55.7358,56.7042,55.6625,56.563,1429710
20180706,56.5868,57.3019,56.3623,57.2464,1090967
20180709,57.4903,57.8833,57.3532,57.8511,1079201
20180710,57.9854,58.1593,57.6171,57.8441,1066704
20180711,57.2732,58.5033,57.261,58.0582,1662633
20180712,58.2267,59.5711,58.1395,59.5351,2207431
20180713,59.6114,59.9901,59.2392,59.6917,1631857
20180716,59.6615,59.9043,59.1456,59.2997,1339237
20180717,58.6173,60.4024,58.5806,60.1209,2008133
20180718,59.8954,60.5427,59.6987,60.1125,1947397
20180719,59.8023,60.2894,59.3604,59.4281,1916892
20180720,59.435,60.0062,59.3037,59.3676,1898376
20180723,59.2576,60.221,59.0767,60.0178,3272304
20180724,62.9915,63.1897,61.6603,62.3546,5380032
20180725,62.0805,63.3503,61.9036,63.2363,2575437
20180726,62.8022,63.8043,62.595,63.7101,2734302
20180727,63.8895,64.0045,61.6779,62.0939,2418090
20180730,61.7054,62.0939,60.6706,60.9615,2194837
20180731,61.0442,61.5151,60.2751,60.8217,1969111
20180801,61.411,61.7475,60.7087,61.1077,1849740
20180802,60.3895,61.6737,60.3677,61.5111,1735180
20180803,61.7118,61.7782,60.9307,61.3639,1063244
20180806,61.5349,61.5771,60.9858,61.3396,1105916
20180807,62.0503,62.7476,62.0399,62.2401,2125256
20180808,62.2837,63.0272,62.0558,62.5122,1718664
20180809,62.5816,63.0393,62.4513,62.6673,1366318
20180810,62.4057,62.5058,61.8101,62.0751,1334387
20180813,62.0102,62.7422,61.8035,61.8833,1380882
20180814,62.0746,62.4755,61.4323,62.3541,1403991
20180815,61.6672,62.0488,60.7734,61.0695,1852558
20180816,61.5537,61.6383,60.4455,60.6651,1608799
20180817,60.565,60.8086,59.6709,60.2582,1654629
20180820,60.4966,60.7568,59.9039,60.5605,1111173
20180821,60.6136,61.0963,60.2176,60.3355,1154093
20180822,60.1774,60.7875,60.1279,60.5506,1114832
20180823,60.4579,61.2157,60.4316,60.5214,1233347
20180824,60.7612,61.3262,60.5343,61.294,1222653
20180827,61.6603,62.3407,61.4888,62.2614,1428992
20180828,62.2431,62.2758,61.6023,61.7455,1366516
20180829,62.1985,62.8017,62.0895,62.6768,1846615
20180830,62.6148,62.9166,61.8124,62.1708,1505219
20180831,62.0602,62.0768,60.7491,61.0487,2115424
20180904,60.5888,60.8539,59.7978,60.0332,2072869
20180905,59.9296,60.2096,58.2505,59.4281,2699394
20180906,59.4018,59.4224,57.6692,58.6792,2342722
20180907,58.085,58.905,57.9497,58.362,1633190
20180910,58.6896,58.8115,58.0161,58.2366,1383938
20180911,58.0404,59.0237,57.7851,58.9766,1462688
20180912,58.5806,59.0115,57.7955,58.0652,1785833
20180913,58.4666,58.871,57.9472,58.5875,2003418
20180914,58.8779,58.8779,58.1603,58.3813,1208767
20180917,58.3709,58.5717,57.4137,57.4818,1704790
20180918,57.6221,58.5474,57.5609,57.8426,1615701
20180919,57.9343,58.2966,57.4216,58.1975,1298084
20180920,58.5147,59.1753,58.2956,59.0549,1462455
20180921,59.2209,59.3032,58.088,58.0909,4561119
20180924,57.461,58.7387,57.069,58.4597,1557479
20180925,58.6921,59.317,58.1886,59.1699,1657809
20180926,59.1599,59.8315,58.7489,59.1783,1882524
20180927,59.4727,60.3083,59.376,59.8374,1813652
20180928,59.6754,59.8915,59.3651,59.8236,1780759
20181001,60.117,60.672,59.6308,59.8954,1659364
20181002,59.8032,60.6879,59.4558,59.8513,2008956
20181003,60.0674,60.1754,59.5792,60.0441,1312686
20181004,59.722,59.7651,57.6808,58.3362,2328778
20181005,58.2832,58.5806,57.2087,57.8783,1593012
20181008,57.4903,58.2763,56.2711,57.288,2309539
20181009,57.0596,57.5671,56.7057,56.7553,1684728
20181010,56.3206,56.3513,54.0958,54.1281,2949006
20181011,53.4778,55.3123,53.3217,54.0577,3384775
20181012,55.49,55.7968,54.2701,55.5346,2468920
20181015,55.4087,55.5968,54.4284,54.6375,1503956
20181016,55.1847,56.3191,55.099,56.1561,1918879
20181017,56.499,56.846,55.2105,55.884,1782614
20181018,56.0034,56.1199,53.8396,54.413,2307596
20181019,54.7005,55.5549,54.3694,54.7733,2064289
20181022,55.1366,55.5916,54.5166,55.0801,1355842
20181023,54.0849,55.4087,53.4763,55.2556,1884255
20181024,55.26,55.3403,52.2894,52.3915,2464295
20181025,53.5403,55.3998,53.3046,54.6945,3647814
20181026,51.9558,55.3591,51.6535,53.7113,5321883
20181029,54.3451,54.9542,49.9174,51.2818,4064452
20181030,50.5523,52.0832,50.2529,52.0143,2988418
20181031,52.9406,54.9131,52.9406,54.0498,3545821
20181101,54.0904,54.5117,53.4174,53.8218,2006575
20181102,53.9715,54.4175,52.9138,53.1036,2172215
20181105,53.1552,53.1958,51.2456,52.3226,2267870
20181106,52.2874,53.5165,52.2175,53.0085,1433013
20181107,53.6984,55.0087,53.5546,54.925,2169392
20181108,54.8784,54.924,53.7415,54.2505,1685193
20181109,53.7246,53.9392,52.7453,53.3777,1743298
20181112,53.1849,53.233,51.5603,52.0069,1700091
20181113,52.277,52.8645,51.5628,51.938,1287475
20181114,52.5342,52.8212,51.598,52.2656,1733302
20181115,52.1109,53.4694,51.607,53.0818,2079154
20181116,52.7934,53.1507,52.2814,52.9441,1768308
20181119,52.7022,52.9307,50.694,50.9195,2284191
20181120,49.9219,51.4116,49.6701,51.0697,2722934
20181121,51.8062,52.2718,51.516,51.713,1485172
20181123,51.2208,51.6917,50.974,51.0523,708859
20181126,51.7412,52.3855,51.5316,52.333,1577941
20181127,52.105,52.8692,51.8156,52.1516,1652433
20181128,52.4083,54.1626,51.6892,54.1097,2302121
20181129,53.7004,54.5241,53.6245,54.248,1550523
20181130,54.3,54.9949,53.683,54.9949,2983340
20181203,56.1105,56.2512,55.098,55.3274,2876449
20181204,55.1604,55.2224,52.5726,52.6566,2281485
20181206,51.7908,53.4967,51.6659,53.4302,2371825
20181207,53.1403,53.7747,51.5118,51.8691,2134111
20181210,51.6887,52.5144,51.1961,52.1962,1682646
20181211,52.8781,53.0496,52.0435,52.616,1692576
20181212,53.3807,54.1069,53.1274,53.2147,1447973
20181213,53.3108,53.9427,52.7817,53.2052,1249403
20181214,52.5352,53.115,52.0074,52.1233,1817949
20181217,51.8904,52.6521,50.3848,50.8318,2496551
20181218,51.2456,52.5188,51.0712,51.712,2182019
20181219,51.9043,53.3128,50.5235,51.318,2913237
20181220,50.8491,51.9117,49.9503,50.7292,2683670
20181221,51.1485,51.4275,48.6283,49.1269,5232490
20181224,48.7835,50.1612,48.4534,48.8008,1817955
20181226,49.4609,51.9618,49.196,51.932,2315862
20181227,50.859,52.2041,49.9075,52.1823,2299806
20181228,52.5094,52.7438,51.6421,51.874,1718352
20181231,52.4266,52.6824,51.198,51.7888,1655504
20190102,50.9086,52.5733,50.8132,52.2705,1593395
20190103,52.0718,52.8444,50.6692,50.8229,2097957
20190104,51.6699,53.5254,51.3874,53.4298,2301428
20190107,53.5735,53.6592,52.665,53.3232,2372667
20190108,53.8228,54.187,52.948,53.7915,1770654
20190109,53.9214,54.1023,53.2464,53.6072,1349912
20190110,53.2746,53.516,52.7661,53.4674,1329861
20190111,53.0248,53.1968,52.3573,52.7557,1543238
20190114,52.2041,52.4574,51.9667,52.1134,1424486
20190115,52.4356,53.9353,52.2586,53.848,1875852
20190116,54.021,54.6336,53.9224,53.9967,1914041
20190117,53.9214,54.5513,53.6867,54.473,1244801
20190118,54.9423,55.4087,54.4811,54.8784,2244569
20190122,54.3184,54.4656,53.0739,53.4575,1981594
20190123,53.8654,54.1672,52.9094,53.744,1259738
20190124,53.6498,53.9219,53.0308,53.7236,1455948
20190125,54.2307,54.6831,54.1103,54.5915,1163788
20190128,54.0245,54.1878,53.2583,53.5185,1466714
20190129,53.5769,53.7598,52.8325,53.0328,985248
20190130,53.3946,54.4928,53.3589,54.417,1472647
20190131,55.1232,55.888,54.7768,55.7997,2011572
20190201,55.6213,56.2215,55.2229,55.4394,1655813
20190204,55.4588,56.615,55.3844,56.5694,3920591
20190205,55.9851,57.1319,55.6862,57.0873,4114790
20190206,56.9585,57.1929,55.4265,55.6511,2412820
20190207,55.1024,55.1108,54.1989,54.8095,1914877
20190208,54.2629,54.7691,54.2311,54.6346,1088327
20190211,54.7025,55.1822,54.5166,54.6217,924881
20190212,55.0623,56.1452,55.0623,55.8835,1751771
20190213,56.1541,56.6403,55.8052,55.9355,1402087
20190214,55.7556,56.3072,55.3636,55.9638,1055297
20190215,56.4643,56.4643,55.3453,55.4895,1391348
20190219,55.3413,55.9856,55.3413,55.8305,1099259
20190220,55.9479,56.0495,55.099,55.5371,1204533
20190221,55.4474,55.4657,54.4165,54.7253,1663980
20190222,54.9974,55.3715,54.5414,55.3373,1471783
20190225,55.6035,55.7755,55.2159,55.3755,1310362
20190226,55.2288,55.8268,54.8487,55.6074,1751261
20190227,55.211,55.7918,54.9409,55.6511,1104881
20190228,55.4583,56.2012,55.429,55.8325,1371355
20190301,56.053,56.9946,56.053,56.9213,1704258
20190304,57.2206,57.7638,56.4123,57.1641,1774467
20190305,57.292,58.3075,57.1443,57.9457,2004723
20190306,58.0731,58.2208,57.6414,57.7351,1180052
20190307,57.515,57.6677,56.584,57.0368,1504328
20190308,56.1967,57.1656,56.0133,56.9932,1184732
20190311,57.0938,58.477,57.0725,58.4448,1501633
20190312,58.5955,59.7557,58.5955,59.3364,2110979
20190313,59.7666,59.8257,59.3691,59.4261,1294354
20190314,59.4241,59.7056,59.038,59.1025,1365072
20190315,59.3736,59.5582,58.8289,58.9919,2593338
20190318,58.9617,59.2224,58.5546,58.9052,1222203
20190319,59.0623,59.6414,58.9501,59.5946,1489407
20190320,59.5421,60.959,59.4524,60.7826,2075442
20190321,60.4639,61.2787,60.2941,61.2633,1407480
20190322,60.9025,61.1394,59.77,59.8518,1721133
20190325,59.4509,59.9405,58.9772,59.3428,1378849
20190326,59.7299,59.8518,58.5687,58.9691,1537606
20190327,59.0722,59.0722,57.6999,58.3828,1471402
20190328,58.2584,58.3452,57.6602,58.0984,1120122
20190329,58.4904,58.6782,57.8064,58.3273,1544615
20190401,58.8551,59.4826,58.7967,59.4221,1385595
20190402,59.4752,59.7606,59.0385,59.7472,914413
20190403,60.1021,60.4936,59.7242,60.0084,1109614
20190404,60.0322,60.4911,59.9207,60.4366,1051089
20190405,60.4292,60.4832,59.9698,60.0401,1001044
20190408,60.0233,60.164,59.7054,59.883,1087588
20190409,59.5663,59.827,59.3924,59.606,983840
20190410,59.7249,59.9156,59.5054,59.7923,775456
20190411,59.9138,60.1041,59.6977,59.948,849947
20190412,60.2468,60.615,60.1313,60.5992,1215610
20190415,60.6666,60.9246,60.1943,60.7875,1189974
20190416,60.9595,61.2559,60.7137,61.0542,1131099
20190417,61.3064,61.7076,61.1032,61.462,1518286
20190418,61.7029,61.7495,61.4259,61.5279,1237788
20190422,61.2901,62.1658,61.1265,62.137,954419
20190423,62.2798,63.1615,62.0486,62.9712,1593449
20190424,62.9712,63.1402,62.4369,62.4488,1169797
20190425,62.9568,63.0807,62.3472,62.8101,1567161
20190426,63.1094,63.3835,62.6941,63.3097,1361419
20190429,63.4628,64.2788,63.0267,64.2404,3618362
20190430,59.0083,59.5211,58.6301,59.4211,6658855
20190501,59.3488,59.4355,58.0689,58.1504,3717018
20190502,58.1147,58.4507,57.4075,57.8129,2254890
20190503,58.3531,59.0465,58.1615,58.9548,2079376
20190506,58.085,59.2462,58.0431,59.1485,1588684
20190507,58.7694,59.2135,57.7381,58.425,1830238
20190508,58.3472,58.6931,57.8684,58.0245,1276022
20190509,57.6191,58.1876,57.2246,57.8852,1477752
20190510,57.9284,58.2971,56.8147,57.8689,1582460
20190513,56.7587,57.0923,55.7804,56.33,2281686
20190514,56.614,56.7402,55.6828,55.7487,2019550
20190515,55.6342,58.3972,55.5772,58.0255,2965117
20190516,58.077,59.1832,57.909,58.7045,1765388
20190517,58.2748,58.7932,57.8084,57.9254,1268050
20190520,57.1433,57.1433,56.4066,56.73,1530126
20190521,57.2167,57.3911,56.6631,57.2147,1028248
20190522,57.0566,57.6776,57.0442,57.2846,941279
20190523,56.7999,56.9971,56.16,56.7637,1260657
20190524,57.0938,57.2107,56.336,56.4302,927651
20190528,56.5724,57.3163,56.4331,56.4772,1047554
20190529,56.1372,56.2512,55.1089,55.5049,1811510
20190530,55.5153,55.8446,55.3046,55.5777,904419
20190531,54.7961,55.1809,54.6826,54.8388,1579481
20190603,52.8776,52.8811,50.9002,51.4805,4844480
20190604,51.7655,52.4567,51.3462,52.2611,3025564
20190605,52.2864,52.3761,51.1961,51.7729,2349436
20190606,51.8508,52.0386,51.3205,51.9276,1451026
20190607,52.2507,53.1998,52.0956,52.949,2191357
20190610,53.3767,54.2609,53.2916,53.6622,1425464
20190611,54.3674,54.7151,53.5041,53.5769,1675817
20190612,53.5229,53.6503,53.01,53.4808,1183650
20190613,53.7588,54.3476,53.6528,54.0711,1040661
20190614,54.0081,54.2569,53.5985,53.8376,1229304
20190617,53.9764,54.5801,53.9219,54.2138,988491
20190618,55.0866,55.4474,54.5558,54.7763,1726312
20190619,54.8754,54.984,54.3199,54.7401,1336015
20190620,55.5921,55.6426,54.8635,55.1708,1200908
20190621,55.0053,55.8334,54.9983,55.774,2538872
20190624,55.5078,55.6848,55.1763,55.3443,1211893
20190625,55.264,55.2947,53.7534,53.9011,1582217
20190626,54.0706,54.2748,53.2125,53.5413,1734873
20190627,53.8599,53.9449,53.3197,53.3584,1203914
20190628,53.3881,53.6642,53.2181,53.6642,1683568
20190701,54.5682,54.9423,54.2852,54.5166,1464449
20190702,54.756,55.1555,54.5003,55.1411,1031919
20190703,55.4335,55.9037,55.2526,55.656,1007718
20190705,55.4766,56.2339,55.3839,56.1355,1489678
20190708,55.7987,55.8652,55.0994,55.3487,1494371
20190709,55.0281,55.8974,54.871,55.7204,1473622
20190710,56.1184,56.615,56.0361,56.5441,1535546
20190711,56.8043,57.1552,56.4757,56.7012,1300529
20190712,56.6443,56.8707,56.4277,56.7637,1093933
20190715,56.7637,57.0283,56.499,57.0199,1058431
20190716,56.8326,57.4199,56.8326,57.1661,1267641
20190717,57.0402,57.4129,56.8271,56.8331,976894
20190718,56.5982,56.9039,56.1449,56.8579,1273769
20190719,56.9609,57.073,56.0654,56.0803,1159153
20190722,56.2745,56.5,55.766,56.4599,1446757
20190723,56.67,56.9381,56.1447,56.898,1032438
20190724,56.1333,56.7694,55.9296,56.4857,1359956
20190725,56.447,56.677,55.6917,56.2978,2738139
20190726,60.8604,62.8623,60.8604,61.7138,6060795
20190729,61.579,61.9009,60.9694,61.5463,2069127
20190730,60.8108,61.302,60.7275,60.8604,1430775
20190731,60.7052,61.2028,59.8781,60.3747,1997999
20190801,60.3464,61.2716,59.8196,60.0565,1771271
20190802,59.6214,59.9435,58.9771,59.2903,1745450
20190805,58.1331,58.3268,56.6353,57.2301,2391972
20190806,57.7638,58.5508,57.5658,58.0394,1800707
20190807,57.3812,58.475,57.0363,58.2788,1534347
20190808,58.8001,59.7839,58.1841,59.7795,1505848
20190809,59.4724,59.6937,58.7238,58.9226,1020945
20190812,58.4815,58.7595,57.9224,58.2089,1103243
20190813,58.2014,59.7418,58.1343,59.3106,1430240
20190814,58.2867,58.6197,57.5433,57.7009,1771501
20190815,57.908,58.304,57.6389,57.9522,1430715
20190816,58.5206,58.6718,58.1345,58.4423,1265187
20190819,59.0678,59.938,58.9969,59.4945,1222854
20190820,59.2422,59.3736,58.6324,58.6564,1010566
20190821,59.2655,59.5003,58.874,59.0554,708272
20190822,59.1654,59.4122,58.4274,59.0524,867915
20190823,58.7377,59.2581,56.9946,57.1721,1813141
20190826,57.463,58.078,57.2348,58.0443,1058926
20190827,58.6301,58.7293,57.7161,58.0265,1173489
20190828,57.7316,58.4071,57.5026,58.1717,840829
20190829,58.7996,59.4325,58.7431,59.1872,982098
20190830,59.49,59.49,58.7649,59.0033,903375
20190903,58.5731,58.9315,57.6744,57.9636,1296116
20190904,58.4542,58.7233,58.0617,58.594,1065666
20190905,59.1585,60.1665,59.1104,60.0768,1320656
20190906,59.9257,60.1142,59.6342,59.7859,948580
20190909,59.8236,60.4911,59.1342,59.7339,1592958
20190910,59.2789,59.9683,59.2749,59.7552,1396077
20190911,59.6655,60.5863,59.5854,60.4639,1176066
20190912,60.6359,61.5748,60.5908,61.2058,1582230
20190913,61.0641,61.5071,60.8148,61.4566,1183762
20190916,60.9813,61.4065,60.7211,61.0403,1410880
20190917,61.0403,61.2073,60.6299,60.9535,1047201
20190918,60.9714,61.2687,60.2889,61.0908,892788
20190919,61.0745,61.6702,61.074,61.3931,847002
20190920,61.1399,61.5939,60.6413,60.9516,1937743
20190923,60.7895,61.4392,60.6513,61.1919,1197069
20190924,61.4551,61.8075,60.0002,60.3811,1835712
20190925,60.2661,61.8526,59.9286,61.7495,1355162
20190926,61.5612,61.6865,61.0497,61.5686,1171577
20190927,61.5954,61.7024,60.226,60.7588,1722481
20190930,60.4936,60.8309,60.1378,60.5204,1294609
20191001,60.5873,61.1011,59.7477,59.77,1282735
20191002,59.2992,59.4112,58.1162,58.3784,1674774
20191003,58.647,59.0266,57.6459,58.9488,1469413
20191004,59.1897,60.0902,59.0251,60.0159,1228686
20191007,59.8196,60.4099,59.6888,59.8815,879020
20191008,59.4117,59.8131,58.9513,58.9835,1032426
20191009,59.5386,59.892,59.3793,59.5916,813216
20191010,59.4033,60.2468,59.3666,59.942,668244
20191011,60.6636,60.8975,60.1486,60.2513,1126452
20191014,60.1611,60.7553,60.0615,60.3534,683926
20191015,60.5382,61.8082,60.5095,61.5661,1527216
20191016,61.5448,62.1584,61.3822,61.6038,1151028
20191017,62.0201,62.6322,61.9443,62.0895,1063981
20191018,62.1831,62.3526,61.462,61.6737,1582320
20191021,61.8863,62.1247,61.4546,61.6672,1030085
20191022,61.6771,61.8878,61.4477,61.5146,1281821
20191023,61.4655,62.3492,61.4655,62.3288,1176281
20191024,62.4022,62.59,62.0672,62.4022,1140478
20191025,62.0498,62.8428,61.9086,62.6594,1355248
20191028,63.1897,64.3911,63.0564,63.8826,3271411
20191029,63.2393,63.4772,62.2287,62.479,2632715
20191030,62.2059,62.8435,61.9829,62.481,1460193
20191031,62.4463,62.7692,61.9249,62.3868,1595154
20191101,62.7338,63.0906,62.4319,63.0534,1440607
20191104,63.2447,64.057,63.2447,63.9138,1531622
20191105,63.9926,64.2919,63.9024,64.0045,1257427
20191106,63.9376,64.0813,63.55,63.9832,1231265
20191107,64.1452,65.5513,64.119,64.7727,2257005
20191108,64.5041,65.2767,64.5041,64.8748,1521892
20191111,64.627,64.6716,64.224,64.3435,861860
20191112,64.3579,64.8921,64.1433,64.2905,1444342
20191113,64.0907,64.5536,64.0395,64.2394,936085
20191114,64.1809,65.2078,64.1284,64.8822,1450039
20191115,65.1746,66.091,65.018,66.091,1964955
20191118,66.0315,66.1098,65.2296,65.412,1399374
20191119,65.7485,65.7485,65.0121,65.0527,1093629
20191120,64.9917,65.0834,63.894,64.5209,1445870
20191121,64.3916,64.9798,63.9703,64.4357,1277338
20191122,64.5774,64.7707,63.9015,64.115,1388912
20191125,64.2434,64.9447,64.2112,64.7083,1179658
20191126,64.9199,65.1231,64.629,65.073,1097089
20191127,65.193,65.303,64.8983,65.0299,940536
20191129,64.7558,64.9219,64.5888,64.6314,640069
20191202,64.5556,64.6983,63.4564,63.8766,1328889
20191203,63.3711,64.2914,63.2913,64.168,1480026
20191204,64.731,65.6316,64.5799,65.3674,1776392
20191205,65.7669,65.8154,65.1384,65.7649,1220631
20191206,66.0518,66.5336,65.9765,66.3809,1648729
20191209,66.3547,67.2811,66.2164,66.5593,1556889
20191210,66.4082,66.8076,66.1138,66.5544,880430
20191211,66.8225,66.9013,66.4657,66.6218,1024308
20191212,66.5702,67.1337,66.3219,66.8319,1456466
20191213,66.8027,66.9737,66.4934,66.7516,1658684
20191216,67.1546,67.5773,66.937,67.4371,1406457
20191217,67.5218,67.617,66.9449,67.1491,1648549
20191218,67.2537,67.3741,66.9296,67.0014,1166733
20191219,67.0014,67.2797,66.8448,67.2259,1521082
20191220,67.556,67.6006,66.9429,66.9672,2513849
20191223,67.3394,67.4942,66.8076,66.938,996967
20191224,66.9172,67.0064,66.6176,66.6307,673410
20191226,66.7358,67.561,66.6842,67.5248,1183800
20191227,67.6006,67.7528,67.0554,67.1367,1160873
20191230,67.2443,67.2537,66.3039,66.3968,1000592
20191231,66.2025,66.4439,66.0211,66.3809,976061
20200102,66.828,67.8325,66.7328,67.8325,1364265
20200103,66.8076,68.0838,66.7741,67.4777,1170629
20200106,66.9875,69.3015,66.9563,69.2762,2339343
20200107,69.4076,69.5582,68.9662,69.1424,1726456
20200108,69.1281,69.9721,69.0195,69.6346,1766274
20200109,70.4716,70.8062,69.8908,70.3656,1661438
20200110,70.8453,71.1164,70.3561,70.8201,1313178
20200113,71.1318,71.4406,70.6421,71.3687,1537317
20200114,71.3672,71.4976,70.7611,70.9008,1305636
20200115,71.0213,71.4059,70.9539,71.3276,1077519
20200116,71.6373,71.8975,71.3672,71.8707,1304040
20200117,72.4843,73.3769,72.1874,73.3258,2621175
20200121,73.3001,73.8395,72.8644,73.4611,2446601
20200122,73.8319,74.3696,73.4815,73.5563,1422946
20200123,73.7238,74.0187,73.3655,73.5821,1332562
20200124,73.985,74.0534,72.516,72.6642,1489280
20200127,70.9479,71.1977,70.3512,70.9573,1706566
20200128,71.4534,72.1007,70.8894,71.8876,1486586
20200129,72.2821,72.5636,71.6341,72.1949,1081964
20200130,71.273,72.123,71.1194,72.0734,1355472
20200131,72.748,72.8377,70.7259,71.0094,2191075
20200203,72.4402,73.6619,72.1904,73.4785,3608760
20200204,72.0853,72.7219,70.4766,71.6353,4793967
20200205,72.5373,72.5854,70.8555,71.667,1818793
20200206,71.9609,73.4269,71.8866,73.1499,1891079
20200207,72.7244,73.6096,72.6265,73.3055,1418049
20200210,73.2123,74.7809,73.1117,74.77,1915072
20200211,74.9985,75.8217,74.611,74.8394,1742647
20200212,75.1269,75.3469,74.7705,75.2642,1552136
20200213,74.8364,75.6267,74.5391,75.0045,1145658
20200214,75.061,75.3345,74.6159,75.2691,1159857
20200218,75.0515,75.8552,74.8865,75.3043,1284011
20200219,75.6889,75.8643,75.3804,75.5734,1137338
20200220,75.283,75.6824,74.5517,75.1829,1298386
20200221,74.5678,74.8833,73.2748,73.5211,2126843
20200224,70.5272,71.1878,69.7213,70.3691,2478039
20200225,70.9212,71.2109,68.4144,68.7068,2578966
20200226,69.136,70.0623,68.2226,68.9125,2490178
20200227,67.3597,67.8682,65.1345,65.1697,3114476
20200228,63.1555,66.5326,62.8532,66.374,4010900
20200302,66.9756,68.7638,65.6777,68.7068,2771463
20200303,69.2698,69.7907,65.878,66.2982,2830112
20200304,67.3508,68.5314,66.2625,68.4729,2379856
20200305,66.6862,67.0867,64.51,65.1602,2718982
20200306,62.9394,64.565,62.308,64.2176,3232315
20200309,59.7185,62.086,59.3755,60.2552,3462578
20200310,62.1683,63.2318,60.1918,63.1981,2743566
20200311,61.865,62.2942,59.0336,60.0129,2741694
20200312,55.6377,58.9151,54.9364,55.089,4716293
20200313,58.2332,60.1863,55.1257,60.1799,3969973
20200316,54.0017,56.7701,52.8851,53.1785,4825981
20200317,54.0527,55.8052,51.994,55.4117,4159686
20200318,52.5312,54.7639,51.3943,54.08,4652238
20200319,53.9328,57.124,52.3137,55.095,3703248
20200320,56.048,56.4236,52.6383,52.9411,4143897
20200323,52.3543,52.8767,50.0002,52.2433,4183629
20200324,54.7139,56.1685,53.8441,56.0039,3623435
20200325,55.7348,56.8048,53.6746,54.5969,4516162
20200326,55.2461,58.0592,54.1216,57.635,3834422
20200327,55.878,57.0467,54.715,55.0251,3139661
20200330,56.1343,57.0442,54.4418,56.8118,2936827
20200331,56.9317,58.1544,56.3365,57.5869,3263971
20200401,55.7061,55.9747,54.194,54.6207,2598519
20200402,54.5166,55.6451,54.1761,55.3606,2820534
20200403,55.2457,55.4479,53.2816,54.1548,2568694
20200406,56.1521,59.0145,55.7556,58.6396,3165991
20200407,60.3157,60.5023,58.3452,58.6083,3080955
20200408,59.6263,60.2111,58.6774,59.8196,2016713
20200409,60.3737,60.5625,59.0968,59.7983,2701423
20200413,59.547,60.1923,58.597,59.9886,1935128
20200414,61.4538,63.2269,60.8872,62.7055,3167862
20200415,61.7777,63.1952,61.1577,62.3125,2111842
20200416,62.8002,63.1084,61.3659,62.3189,2894757
20200417,63.5218,63.9331,62.7437,63.388,2552824
20200420,62.9365,63.2799,62.2699,62.5033,1764608
20200421,61.5894,61.9507,59.7205,60.0753,2482404
20200422,61.5101,63.4316,61.3163,62.3675,2315792
20200423,62.7308,63.8414,62.4726,62.9999,1710122
20200424,62.1985,63.324,61.6533,63.269,1872004
20200427,64.0322,64.1363,62.6971,62.9845,2209333
20200428,63.5961,63.6734,60.9783,61.0879,4035007
20200429,66.659,67.4098,65.7535,66.5192,5417888
20200430,65.9829,66.9068,65.4943,66.7432,2792124
20200501,65.6226,66.9776,64.9075,65.2871,2443554
20200504,64.8317,65.6415,64.231,65.5637,1540347
20200505,66.2873,67.948,66.1648,66.8582,1983318
20200506,67.3032,67.833,66.6654,66.6803,1586629
20200507,67.4673,68.1953,67.0327,67.8623,1535819
20200508,68.4838,69.2183,67.9976,68.6087,1666487
20200511,68.2345,70.1545,68.1706,69.5627,1635856
20200512,69.7922,70.095,68.1215,68.1547,1695874
20200513,68.2033,68.6577,65.8169,66.824,2018404
20200514,66.09,67.272,65.5835,67.2467,1833017
20200515,66.8205,68.125,66.3616,68.0496,2077199
20200518,67.4807,69.026,67.1149,68.6503,2356449
20200519,68.6652,69.0126,68.0843,68.116,1579250
20200520,68.8475,69.9808,68.7613,69.8388,1913133
20200521,69.9295,70.2006,69.1068,69.7193,1544976
20200522,69.5781,70.2273,69.1841,70.041,1427206
20200526,71.4643,71.6205,70.346,70.4439,2229488
20200527,70.376,70.6409,69.1172,70.3899,1584185
20200528,69.3848,71.5882,69.339,70.2888,1759787
20200529,70.3973,71.2051,70.1768,71.0461,1852522
20200601,70.6585,71.4455,70.489,71.113,1259254
20200602,71.1194,71.5159,70.4558,71.4817,1172069
20200603,71.501,71.8137,70.9519,71.33,1386640
20200604,71.2076,71.4326,69.6826,70.0935,1349105
20200605,70.1599,71.6794,69.7625,71.3682,2132350
20200608,70.6872,71.8133,70.598,71.7657,1693881
20200609,71.6269,72.745,71.4842,71.9659,1681155
20200610,72.4333,72.9913,72.0787,72.5914,1588116
20200611,71.4183,71.9423,69.306,69.479,2357243
20200612,70.6664,71.0949,68.681,70.0251,1833756
20200615,68.8639,70.6238,68.7502,70.4127,1527652
20200616,71.8133,72.2182,70.8215,71.6879,1534826
20200617,72.0085,72.4675,71.1256,71.9887,1530500
20200618,71.8554,72.01,70.685,71.0758,1743071
20200619,71.3672,71.5902,70.3264,70.606,2639167
20200622,70.6243,71.9099,70.3359,71.8955,1472072
20200623,71.9619,73.1117,71.615,72.5557,1887583
20200624,72.521,73.141,70.8716,71.0054,1579579
20200625,70.9321,71.4822,70.3532,71.4217,1197907
20200626,71.0019,71.2195,67.1546,67.5282,4882014
20200629,67.4192,69.2857,66.9885,69.2445,2253678
20200630,69.2302,70.5742,68.737,70.2794,2014320
20200701,70.3349,71.7875,70.0876,71.4663,2109124
20200702,71.954,73.7719,71.9156,72.8506,2860915
20200706,73.7535,74.8364,73.1998,74.3235,2235630
20200707,74.149,75.3975,73.8304,73.8413,2118194
20200708,74.3805,74.8944,73.9592,74.5193,1588292
20200709,74.833,75.7851,74.1223,75.2656,2091833
20200710,74.9975,76.3897,74.3765,76.2742,1796063
20200713,76.8159,78.1253,74.666,74.947,2147728
20200714,73.9835,75.4708,73.6433,75.3747,1905400
20200715,75.4921,76.1414,74.2333,75.1774,1551325
20200716,74.4152,75.1294,73.7595,75.0803,1324227
20200717,75.1789,75.502,74.2467,75.1759,1713231
20200720,75.0843,77.761,74.4745,77.5048,1508277
20200721,78.555,78.6551,76.9487,77.1123,1377718
20200722,77.1019,77.6604,76.4833,77.5548,1224100
20200723,77.6084,77.8274,74.7666,75.171,1695498
20200724,74.3007,75.1054,73.7258,74.7477,1495381
20200727,74.998,76.2023,74.9519,75.7994,1356185
20200728,75.5799,75.6299,74.3666,74.5217,1545534
20200729,74.5886,75.9927,74.49,75.506,1133773
20200730,74.2402,76.3674,74.1015,76.2425,1802121
20200731,74.1946,74.5896,72.0611,73.7436,4576382
20200803,73.8948,74.2283,72.9393,73.4864,2276085
20200804,73.6822,73.9994,72.5581,73.0176,1860609
20200805,73.192,73.8452,72.9142,73.3045,1457518
20200806,73.1588,74.6516,72.9482,74.5862,1665261
20200807,74.7889,75.3365,73.6604,74.2601,1386294
20200810,73.8849,74.6952,73.2252,74.1832,1027329
20200811,74.0435,74.8583,73.2599,73.3764,1554853
20200812,73.7027,74.9192,73.5974,74.6997,1126560
20200813,74.7477,76.1733,74.7477,75.166,1119711
20200814,75.0154,75.3214,74.2913,74.5703,1097059
20200817,75.1323,75.5194,74.5886,75.1457,999934
20200818,75.6354,77.1841,75.4146,77.1053,1418850
20200819,76.9423,77.7536,76.3233,76.5517,1523592
20200820,76.3218,78.3141,76.0487,78.1198,1319131
20200821,77.8993,78.8945,77.429,78.0861,1742275
20200824,78.9237,79.732,78.0599,78.5609,1281893
20200825,78.3106,79.737,78.2006,79.5868,1257463
20200826,79.6091,81.9132,79.3452,81.484,2609363
20200827,81.6069,81.6753,80.2293,80.7104,1567503
20200828,80.7574,81.3462,80.5659,81.2511,1121195
20200831,81.4563,81.5023,80.5523,80.7604,1321097
20200901,80.8908,82.2319,80.7604,82.0267,1133766
20200902,82.6675,85.5466,82.2799,85.1148,2476072
20200903,84.2292,84.253,79.679,80.7594,3186287
20200904,79.7429,81.031,76.2227,78.3657,2792533
20200908,75.5799,77.0939,75.1586,75.5105,2701586
20200909,76.7644,77.251,75.5883,76.6816,1962078
20200910,76.8278,77.9915,75.3321,75.6319,1651194
20200911,75.736,76.2586,73.9949,75.1219,1535337
20200914,75.9093,77.1658,74.5941,74.7785,2133007
20200915,75.7231,76.8679,75.4361,76.0814,1152055
20200916,76.4462,77.0354,74.9152,74.94,1107169
20200917,73.6376,74.2744,72.4803,73.6985,2000356
20200918,73.761,74.103,70.9519,71.9168,3152788
20200921,70.9519,71.3702,69.5176,70.8785,2845405
20200922,71.8787,72.5552,70.8466,72.3495,1697542
20200923,71.9664,72.0155,69.5176,69.8502,1886299
20200924,69.5176,71.2676,69.4913,70.5177,1727611
20200925,70.6263,71.6616,69.7654,71.3206,1516677
20200928,72.9527,73.0022,71.6784,72.292,1539236
20200929,72.5522,72.9531,72.0611,72.6568,1591112
20200930,72.4048,73.6568,72.148,72.636,2046170
20201001,73.5311,74.0965,73.191,73.7412,1644221
20201002,72.3401,73.3016,71.7315,72.1404,1561132
20201005,72.4898,73.5826,72.3629,73.4899,1080058
20201006,73.1266,73.5736,71.6155,71.9134,1304752
20201007,72.3242,72.803,71.0317,72.3158,1805448
20201008,72.6285,73.7475,72.6285,73.5196,1303802
20201009,73.987,74.9281,73.6966,74.8587,1648340
20201012,76.2241,78.723,75.793,77.542,2767164
20201013,78.1575,78.5614,77.2466,77.6649,1953609
20201014,78.0381,78.4965,76.6154,77.485,1659228
20201015,76.5463,77.8792,76.3793,77.09,1561485
20201016,77.4052,78.1922,77.1985,77.6961,1710325
20201019,78.104,78.5002,75.4768,75.8252,1486652
20201020,75.4862,78.0004,75.3568,76.8724,2085915
20201021,77.8026,80.0472,77.6681,78.6026,3016053
20201022,78.5535,79.962,78.1808,79.627,1525773
20201023,80.0428,80.9879,79.8872,80.9314,1527402
20201026,80.0403,80.7629,77.7001,78.5183,1791317
20201027,78.7484,79.396,78.1565,79.2414,1295138
20201028,76.8194,77.0077,74.7611,74.8761,2258675
20201029,75.1844,78.7386,75.1611,77.1598,2770343
20201030,82.6393,83.3269,79.3747,80.0953,4996197
20201102,80.4636,82.1833,80.0026,80.5022,2211449
20201103,80.8214,82.221,79.897,81.5598,1571641
20201104,84.5295,87.7237,84.4016,86.5253,3567149
20201105,87.7445,88.8035,86.2864,87.3505,1987907
20201106,86.7974,87.6476,86.0708,87.2132,1431084
20201109,89.0098,90.0461,87.1049,87.297,2672024
20201110,85.7284,87.1959,85.0519,86.1224,2151058
20201111,86.6517,87.3703,86.387,86.5937,1591906
20201112,86.3345,87.4734,86.1348,86.3751,1324363
20201113,86.6319,88.0756,86.0361,87.8342,1487877
20201116,87.4318,88.9285,87.2925,87.9219,1273393
20201117,87.6161,88.0761,87.2013,87.3089,1066034
20201118,87.0601,87.4744,86.1643,86.2671,1005377
20201119,85.8999,87.3996,85.7408,87.1557,1005340
20201120,87.3257,87.641,85.9876,86.056,1385322
20201123,86.2463,86.5322,84.7575,85.6188,1127618
20201124,85.6159,87.5475,85.2803,87.4199,1400306
20201125,87.6137,87.741,86.6497,87.4313,979957
20201127,87.4516,89.0608,87.4516,88.5657,739507
20201130,88.0022,88.2344,86.6239,86.949,1620887
20201201,87.5564,90.2855,87.3768,88.979,1868134
20201202,88.979,90.8316,88.474,90.4465,1471235
20201203,90.227,91.3812,90.0515,90.2914,1236366
20201204,90.2111,90.671,89.8825,90.3866,1027242
20201207,89.9797,90.6606,89.3597,90.053,1114391
20201208,89.6313,90.0005,88.7768,89.7705,996768
20201209,89.7225,90.615,87.3257,88.1117,1586426
20201210,87.3554,87.9695,85.9146,87.6057,1434416
20201211,87.2266,88.0845,86.8668,87.9601,931431
20201214,87.7579,88.7035,86.6879,86.843,1652471
20201215,87.2196,87.4248,86.3181,87.2801,1068292
20201216,87.6781,87.6781,86.6844,87.0873,1233836
20201217,87.4214,87.5591,85.7968,86.2607,1744005
20201218,86.5412,86.6497,84.9964,85.5524,4262837
20201221,84.7054,86.0867,83.9556,85.9658,1698707
20201222,85.7066,85.8692,84.5394,85.2551,1018829
20201223,85.4389,86.4391,85.3036,85.652,1148684
20201224,85.6902,86.3548,85.4598,85.9459,465638
20201228,86.4787,88.5647,86.3256,87.9185,1382537
20201229,88.5761,88.6376,86.9842,87.1156,986287
20201230,87.4744,87.6112,85.6406,86.0495,1051308
20201231,86.1001,87.1027,86.0416,86.8618,1053479
20210104,87.2266,87.35,84.6068,85.548,1866195
20210105,85.4964,86.5739,85.0905,86.2379,1017962
20210106,84.2656,86.4319,84.0597,85.3869,2329401
20210107,85.5792,88.1098,85.5792,87.9373,2096829
20210108,88.077,89.177,87.2871,89.1015,1774226
20210111,88.0701,88.4349,86.837,87.0427,1740618
20210112,86.501,87.6181,85.0645,86.108,1476715
20210113,85.6069,87.0477,85.6069,86.5947,1171590
20210114,86.675,87.6008,85.545,85.7854,1460617
20210115,85.6912,86.613,84.8333,85.6218,1572214
20210119,86.3841,89.3993,85.88,88.4393,2082951
20210120,90.5159,94.1514,90.1759,93.1773,3207570
20210121,93.8504,95.755,93.1446,93.3795,2932973
20210122,93.7418,94.3826,93.0001,93.7963,1637195
20210125,94.7965,95.2465,92.141,93.8816,2529346
20210126,93.4707,94.9456,92.9821,94.5591,1573078
20210127,92.9216,93.1971,89.0742,90.1477,4125631
20210128,90.7454,93.5698,90.7454,91.8456,2763905
20210129,90.8951,91.5649,89.2863,90.565,2226509
20210201,91.4187,94.9352,91.4187,93.8216,2012603
20210202,94.8158,96.6119,94.4808,95.1127,3316620
20210203,102.3728,104.4054,99.7927,102.0392,4894082
20210204,102.1253,102.5557,100.8607,101.7791,2429780
20210205,102.0729,103.876,101.5992,103.5236,1493256
20210208,104.0772,104.8206,102.2608,103.31,1441443
20210209,102.8283,104.0033,102.5904,102.8575,1094583
20210210,103.2416,104.0217,101.7102,103.4071,1255080
20210211,103.6311,103.7798,102.5339,103.5196,1024029
20210212,103.0746,104.0524,102.7673,103.8309,949525
20210216,103.6683,106.3143,103.6683,104.6075,1550195
20210217,103.7788,105.1895,103.4998,105.0,1015177
20210218,104.325,105.167,103.7466,104.3651,1128549
20210219,104.4633,104.998,103.256,103.5226,1896939
20210222,101.7776,103.1023,101.5,101.8103,1473317
20210223,99.8145,102.7143,98.6369,102.1007,1732899
20210224,100.6099,103.4983,100.4855,103.2748,1130437
20210225,101.893,103.2346,99.4428,99.9116,2077409
20210226,100.6055,101.9223,99.1712,100.207,2002064
20210301,101.5,102.8991,100.827,102.5735,1303089
20210302,102.3346,103.8165,101.9297,102.3168,1278184
20210303,101.6958,102.8872,98.8238,99.6866,1694645
20210304,99.858,102.8178,99.3902,100.8027,2460786
20210305,102.1518,104.3845,100.4978,103.932,2654977
20210308,103.2872,104.7581,99.3783,99.4928,1843371
20210309,101.5868,102.2888,100.8855,101.1214,1696031
20210310,102.1641,102.1641,100.0791,100.9147,1355004
20210311,102.0065,104.6357,101.9188,104.1039,1385130
20210312,102.908,102.9675,100.7279,101.5992,1690899
20210315,101.3501,101.8465,100.4984,101.8192,1310741
20210316,102.3916,104.7552,102.0596,103.2788,1595015
20210317,102.5145,104.0276,101.3078,103.196,1319126
20210318,101.509,102.5282,100.0717,100.1787,1585648
20210319,100.5946,100.9568,99.2663,100.4573,2303596
20210322,100.4905,101.5169,99.815,100.6421,1676771
20210323,101.1011,102.2985,100.5088,101.1695,1425456
20210324,101.6864,102.4714,100.5584,100.7333,1260853
20210325,100.5609,101.3831,98.9273,100.7299,1780787
20210326,100.6967,101.0731,99.3119,100.3468,1398875
20210329,100.2194,101.56,99.3912,101.3905,1324631
20210330,101.7468,102.2271,100.9127,101.4242,1365856
20210331,101.8172,103.3962,101.4505,102.2196,2128482
20210401,103.6931,105.849,103.6524,105.5531,1994005
20210405,106.414,110.47,106.3176,109.9729,2425480
20210406,109.5744,110.4209,109.1219,109.4922,1762039
20210407,109.6825,111.2387,109.6825,110.9676,1206696
20210408,112.2051,112.5912,111.1648,111.5326,1433214
20210409,111.2853,112.6992,110.8796,112.5357,1307265
20210412,111.7155,111.8525,110.412,111.2446,1251183
20210413,111.5603,112.1788,111.1668,111.7308,1284078
20210414,112.3751,112.3751,110.8182,111.1103,1050143
20210415,112.1035,113.791,111.5692,113.2583,1458749
20210416,113.456,113.7038,112.5481,113.1344,1314139
20210419,112.5114,114.192,112.5114,113.4818,1514470
20210420,113.8649,113.9397,111.8641,112.949,1114416
20210421,112.6041,112.9981,111.2545,112.9163,1160209
20210422,112.7701,113.4382,111.0315,111.6362,1207276
20210423,112.3538,114.2925,112.0688,113.9858,1455554
20210426,114.2133,115.205,113.8562,114.4814,1601892
20210427,114.8632,114.9037,113.3034,113.5423,2219280
20210428,118.5734,120.5006,116.6269,116.9153,4055340
20210429,118.4116,119.1515,117.6493,118.5865,2061654
20210430,117.3604,118.0458,116.2968,116.6408,2242838
20210503,117.2063,118.031,115.7487,116.1244,1412139
20210504,114.6608,115.2278,111.8423,114.3278,2240932
20210505,115.4082,115.7239,114.3997,114.7213,1331809
20210506,114.303,115.8404,113.6444,115.8404,1259523
20210507,117.1557,117.5205,116.2768,116.563,1444862
20210510,115.3839,115.5257,113.2231,113.5804,1545729
20210511,111.1678,113.012,110.7143,112.5054,1709292
20210512,110.3312,111.4112,108.717,109.0456,2318774
20210513,110.3278,110.9878,109.3663,110.4725,1661020
20210514,111.9345,113.232,111.5113,112.9178,1599829
20210517,112.1838,113.4828,111.7843,113.4402,1079869
20210518,114.1058,114.37,112.1154,112.1293,1110185
20210519,110.4422,112.7498,110.2941,112.5768,1184205
20210520,113.5432,114.584,113.1725,114.3337,1617550
20210521,114.8521,114.9255,113.459,113.6984,2031590
20210524,114.7272,117.238,114.5818,117.0145,1591610
20210525,117.5577,118.1524,116.7151,117.1052,1121982
20210526,117.2861,118.3997,117.2832,117.9695,1078598
20210527,118.4027,118.4027,116.7776,117.0957,1761201
20210528,117.6776,117.7594,116.6086,116.8068,1074540
20210601,117.6786,118.2371,116.6794,118.0126,1167901
20210602,118.4076,118.6301,116.584,117.4878,1058146
20210603,116.2557,116.815,115.4523,116.3474,934796
20210604,117.4224,118.8973,117.0824,118.6267,1222910
20210607,118.4218,119.1689,118.0037,119.0593,1205966
20210608,119.5406,119.9128,118.6866,118.868,1211992
20210609,119.5118,119.5837,118.7917,119.3389,897052
20210610,119.2883,120.7295,119.1327,120.6864,1295375
20210611,120.9278,121.013,119.885,120.4421,1097907
20210614,120.5442,121.3698,119.8374,121.3694,1104878
20210615,121.3738,121.6965,119.9921,120.3524,1078107
20210616,120.5035,120.8148,118.42,119.7111,1323593
20210617,119.6367,121.4457,119.441,120.6735,1292444
20210618,120.3003,120.5343,118.9602,119.0554,2305760
20210621,119.4414,120.9278,118.8447,120.7419,1370683
20210622,120.68,121.3243,120.0,121.2554,1119510
20210623,121.0204,122.0136,120.7637,121.0537,957708
20210624,121.6216,121.974,121.2251,121.4234,1068257
20210625,120.9278,121.5552,120.4968,121.4318,1729819
20210628,121.6003,121.7056,120.3385,121.4591,1426271
20210629,121.5922,121.9395,120.6212,121.1979,1155436
20210630,120.9223,121.1825,120.2879,121.0165,1223699
20210701,120.6552,121.5096,120.4634,121.3684,905641
20210702,122.0677,124.3019,121.978,124.1566,1300109
20210706,124.5442,125.3169,123.4876,125.0809,1320179
20210707,126.0444,126.1653,125.0443,125.3624,1202951
20210708,122.936,124.4917,122.932,123.945,1189467
20210709,123.9262,124.6294,123.4566,124.4153,931584
20210712,125.069,125.9527,124.5068,125.8595,883389
20210713,125.922,126.932,125.5612,126.2223,962347
20210714,126.8334,128.1897,126.7902,127.11,1187283
20210715,127.5183,127.5689,125.418,125.8888,1210940
20210716,126.541,126.6882,125.0448,125.8541,1021227
20210719,124.9813,125.0958,122.4195,123.4831,1398379
20210720,124.4243,125.9266,123.2576,125.1003,1315822
20210721,125.0249,126.4746,124.9159,126.428,1037309
20210722,126.7204,127.3538,126.3783,127.2928,715094
20210723,129.2842,132.2266,128.6597,131.846,2075321
20210726,132.1565,133.0572,131.1387,132.857,1528574
20210727,133.0706,133.2178,128.9605,130.7408,2735474
20210728,135.1139,137.0815,134.0886,134.8979,4756530
20210729,134.9534,135.4599,134.3517,134.5842,1585786
20210730,133.8482,134.1153,133.0751,133.5424,1278789
20210802,133.9295,134.1471,132.6183,133.6693,1081710
20210803,133.9473,134.5391,132.1478,134.438,1038094
20210804,134.1599,134.4573,133.305,133.9379,983801
20210805,134.488,135.1517,133.6609,135.054,893450
20210806,134.8464,135.2731,134.0217,134.5455,1024406
20210809,134.7477,135.9783,134.1498,135.7097,888300
20210810,136.1349,136.5615,135.166,135.6046,970704
20210811,135.9758,136.4722,135.0738,135.0813,767600
20210812,134.7804,136.0933,134.2353,135.9882,825943
20210813,136.0437,136.6449,135.8286,136.517,797372
20210816,136.3162,137.1465,134.1096,137.0939,1119918
20210817,136.5393,137.0503,134.886,135.4604,1085760
20210818,135.3003,135.8993,134.1322,134.2586,962947
20210819,133.254,135.1541,133.0701,134.4875,1089127
20210820,134.8047,136.3451,134.0613,136.2217,1559658
20210823,136.7569,139.6364,136.3981,138.8107,1422670
20210824,139.3757,140.8313,139.1051,140.02,963361
20210825,140.3803,140.9398,140.1335,140.8303,792574
20210826,140.5042,141.1658,140.1146,140.1974,1030466
20210827,140.4075,143.2424,140.2534,142.7384,1439010
20210830,143.1309,144.6876,142.896,143.3197,1221710
20210831,143.8713,143.8954,143.0129,143.4258,1122438
20210901,143.7256,144.9684,143.6102,143.9392,1096805
20210902,143.9397,144.2403,141.9263,142.0277,1617907
20210903,141.823,142.8881,141.149,142.4762,992718
20210907,142.5704,143.2945,142.3568,143.0125,1006595
20210908,142.8335,143.1309,141.7432,142.4281,917511
20210909,142.5763,143.0422,141.9191,142.2795,765855
20210910,142.945,143.4466,139.5008,139.6379,1841967
20210913,140.7019,141.6936,140.0086,141.0816,1104692
20210914,141.7385,142.103,140.5042,141.2917,983693
20210915,141.5167,143.181,140.1052,143.1601,1370379
20210916,142.6854,143.0318,141.15,142.3478,1309771
20210917,141.7734,142.1893,139.2352,139.5625,2669223
20210920,136.9472,137.7784,135.1236,137.5003,2325902
20210921,138.5213,138.781,137.0627,137.8111,1266595
20210922,138.0797,139.6488,137.3338,139.0506,1252778
20210923,139.7484,140.4512,139.1675,139.9749,1047550
20210924,139.3033,141.0793,139.0085,140.9651,1149195
20210927,139.5668,140.691,138.8365,139.8321,1094098
20210928,137.4364,137.874,134.1704,134.6362,2288610
20210929,135.7761,135.9456,132.6885,133.1727,1542435
20210930,133.0815,134.3512,132.3822,132.5012,1901440
20211001,133.2659,135.7072,132.8947,135.343,1768009
20211004,134.7656,134.7656,129.8982,132.4848,2560097
20211005,132.8629,136.0185,132.8629,134.8275,1620163
20211006,133.5657,136.5393,133.3675,136.356,1218214
20211007,137.6713,138.8112,137.4326,138.0014,1255507
20211008,138.3503,139.0977,137.9939,138.557,1326292
20211011,138.0678,139.4753,137.6386,137.6931,897681
20211012,138.2541,138.2809,134.5668,135.2498,1816612
20211013,136.1949,136.7871,135.319,136.3728,983116
20211014,138.248,140.0951,137.6049,139.9105,1596397
20211015,140.3699,140.4725,139.5179,140.1255,1513722
20211018,139.8366,141.541,139.8296,141.5232,1019808
20211019,142.1273,142.3999,141.3467,141.9781,1008150
20211020,142.0782,142.2845,140.134,140.523,1164403
20211021,140.523,140.9066,139.2652,140.639,1314613
20211022,137.927,139.3472,134.8602,136.3575,2529448
20211025,136.3411,136.7871,134.2338,136.239,1720613
20211026,138.0395,138.8518,137.089,138.0841,2461751
20211027,138.1798,147.3435,138.1798,144.9324,4289070
20211028,145.8414,145.8647,143.3557,144.5672,1810319
20211029,143.8029,146.9391,143.3782,146.7449,2166015
20211101,146.7449,146.7449,141.9667,142.2358,2346162
20211102,143.3088,145.3205,143.067,144.1543,1674112
20211103,144.6182,145.38,143.3202,145.3096,1374662
20211104,145.8315,148.4175,145.0221,146.9644,1920563
20211105,147.8585,149.0063,146.8945,147.5438,1917737
20211108,148.5082,149.291,147.126,147.7212,1152625
20211109,147.9214,148.5176,145.9506,147.6097,976487
20211110,146.2037,146.7686,143.2672,144.6113,1498490
20211111,145.202,146.2388,144.3208,144.4854,825874
20211112,145.3269,147.5418,144.133,147.3713,1118000
20211115,147.5918,148.2351,146.278,147.1473,1175352
20211116,146.8474,147.4551,146.0178,146.5764,945200
20211117,146.7265,147.2538,145.9459,146.7458,979975
20211118,146.9386,149.2571,146.5848,148.5216,1781411
20211119,148.6573,149.6397,147.5904,147.6176,1684969
20211122,148.0201,148.5127,144.863,145.0162,1531460
20211123,144.8685,145.371,142.8484,144.5008,1361558
20211124,144.195,144.9639,143.1041,144.8358,902007
20211126,143.0799,143.287,140.5959,140.9334,1523462
20211129,142.7344,145.0117,142.6289,144.2515,1629752
20211130,143.7341,144.7168,140.357,140.6504,2103361
20211201,142.7344,144.6675,139.6736,139.8118,1702762
20211202,140.0086,142.6001,138.9822,141.7095,1459742
20211203,142.4182,143.1309,139.0679,140.7535,2061508
20211206,141.7833,142.5882,138.9183,141.8968,1530905
20211207,144.3169,146.2346,143.9511,145.9752,1612015
20211208,146.2993,147.0888,145.1193,146.8841,1213516
20211209,146.2939,147.7896,145.822,146.3409,1163486
20211210,147.3931,147.6682,145.4144,146.7007,1223138
20211213,146.4827,146.6695,144.2386,144.5449,1353470
20211214,142.7027,143.2102,139.9736,142.6422,1922312
20211215,142.1486,145.4315,140.4327,145.154,1818523
20211216,145.8771,146.3789,142.3449,143.1755,1682519
20211217,141.2476,142.5704,140.0581,140.4794,2550894
20211220,138.7696,140.5285,138.0965,140.3624,1359618
20211221,140.805,142.6046,139.2677,142.2116,1437768
20211222,141.8101,145.2124,141.8101,145.1282,1316119
20211223,145.2124,146.9406,145.1649,145.6253,1319172
20211227,145.9618,147.0402,145.8758,146.6066,799223
20211228,146.9332,146.9956,144.7706,145.3978,912715
20211229,145.3555,146.1214,144.3674,145.3661,889373
20211230,145.4047,146.0054,144.7114,144.9156,784386
20211231,144.7664,145.4092,143.5789,143.5789,906759
20220103,143.7801,144.5691,142.4497,143.7172,1433947
20220104,144.1181,145.1975,142.4532,143.1304,1419972
20220105,143.1507,143.2294,136.4779,136.5641,2730914
20220106,135.7945,138.7101,135.3583,136.5369,1867371
20220107,136.9314,137.2317,134.5733,135.8128,1488028
20220110,133.8908,137.5994,131.9941,137.4508,2220406
20220111,136.7941,138.9837,135.4909,138.5079,1436485
20220112,139.9095,141.3544,139.458,140.1875,1305602
20220113,140.296,141.5945,137.1926,137.369,1571830
20220114,135.8742,139.5051,135.7945,138.2546,1483064
20220118,134.9782,135.9263,134.2479,134.8027,1744405
20220119,135.3236,136.747,133.8289,133.929,1432382
20220120,135.0525,136.4164,131.7961,132.1359,1495357
20220121,131.4282,133.6802,128.9432,129.2059,2782571
20220124,124.8708,130.0499,123.4058,129.6544,3834712
20220125,127.6085,128.2617,125.3887,125.8194,2348028
20220126,129.9666,131.8311,126.0246,128.0972,2456475
20220127,130.15,131.4864,127.7991,127.8712,1600939
20220128,128.5195,132.1845,127.3558,132.179,1718074
20220131,132.9829,134.2824,131.0475,134.1143,1999300
20220201,136.3852,136.5817,133.1876,136.4343,3432182
20220202,149.9207,150.2147,144.2435,146.6993,6159961
20220203,144.4249,148.3595,141.4115,141.8324,3575861
20220204,142.1839,143.6017,139.28,142.0336,2899911
20220207,142.9822,142.9822,137.6792,137.9776,2748665
20220208,137.8046,138.7696,135.8097,138.1739,2714180
20220209,139.7246,141.2716,138.955,140.3476,2007194
20220210,138.4757,140.241,136.7445,137.4017,1966533
20220211,137.3819,137.9332,132.2276,133.1023,1997917
20220214,132.0853,135.1021,132.0853,134.3349,1715054
20220215,136.3614,136.8947,134.6278,135.4079,1335563
20220216,135.4455,136.8724,133.7379,136.5275,1251065
20220217,135.0456,135.9084,131.3142,131.3741,1947475
20220218,132.294,132.8917,129.0522,129.2569,2280972
20220222,128.697,131.0185,127.0963,128.6726,2249537
20220223,130.4915,130.8904,126.4067,126.4667,1639301
20220224,123.8551,131.8311,123.8551,131.5248,2722754
20220225,132.3782,134.0826,130.5936,133.2778,1820299
20220228,131.8807,134.5584,131.4269,133.87,1943221
20220301,133.6931,135.058,132.0477,132.8833,1324768
20220302,133.4448,134.0737,131.902,133.3888,1175990
20220303,134.8146,135.2404,131.8564,132.7227,1230162
20220304,131.7592,132.6751,129.192,130.7472,1522532
20220307,130.3324,130.5772,125.185,125.2678,2255647
20220308,125.1404,130.0965,124.5702,125.9874,2021355
20220309,130.0965,132.5601,128.7588,132.2474,1851270
20220310,130.1123,132.1005,129.7619,131.2656,1355070
20220311,132.3153,132.6196,128.4922,128.7291,1576322
20220314,129.1053,129.2629,124.174,124.844,1940563
20220315,125.86,128.7132,124.6156,128.0625,1545976
20220316,129.584,132.1612,127.6031,132.1091,1778849
20220317,131.9788,132.902,131.0233,132.6627,1413196
20220318,132.2519,135.0466,131.0959,134.9291,2228345
20220321,134.9668,135.8455,132.9137,134.9053,1341584
20220322,134.9053,139.8103,134.9053,138.6387,1774777
20220323,137.4835,138.3617,136.6236,137.0602,1257670
20220324,137.9766,140.3741,136.5398,140.3278,1319828
20220325,140.6687,140.7867,138.5094,140.4279,1207154
20220328,139.6622,140.7545,138.5825,140.2123,1752463
20220329,141.3938,142.5297,140.7899,141.2531,1715851
20220330,141.208,141.466,140.3555,140.691,994238
20220331,140.8045,140.8588,137.8026,137.8453,1876236
20220401,138.274,139.2362,137.0919,138.9187,1297072
20220404,139.1249,142.4489,139.0773,141.715,1298542
20220405,141.6134,141.7338,139.1487,139.3554,1070906
20220406,137.5306,138.1357,134.326,135.3479,1623424
20220407,134.8146,135.959,133.0477,134.6942,1311680
20220408,134.3919,134.4776,131.7969,132.1161,1257140
20220411,130.6649,130.9316,127.5377,127.6913,1844153
20220412,130.4434,130.4434,125.6747,126.592,1635535
20220413,126.875,129.1885,126.6186,128.7524,1396362
20220414,129.3327,129.3327,125.4883,125.6162,1579899
20220418,125.8838,127.0857,125.073,126.5544,1040433
20220419,126.5692,129.1875,125.8833,128.8664,1324488
20220420,129.7416,130.2442,126.3794,126.9147,1584773
20220421,128.1141,128.9551,123.4321,123.7175,1822258
20220422,123.9014,124.2999,117.8798,118.5841,2844186
20220425,118.0542,122.194,117.4694,121.9923,2306413
20220426,121.2197,121.4333,117.4694,117.6072,3652744
20220427,113.4632,116.2116,111.7457,113.29,4591029
20220428,115.3919,118.5979,113.1121,117.4808,2444232
20220429,115.7085,116.8834,112.8142,113.1066,2133800
20220502,112.4083,115.7195,111.6104,115.5584,1776651
20220503,115.4072,117.4009,115.0147,116.3028,1248368
20220504,116.0029,121.7748,114.1043,121.1865,2495764
20220505,119.1476,119.9752,113.995,115.4816,2292029
20220506,114.1722,116.5382,113.0134,114.7292,1985479
20220509,112.2547,114.0657,111.0162,111.5222,2040143
20220510,114.4923,115.2283,111.9082,113.3896,1995019
20220511,112.2413,115.3417,112.2413,112.6041,1876737
20220512,110.3986,113.2905,108.8593,111.8522,2691809
20220513,113.5264,116.839,112.6066,115.0306,1751924
20220516,113.9452,115.149,112.8886,113.4392,1299522
20220517,115.8136,115.8726,113.8602,115.4493,1152658
20220518,113.9893,114.3858,110.5751,110.916,1756299
20220519,110.4522,112.0168,109.0332,109.4139,1707220
20220520,110.9671,111.1975,104.8665,107.9508,2448148
20220523,108.6244,111.1619,107.7853,110.5082,1859247
20220524,104.8424,105.5226,100.9892,105.0387,3838989
20220525,104.0628,105.564,102.9437,104.8751,2012867
20220526,104.7482,107.6946,104.3001,106.8451,1897361
20220527,108.5208,111.3309,108.1791,111.3294,1895706
20220531,111.7556,114.7178,111.0935,112.7622,2500613
20220601,113.8456,116.0724,112.2547,112.891,1830276
20220602,112.9981,116.8633,111.9538,116.5887,1899614
20220603,115.0425,115.2993,112.5208,113.5343,1306773
20220606,115.6788,118.2981,115.1431,115.7938,1677077
20220607,114.4656,116.6566,114.0408,116.1199,1579523
20220608,115.7353,117.5284,115.5752,116.164,1305387
20220609,115.3051,117.2593,113.7673,113.8262,1289898
20220610,111.4567,112.2834,109.3961,110.1845,2074092
20220613,105.848,107.8354,105.1865,105.4574,2362596
20220614,105.5987,106.976,104.8701,105.7776,1685313
20220615,107.591,110.4442,106.7232,108.7998,1984909
20220616,106.2787,107.6936,104.214,105.1016,2584248
20220617,105.1016,107.7442,104.1228,106.2018,2568826
20220621,107.9721,111.5006,107.6455,110.5637,2370790
20220622,109.5848,112.3503,109.4122,110.5077,1538707
20220623,111.2451,111.7516,109.5293,111.2555,1418096
20220624,112.0019,117.0412,111.9598,116.9381,2058184
20220627,117.2335,117.5373,114.1674,114.8155,1821038
20220628,114.7847,116.2785,110.865,111.0231,1794048
20220629,110.5716,112.1657,109.8981,110.7198,1235841
20220630,109.0332,109.9134,105.8118,108.0053,2158453
20220701,106.9844,108.2898,105.7925,107.7818,1773783
20220705,106.1592,112.3803,104.8022,112.2676,1969982
20220706,112.3062,114.5736,110.4963,113.5651,1871569
20220707,114.0686,118.142,113.8243,117.739,2046794
20220708,116.2195,118.6331,115.8738,118.3045,1911908
20220711,116.9609,116.9609,114.3169,114.6598,1562185
20220712,115.1936,115.9459,112.691,113.0184,1497985
20220713,110.7193,113.1924,110.2242,110.3748,2186101
20220714,109.2419,110.1166,107.4205,109.3975,1850152
20220715,111.0162,112.1461,109.9253,110.7951,2338456
20220718,111.65,112.6809,107.4176,108.0718,43164588
20220719,109.8758,113.0179,108.5971,112.8097,36530945
20220720,112.1754,114.3858,111.4914,112.899,35600426
20220721,113.2756,113.5432,110.1367,113.3351,32676166
20220722,110.0244,111.3527,105.564,106.9517,48901184
20220725,107.4572,108.9044,105.3658,106.5651,34690894
20220726,105.6631,106.2578,103.1554,104.097,47990963
20220727,108.2997,112.9089,107.0607,112.0663,59858495
20220728,111.3824,113.3351,110.4804,113.2161,32816568
20220729,112.0862,115.6793,112.0663,115.2977,37223391
20220801,114.2867,115.6942,113.3351,113.8505,26034288
20220802,112.9981,115.3274,112.7205,114.1181,20236029
20220803,114.6931,117.5775,114.4651,117.0422,28499014
20220804,116.4475,117.7361,115.8627,117.1513,21602925
20220805,115.2085,117.0676,114.9805,116.4376,19159520
20220808,117.3495,119.094,115.8528,116.2691,19169479
20220809,116.1055,116.2889,114.6931,115.605,19086465
20220810,117.7361,119.8573,117.3693,118.648,30930350
20220811,120.2141,120.4223,117.518,117.7955,24293654
20220812,119.2031,120.6106,118.4101,120.6106,19096268
20220815,120.0654,121.2251,119.55,121.0071,19494825
20220816,120.452,121.354,119.5797,120.6304,19041230
20220817,119.0643,120.224,118.3308,118.4993,22846958
20220818,118.3804,119.7581,117.6766,119.1139,17987660
20220819,118.0136,118.1028,115.7338,116.1799,21809528
20220822,114.1875,114.6138,112.8494,113.236,21456648
20220823,112.4777,113.9992,112.4331,112.8593,15870373
20220824,112.5025,113.7712,111.8781,112.6908,17734624
20220825,113.231,115.6942,113.1071,115.6248,16956794
20220826,113.7118,114.1082,109.2216,109.3702,37245697
20220829,109.0233,109.9749,107.8438,108.4583,21191157
20220830,109.2017,109.5288,106.8526,107.9826,27513255
20220831,109.6775,109.8758,107.1797,107.2689,28626972
20220901,107.3284,109.4743,106.4164,108.7755,28360926
20220902,109.618,109.7667,106.3173,106.9021,24160711
20220906,106.357,107.0805,104.8503,105.8713,25068280
20220907,106.1191,109.0134,105.9605,108.4881,23166967
20220908,107.0905,108.6368,106.2182,107.4275,24238293
20220909,108.1065,110.0145,108.0618,109.6775,23213585
20220912,110.0145,110.639,108.9638,109.8857,22966752
20220913,106.8526,107.3482,103.1752,103.4032,38172871
20220914,103.651,104.3498,102.749,104.0772,26395134
20220915,103.1157,104.3448,101.4505,102.0055,34188284
20220916,101.1729,102.2236,100.0529,101.8965,42797172
20220919,100.8557,102.4219,100.6575,102.1641,23036811
20220920,101.1828,101.4703,99.6366,100.2511,26517123
20220921,100.7764,101.9758,98.3975,98.4075,31487265
20220922,97.9515,100.3502,97.9218,99.2599,34298619
20220923,98.7544,98.7841,96.6134,97.8722,31625437
20220926,97.2378,99.0022,96.9405,97.3072,27072662
20220927,98.5561,99.1211,96.0206,96.6431,30072781
20220928,96.7918,99.815,96.2565,99.1707,32466323
20220929,97.7731,97.7731,95.1166,96.5638,31047224
20220930,96.197,98.0308,94.7201,94.8094,32941493
20221003,95.9096,98.4146,95.6727,97.7731,27982031
20221004,99.5573,100.945,99.4978,100.7467,28850773
20221005,98.9477,101.0342,97.9317,100.5386,22176903
20221006,99.7951,102.0208,99.7059,100.5286,22323989
20221007,98.9724,99.6465,97.4311,97.8127,27502765
20221010,98.1299,98.2241,96.1574,96.9999,18225094
20221011,96.5737,98.3728,95.4636,96.3259,26507103
20221012,96.4449,97.8821,95.8848,96.7026,21876362
20221013,94.3137,98.8981,93.5541,98.1894,34574549
20221014,99.1112,99.8051,95.523,95.7114,25410674
20221017,97.9911,100.0429,97.9614,99.0914,28419192
20221018,102.2236,102.5606,99.0914,99.8844,24060671
20221019,99.131,100.1305,98.0507,98.7544,23811064
20221020,99.1211,101.4207,98.5165,99.0914,25323202
20221021,96.9851,100.4196,96.8612,100.2412,32458722
20221024,100.9053,101.847,99.1013,101.619,27176417
20221025,101.9956,103.8988,101.8172,103.5617,40611375
20221026,95.5825,97.446,93.8578,94.0957,88279042
20221027,93.6893,94.5913,90.9932,91.4095,60710859
20221028,91.4591,95.7014,91.3203,95.4437,43697286
20221031,94.5814,95.186,93.154,93.6794,31675036
20221101,94.6111,95.186,89.5758,89.6749,47161351
20221102,90.1407,90.3786,86.1164,86.2056,57038282
20221103,85.5614,85.7596,82.6075,82.6968,61288019
20221104,84.6494,85.8785,82.9743,85.8191,51124904
20221107,86.5129,88.1187,86.0867,87.7123,34078912
20221108,88.1187,89.5262,86.8203,88.1187,30429025
20221109,87.6726,88.649,86.5129,86.5526,31769099
20221110,91.4392,93.5604,90.8049,93.1144,51620136
20221111,93.8578,96.0781,93.0946,95.5627,33090482
20221114,94.2543,95.9393,93.6794,94.8589,30179539
20221115,97.3964,99.2599,95.86,97.5748,41640816
20221116,97.0396,98.7618,96.7819,97.9812,29105154
20221117,96.1178,98.4075,95.9393,97.4955,26052599
20221118,97.9019,98.0308,95.523,96.5737,28342297
20221121,96.4349,97.5352,94.5169,94.7598,21647387
20221122,95.1067,96.3656,93.2234,96.197,23438480
20221123,96.2367,97.892,96.2367,97.5947,18868092
20221125,97.3766,97.7731,96.544,96.6034,9701441
20221128,96.1835,96.7224,94.7697,95.2058,26252433
20221129,94.8887,95.2752,93.2829,94.3534,20061720
20221130,93.9866,100.152,93.5902,100.1024,43647481
20221201,100.1322,101.3513,99.3689,100.1024,28687096
20221202,98.1795,99.8844,98.0308,99.5573,21480703
20221205,98.5264,100.489,98.1299,98.6057,24405087
20221206,98.4273,98.9031,95.5726,96.1277,24910655
20221207,95.5627,96.0296,93.8826,94.1056,31045449
20221208,94.5417,94.74,92.6287,92.8864,32213288
20221209,92.9459,93.4316,91.9348,92.0141,28225448
20221212,91.8952,92.7377,90.8049,92.4899,29009013
20221213,96.9008,98.6553,94.1948,94.7895,40593656
20221214,94.3633,96.0186,92.7774,94.2345,28733599
20221215,92.3115,92.817,89.2189,90.0615,40107033
20221216,89.9623,90.5273,88.7332,89.4667,58011847
20221219,89.4618,89.7641,87.4347,87.6627,29493030
20221220,87.3356,88.3913,86.6716,88.2376,23453836
20221221,88.2971,89.4271,87.5438,88.7927,24745637
20221222,87.3852,87.7618,85.5614,86.9887,27658293
20221223,86.3444,88.758,86.3048,88.4458,23003035
20221227,88.0146,88.1583,86.2453,86.6219,20097346
20221228,86.2156,87.2662,85.1847,85.264,19523176
20221229,85.8587,88.0642,85.8488,87.6726,23333537
20221230,86.2156,87.524,85.8092,87.4546,23986297
20230103,88.7977,90.2498,87.742,88.3367,28131224
20230104,89.5559,89.8533,86.504,87.3059,34854776
20230105,86.7012,86.8004,85.145,85.4424,27194375
20230106,86.0272,86.9193,84.1142,86.5724,41381495
20230109,87.5834,89.2586,87.0878,87.2464,29003901
20230110,85.2243,87.8907,85.0757,87.6429,30467755
20230111,88.3962,90.7949,88.2277,90.7157,26861969
20230112,90.676,91.0626,88.9612,90.3291,30258135
20230113,90.0515,91.3798,89.3378,91.3104,26329212
20230117,91.2509,91.4392,89.2586,90.4877,32602423
20230118,91.3302,91.9843,89.8434,90.3192,29116691
20230119,89.9227,92.7823,89.8335,92.2322,37000395
20230120,94.2642,97.4361,94.1849,97.1585,63191078
20230123,97.0891,99.1608,96.6431,98.913,40005055
20230124,97.2378,98.7346,96.3457,96.8413,33078512
20230125,94.7301,95.3169,92.936,94.3831,42329952
20230126,95.6519,96.7125,94.5417,96.6629,30113974
20230127,96.4548,99.4383,96.4548,98.4967,33879753
20230130,96.6233,97.4262,95.5478,96.088,27226198
20230131,96.0186,98.011,95.9691,97.9713,29870669
20230201,97.8425,100.3007,96.7224,99.5473,35531104
20230202,104.8701,106.9021,104.6818,106.7931,69883762
20230203,102.0254,106.8625,101.6784,103.8591,65309261
20230206,101.5,103.4428,100.9846,101.9956,31999562
20230207,102.3128,107.2292,102.2137,106.694,49010230
20230208,101.1531,102.2335,97.1734,98.4967,94743515
20230209,99.1211,99.1509,92.8071,94.175,119455020
20230210,94.6111,95.8997,93.4217,93.7388,54980696
20230213,93.9074,94.3633,93.0153,93.7785,50076120
20230214,93.6001,94.0114,91.4491,93.8479,54726120
20230215,93.6595,96.2664,93.3225,96.088,50298481
20230216,94.5318,96.8215,93.9074,94.6706,42462618
20230217,94.0164,94.72,92.3908,93.5208,34284118
20230221,92.1826,92.2818,90.9139,90.9833,33629256
20230222,90.8941,91.3005,89.8136,90.8445,30884017
20230223,91.1121,91.132,88.9711,90.0912,41206380
20230224,88.6539,89.1,87.7965,88.3467,36585093
20230227,89.0802,89.3676,88.5499,89.0802,27502302
20230228,88.5449,90.4282,88.535,89.2685,30142039
20230301,89.1892,90.23,88.8819,89.5658,31111225
20230302,88.872,91.464,88.8026,91.1914,32226229
20230303,91.6672,92.9062,91.6375,92.8269,35160105
20230306,93.1887,95.1265,93.1739,94.2939,32639313
20230307,94.1452,94.8292,92.708,93.0351,27835476
20230308,93.2928,95.1117,93.1739,93.4217,34103265
20230309,93.2234,94.6904,91.0923,91.5086,28813532
20230310,91.3599,91.9745,89.6005,89.8335,35941046
20230313,89.2982,91.7564,88.6341,90.3093,37335573
20230314,91.7465,93.5307,91.6276,93.1441,36050214
20230315,92.4007,96.0781,91.8258,95.2653,50622050
20230316,95.3545,100.3007,94.6607,99.4383,65567656
20230317,99.3788,101.9312,99.2202,100.7269,61028547
20230320,99.2401,100.8557,98.9923,100.3304,32960440
20230321,100.3601,104.1763,100.3304,103.9979,42110279
20230322,103.3536,105.6532,102.4219,102.4615,43427419
20230323,104.1367,105.3658,103.5419,104.6719,40797769
20230324,104.0673,104.5629,102.9274,104.5133,30411043
20230327,103.6956,103.8393,101.0315,101.5595,31120864
20230328,101.5397,101.5496,98.8634,100.1421,32057865
20230329,101.3811,101.5892,99.7654,100.4989,28779572
20230330,100.0231,100.266,98.9031,100.0033,33086183
20230331,100.4097,102.9769,100.152,102.8183,36863369
20230403,101.4901,103.6113,101.0342,103.4428,25035399
20230404,103.4131,104.6521,103.1256,103.7996,24420079
20230405,104.8503,105.1675,102.749,103.5518,28290503
20230406,104.3349,108.2105,103.4131,107.4671,48711480
20230410,106.0398,106.6444,104.1961,105.5045,27067355
20230411,105.6136,105.792,103.76,104.4241,26311803
20230412,105.6433,105.8118,103.423,103.7203,24370274
20230413,104.9098,106.5453,104.9098,106.4858,24843579
20230414,105.9506,107.9826,105.901,107.9132,26578002
20230417,103.7382,105.227,103.6014,105.0387,37571218
20230418,105.5541,105.6036,103.1554,103.5816,26596445
20230419,102.6697,104.0574,102.1641,103.2644,20905684
20230420,102.9968,105.3162,102.9555,104.3646,27820794
20230421,104.543,105.0684,103.8591,104.4836,25800082
20230424,104.5629,105.6929,103.7798,105.0387,23542829
20230425,104.8949,105.7523,102.9274,102.9373,46664104
20230426,103.9979,105.4153,101.728,102.7985,53347560
20230427,103.532,107.4176,102.63,106.6444,50089187
20230428,106.0992,106.4065,104.1664,106.3966,36139847
20230501,105.901,107.0409,105.8812,106.2578,26681680
20230502,106.1984,106.2578,102.7985,104.3944,30997245
20230503,104.6025,106.5453,104.0375,104.4836,21795405
20230504,104.5579,104.6719,103.0562,103.7699,23419506
20230505,103.8988,104.9494,103.195,104.6422,26639254
20230508,104.2556,107.0112,104.2358,106.8228,26511445
20230509,107.4374,109.1819,106.2479,106.4065,36360141
20230510,107.0211,111.9474,106.9814,110.7679,63153367
20230511,114.3808,116.8836,113.4045,115.5455,78900029
20230512,115.6545,116.9927,115.0895,116.4772,41102330
20230515,115.0895,117.4387,114.9904,115.486,36266765
20230516,115.4662,119.6888,115.4067,118.4597,45035558
20230517,118.5588,120.6007,117.8451,119.778,33323588
20230518,119.887,122.2263,119.7681,121.7505,35234233
20230519,122.4641,124.8629,121.0765,121.6811,41353445
20230522,121.8595,125.3188,121.6613,123.951,35253034
20230523,123.0688,123.5297,121.1363,121.4828,34046251
20230524,120.0555,120.8386,118.8066,119.8374,34182635
20230525,123.4256,124.2186,120.8881,122.3948,42316986
20230526,122.0875,124.1591,121.3738,123.5148,35635937
20230530,124.5358,124.5556,120.9278,122.5831,35076658
20230531,121.6712,122.9698,121.4234,121.7901,37325787
20230601,121.7356,123.3265,121.5423,122.6327,30772683
20230602,122.9003,125.0413,122.6723,123.5743,26980147
20230605,122.9201,126.31,122.7516,124.9025,32305531
20230606,124.9025,127.1625,124.2582,126.1911,26638295
20230607,125.8541,127.9059,121.0467,121.4234,52538986
20230608,121.1508,122.142,120.1744,121.0665,29389167
20230609,121.1756,122.6673,120.8386,121.1557,23778319
20230612,121.7059,122.9598,120.5908,122.5534,28338743
20230613,123.8816,124.06,122.0974,122.7417,22278313
20230614,122.0181,122.9598,120.3826,122.5831,30592297
20230615,122.0578,124.3574,121.3243,123.9906,35246268
20230616,124.8232,124.9997,122.1965,122.4443,45535553
20230620,121.8496,123.4752,121.0665,122.0181,26097492
20230621,121.3243,121.582,119.0445,119.4905,30306336
20230622,118.9453,122.1569,117.7856,122.0677,26952246
20230623,120.3132,121.7087,119.996,121.2648,34913637
20230626,119.6987,120.9278,117.2256,117.2999,33969897
20230627,116.051,118.0334,115.0796,117.29,39535936
20230628,116.0609,119.3319,115.823,119.1238,27091449
20230629,118.192,119.0048,117.2553,118.0533,24090902
20230630,119.1139,120.0159,118.6381,118.648,29532241
20230703,118.192,119.1337,117.7739,118.8462,14467850
20230705,118.192,121.5324,118.1821,120.68,27584809
20230706,118.7421,119.2427,117.3594,119.0544,24778801
20230707,119.0445,119.9861,118.3506,118.4299,21709549
20230710,117.2603,117.2652,115.1143,115.4265,35315235
20230711,115.268,116.6755,114.3362,116.1105,23078782
20230712,117.7559,119.2724,117.3738,117.8848,30404409
20230713,119.8672,123.7329,119.3914,123.4454,44297915
20230714,123.7032,125.6608,122.4047,124.3177,33283076
20230717,124.8331,125.9828,123.1035,123.5545,25716215
20230718,123.5049,123.5842,121.8793,122.6723,26226447
20230719,123.5049,124.0798,120.7295,120.9575,37224033
20230720,120.3529,122.9994,117.181,118.1524,37906763
20230721,119.5599,119.9266,117.6865,118.9652,71606474
20230724,120.5908,121.919,119.9167,120.4619,29723667
20230725,120.2934,122.0627,119.9564,121.1359,52509551
20230726,128.9268,129.8288,127.1922,128.1339,61682093
20230727,130.5128,132.069,127.6581,128.2627,44952074
20230728,129.6306,132.5646,129.4224,131.4148,36591158
20230731,131.5635,132.3515,130.6169,131.5536,28055531
20230801,129.6256,131.4643,129.5315,130.3938,23276440
20230802,128.3123,128.9467,126.4389,127.2517,26273258
20230803,126.8453,128.2479,126.3001,127.3211,20159528
20230804,128.1438,130.3542,126.7858,126.9841,26147158
20230807,128.0248,130.4533,127.8861,130.374,22746290
20230808,129.472,130.3542,128.4065,130.2452,23535181
20230809,130.5029,130.8795,127.8662,128.5204,24912918
20230810,130.1659,130.8894,128.3123,128.5502,20857754
20230811,127.5292,128.7881,127.0435,128.4213,19591080
20230814,128.2528,130.2154,127.8266,130.1758,24695608
20230815,129.9478,130.265,128.1438,128.6394,19770732
20230816,127.5689,129.1359,126.7412,127.5689,25216068
20230817,128.6592,130.83,128.1537,128.7782,33446280
20230818,127.3806,128.1141,125.2717,126.3398,30504769
20230821,126.0573,127.5937,125.4477,127.2418,25248729
20230822,127.3806,129.133,127.1922,127.9455,22067520
20230823,129.0359,132.2375,128.7286,131.2066,27819713
20230824,132.7727,133.0701,128.4312,128.6394,28500694
20230825,128.4015,129.6108,126.1316,128.7385,26762891
20230828,130.1559,131.3751,128.9962,129.8586,20543266
20230829,131.0778,135.3697,131.0778,133.3873,43075556
20230830,133.5954,135.0773,132.8917,134.6858,28315769
20230831,134.8146,136.7871,134.5966,134.9732,30053800
20230901,136.2469,136.2469,133.6648,134.4677,21543687
20230905,134.2496,135.221,133.3973,134.5767,19403112
20230906,134.8246,135.33,132.4902,133.2783,18684534
20230907,132.4159,134.3884,131.7815,134.0712,18844342
20230908,133.7243,135.4589,133.6648,135.1814,23584188
20230911,135.34,136.2717,134.5916,135.7166,20763350
20230912,135.0624,135.6672,134.0018,134.1505,18405505
20230913,133.9027,135.6968,132.971,135.5085,20749496
20230914,136.3907,137.476,135.0426,136.8863,24750968
20230915,136.7673,137.3026,135.2805,136.1924,38919614
20230918,135.4094,137.937,135.4094,136.9953,21861346
20230919,136.2122,137.1935,135.4193,136.8268,20353653
20230920,136.8664,136.8664,132.4456,132.5646,29927475
20230921,130.2848,131.0679,128.9268,129.2936,31503910
20230922,129.6108,130.8647,128.461,129.1053,26397337
20230925,128.689,130.0172,127.8266,129.9577,20094643
20230926,128.6295,129.2188,126.1019,127.4351,25718704
20230927,127.44,129.7446,127.44,129.3927,22746452
20230928,128.6989,132.1285,128.6493,131.1472,22513132
20230929,132.1086,132.8719,129.2143,129.7099,30859790
20231002,130.0568,133.2386,130.0172,132.9908,22288038
20231003,132.7628,133.08,130.6813,131.2661,22989401
20231004,131.6229,134.3785,131.3652,134.0514,26752295
20231005,133.8829,134.2992,132.2771,133.8829,19832615
20231006,132.8322,136.9408,132.8322,136.3708,27597598
20231009,135.7365,137.7189,134.4182,137.2035,19278070
20231010,137.2828,138.492,136.123,136.8466,27786613
20231011,137.3621,139.8698,137.3621,139.3147,25884303
20231012,139.8103,139.9788,137.0449,137.7486,24765537
20231013,138.155,138.7696,135.4143,136.1528,23435599
20231016,136.9557,138.4028,136.7772,137.8725,28501871
20231017,137.4116,138.6705,135.9744,138.492,23515780
20231018,138.2194,139.4832,136.1726,136.7475,23374998
20231019,137.2828,138.4326,136.1726,136.5393,26066011
20231020,136.123,136.6583,133.8928,134.4082,26335673
20231023,133.8532,136.45,132.7727,135.3003,26317930
20231024,136.6186,138.1351,136.2122,137.59,44814321
20231025,127.0336,127.1823,123.9708,124.506,84366208
20231026,122.1866,123.237,120.2042,121.2053,57061140
20231027,121.8,122.2263,119.1492,121.0963,44566506
20231030,122.1271,124.2979,121.6712,123.3661,28940081
20231031,123.9609,124.2682,121.6067,122.9895,26292342
20231101,122.9796,125.3783,122.6277,125.3387,30082438
20231102,127.2913,127.8464,125.8144,126.3695,27124647
20231103,126.8949,128.3866,126.7363,127.9654,26393109
20231106,127.9158,129.1945,127.5391,129.1053,19052740
20231107,129.5612,130.7507,128.7385,129.8189,29757276
20231108,129.8189,131.048,129.6306,130.6813,26425849
20231109,130.8002,131.385,128.9219,129.0953,23747773
20231110,128.9615,131.6329,128.2726,131.4247,26927826
20231113,130.6218,131.4247,130.0965,130.9291,18324751
20231114,133.0106,134.5074,132.1483,132.4456,32395178
20231115,133.6847,133.8433,132.3961,133.4369,23861515
20231116,134.0018,136.0139,133.1395,135.7266,28013179
20231117,134.8047,134.8642,132.4754,134.1208,37287691
20231120,132.515,135.4589,132.4456,135.0525,27850762
20231121,135.0922,135.9744,134.7651,135.7662,22635272
20231122,136.2618,138.1947,136.2618,137.2728,17820456
20231124,136.8169,136.916,134.7948,135.4887,12514322
20231127,134.8345,137.2035,134.8047,135.2111,23436526
20231128,134.884,136.0437,134.232,135.9942,18730032
20231129,136.3609,137.0726,133.6549,133.8036,23967222
20231130,133.8631,134.3587,130.1262,131.3652,38988263
20231201,130.7011,130.9489,129.5166,130.7011,31442263
20231204,128.7385,128.8872,126.7759,128.1339,36669876
20231205,127.8167,130.9787,127.1228,129.8388,27384784
20231206,130.2848,130.6813,128.7336,128.8773,23576176
20231207,133.8532,137.3422,133.5162,135.7266,56767100
20231208,133.0205,135.2012,132.8471,133.8036,32260112
20231211,131.2165,132.1631,130.2055,132.1185,31138011
20231212,130.6516,131.8311,130.1064,131.3553,29032831
20231213,132.2078,132.3267,130.4137,131.4049,30104775
20231214,132.2078,132.5448,128.5452,130.7804,38722413
20231215,130.4632,132.3366,130.0271,131.4346,50847113
20231218,131.4643,135.9424,131.2661,134.6065,32257967
20231219,135.6373,136.2618,134.884,135.449,25476753
20231220,137.7486,140.4497,136.8516,137.1242,49107179
20231221,138.2641,139.4486,137.9568,139.1859,27488284
20231222,139.5328,140.7421,139.4733,140.2465,26532199
20231226,140.3456,141.426,139.9491,140.2762,16780333
20231227,140.3456,140.8313,138.6566,139.1363,19628618
20231228,139.5427,139.8996,138.5218,138.9976,16045712
20231229,138.4028,139.1264,137.5603,138.4623,18733017
20240102,137.3323,138.2244,135.2805,136.9557,23711220
20240103,136.0437,138.4028,135.8752,137.6991,24212147
20240104,137.2035,137.937,135.1517,135.1913,27137735
20240105,135.5432,135.9504,133.9622,134.5371,22513854
20240108,135.0922,137.7883,135.0624,137.6198,21403982
20240109,137.2828,140.2415,136.9358,139.7112,24759598
20240110,139.7608,141.7432,139.6716,141.0295,21320203
20240111,142.2289,143.9437,139.399,140.8313,24008722
20240112,141.4161,141.9365,140.5736,141.3963,18785514
20240116,140.752,143.0813,140.2068,141.2377,22670467
20240117,140.1028,140.5934,137.6792,140.2267,20968649
20240118,140.8016,142.9426,140.7421,142.219,25746417
20240119,143.4679,145.1629,143.1111,145.0935,34271867
20240122,145.8072,147.0858,144.5582,144.7069,32200369
20240123,144.6078,145.8885,144.2212,145.7477,21636129
20240124,147.2345,148.538,146.7984,147.3931,25233450
20240125,148.7461,151.7049,148.2257,150.5352,29149069
20240126,149.772,151.1944,149.6828,150.8475,26115494
20240129,150.7236,152.4285,150.0991,152.1608,27784259
20240130,151.4571,152.2699,149.8563,150.1289,36331833
20240131,142.3578,142.7344,138.6407,138.8687,71910044
20240201,140.8709,141.8027,139.5526,139.9194,40466549
20240202,138.0361,141.3665,135.3003,141.1287,62499574
20240205,141.5648,144.1915,141.5251,142.4172,38505405
20240206,143.3787,144.0825,141.9315,142.8335,29128201
20240207,143.4877,144.3352,142.6601,144.2609,25208862
20240208,144.5483,145.0439,143.8297,144.6276,22563764
20240209,145.3909,148.1266,144.8953,147.6905,26829504
20240212,147.1156,148.0225,146.0748,146.2334,21564085
20240213,143.6463,145.381,142.4271,143.8644,27837730
20240214,144.7961,145.2323,142.8276,144.6574,22704166
20240215,141.882,142.2586,139.2255,141.5152,37590695
20240216,141.7333,141.9315,138.9083,139.285,31468926
20240220,138.4276,140.8313,138.2641,139.8797,24935710
20240221,140.2068,141.4359,139.4386,141.2972,23315687
20240222,143.6562,143.7256,141.545,142.8236,27191892
20240223,142.4073,143.4084,142.1694,142.6948,19493752
20240226,140.8908,141.1881,136.1825,136.3609,53641795
20240227,136.807,138.0262,135.8851,137.6594,33099190
20240228,136.688,136.7971,134.2199,135.1814,37328558
20240229,136.0735,137.6396,135.2012,137.2431,42132953
20240301,137.2134,137.6495,135.7166,135.9347,31151116
20240304,134.4677,134.4677,130.7507,132.178,55999415
20240305,130.7209,132.069,129.5166,131.504,40194757
20240306,131.95,132.406,129.7,130.2452,35318610
20240307,131.6279,133.754,130.4533,133.199,37738209
20240308,133.0305,136.8714,132.8223,134.2199,39370392
20240311,134.9336,137.8725,134.9336,136.46,32437772
20240312,135.8257,138.1501,135.8257,137.2828,27563354
20240313,137.7784,139.85,137.7684,138.5614,23347208
20240314,139.9491,142.3231,139.2206,141.8423,42753387
20240315,141.2476,141.9216,138.7993,139.9392,49475417
20240318,147.3039,150.8128,145.8766,146.3821,69273699
20240319,146.8579,147.4836,144.7961,145.7378,24070435
20240320,146.6993,147.5517,145.4454,147.4328,21311501
20240321,148.1563,149.0484,145.609,146.3028,24755597
20240322,147.8094,150.2478,147.6706,149.4449,29211769
20240325,148.6222,149.0534,146.5208,148.7511,19229285
20240326,148.8998,150.9179,148.6619,149.3458,22149137
20240327,149.8513,150.3023,147.5914,149.544,22879178
20240328,149.5242,150.0991,148.8502,149.6035,24485390
20240401,149.3656,154.3712,149.2863,154.1234,31730848
20240402,152.1509,153.3404,150.8128,153.2016,24585985
20240403,152.25,153.717,151.3877,153.5584,24704991
20240404,152.1509,153.4098,149.1277,149.207,34724738
20240405,148.7114,152.0716,148.2852,151.1597,23459246
20240408,151.4373,153.9054,151.2687,153.4891,20701974
20240409,154.7132,157.1665,153.8261,155.2237,31113013
20240410,154.8371,155.2336,153.3206,154.7677,22838629
20240411,155.531,158.2766,155.0849,158.009,27166431
20240412,156.5717,158.8143,155.7589,156.3437,25353746
20240415,157.4638,157.8405,153.2313,153.499,27136472
20240416,152.8349,154.282,152.0815,153.043,20779495
20240417,154.2523,155.6995,153.2214,154.1036,21763130
20240418,153.9748,155.5607,153.2611,154.6389,19883044
20240419,154.8272,154.9858,150.9615,152.7357,32615639
20240422,152.9538,156.2545,152.706,154.9065,26446206
20240423,155.5805,157.5728,154.9065,156.8691,21151568
20240424,156.1059,158.1626,155.7837,157.7314,22779112
20240425,150.0,155.1146,149.544,154.629,57109730
20240426,172.8375,173.1745,168.159,170.4388,64665299
20240429,167.5722,168.0599,163.758,164.6897,45610024
20240430,164.1565,166.6226,161.1709,161.3494,33562861
20240501,162.856,165.6512,161.6566,162.4199,33493151
20240502,163.3367,165.2646,162.4496,165.1556,24294549
20240503,166.0874,166.4838,161.617,165.7702,34662432
20240506,165.9882,166.6623,164.5708,166.6226,21871283
20240507,167.0191,170.2504,166.9101,169.7449,28039696
20240508,167.5147,168.6546,167.252,167.8914,19569146
20240509,167.9013,169.1898,166.7019,168.4663,15346700
20240510,166.5483,168.3572,164.7294,167.1678,29799931
20240513,162.8164,167.7922,162.5586,167.6535,31327602
20240514,168.2779,169.7449,167.3165,168.8429,25127138
20240515,169.1304,171.1326,169.0114,170.9938,26948370
20240516,171.767,173.576,171.1723,172.6492,27867947
20240517,172.6492,174.7158,172.1635,174.5126,24479262
20240520,174.6435,177.1988,174.5325,175.3651,22554400
20240521,175.3453,176.5843,174.2648,176.2869,16989369
20240522,175.0915,175.5931,173.6701,174.8298,17880042
20240523,175.5138,176.6834,171.43,172.0247,21024935
20240524,173.4421,174.2252,172.1238,173.4521,16579438
20240528,172.9168,175.712,172.8325,174.8497,20572157
20240529,173.8882,175.2818,173.1844,174.3541,23388693
20240530,173.6602,173.68,170.2802,170.5974,22958677
20240531,170.3496,171.539,167.9508,170.9839,37638876
20240603,171.0236,172.9911,169.6557,171.648,27459118
20240604,171.7571,172.3171,170.3793,172.2626,26879596
20240605,173.6602,175.0925,172.4052,173.8684,22068519
20240606,174.3491,175.5931,174.2054,175.1768,23251013
20240607,175.4939,176.3067,172.7681,172.9267,19661399
20240610,173.6312,175.7052,171.4381,173.6709,23779218
20240611,174.8716,175.4869,172.4405,175.2686,21540582
20240612,176.8861,179.0296,174.7625,176.4296,27864737
20240613,174.7625,175.3877,173.5419,173.8198,20913299
20240614,172.8869,175.7075,172.8175,175.4373,18063555
20240617,174.1175,176.9953,173.4724,175.8838,19618497
20240618,175.7846,176.0277,172.772,173.7503,21869857
20240620,174.0281,175.9335,173.6511,174.951,20160085
20240621,175.6457,179.4662,175.2587,178.2556,58582743
20240624,178.7815,179.5059,177.3029,177.8487,18298012
20240625,178.2456,182.8799,178.0472,182.6219,23235589
20240626,181.2326,183.0982,181.0837,182.473,19838972
20240627,182.7707,184.6264,182.612,183.9913,18848884
20240628,182.9097,183.7135,180.5677,180.7563,29156644
20240701,181.6295,182.473,179.9128,181.5898,16006128
20240702,180.657,184.1501,180.1708,183.8226,17372485
20240703,183.4356,184.6661,182.5921,184.3982,10242126
20240705,184.4329,189.3996,184.3783,189.1416,20967450
20240708,188.442,188.7149,186.3432,187.5836,21035886
20240709,188.8538,189.8958,187.276,187.534,15141312
20240710,187.7027,190.2828,187.5836,189.7172,15952454
20240711,188.3924,189.3996,183.6639,184.1501,25625784
20240712,183.6639,185.6783,183.0784,183.6539,22898406
20240715,183.5051,186.7997,183.5051,185.1028,16474043
20240716,185.9264,187.2363,181.9705,182.5127,18290722
20240717,181.565,182.1456,178.5235,179.6349,20734071
20240718,180.538,181.1036,175.1197,176.3304,25315727
20240719,177.5113,178.9105,175.7747,176.3006,18881885
20240722,179.2082,181.3021,178.851,180.2799,24100345
20240723,180.657,182.2051,180.1509,180.399,36352714
20240724,172.2717,174.8419,170.5053,171.3091,49585203
20240725,171.2,172.0931,165.9107,166.0,44851973
20240726,165.871,166.8039,162.8047,165.7222,41336886
20240729,167.5382,169.1259,166.7046,168.2328,20293822
20240730,168.9374,169.9197,167.1512,168.987,18959686
20240731,171.9144,172.9118,168.7092,170.2275,25729090
20240801,168.9473,172.7182,167.5878,169.4534,24531392
20240802,165.1665,167.2206,163.41,165.3848,29130102
20240805,154.3102,163.1719,153.7445,158.0315,53630673
20240806,158.1109,159.3414,155.2132,157.0788,49004561
20240807,160.0162,161.733,157.2575,157.7239,25138573
20240808,159.2819,162.4375,158.9841,160.7902,25578839
20240809,158.7857,162.5368,157.8429,162.4177,28602285
20240812,163.0925,163.6383,160.6017,161.0482,15895286
20240813,162.1597,163.4696,161.723,162.9039,18551690
20240814,161.1574,161.9711,156.5033,159.1429,40591126
20240815,159.2719,160.3982,158.3887,160.0658,31524252
20240816,160.2345,163.797,159.8971,161.7131,24208647
20240819,164.0154,165.4146,163.0032,165.3947,22416185
20240820,165.623,167.3496,165.5436,165.9008,18341533
20240821,163.8863,165.5733,163.41,164.581,22901997
20240822,165.9802,166.3077,162.0604,162.5467,22493275
20240823,163.4596,164.9085,162.5764,164.3528,13955741
20240826,165.1069,166.268,163.1967,164.8886,14190417
20240827,164.5661,165.1691,163.2016,163.4199,11821941
20240828,163.7722,164.3329,160.2925,161.6039,16407444
20240829,163.0528,164.7001,159.0238,160.5421,19699767
20240830,161.3707,162.4077,160.4553,162.1299,22123811
20240903,160.4826,160.6116,155.2827,156.156,38945301
20240904,155.4563,157.7834,154.7683,155.2529,19353759
20240905,155.1041,158.23,154.787,156.0369,18688747
20240906,156.0964,156.6224,149.3981,149.7652,37912130
20240909,151.5439,152.4282,146.2824,147.7679,39260451
20240910,149.4969,150.3117,147.4003,147.7182,31118765
20240911,148.9703,150.5403,146.5855,150.2024,29607693
20240912,152.8257,153.8392,151.683,153.71,29695048
20240913,154.4454,157.3767,154.2268,156.4625,29591152
20240916,156.3135,157.2475,155.6079,157.0587,18379775
20240917,158.0126,159.5329,157.3717,158.3107,20715612
20240918,158.8473,159.4832,157.5903,158.7976,23677315
20240919,162.6729,162.7524,160.3179,161.1129,26587733
20240920,162.4642,162.6928,161.0334,162.5537,40896438
20240923,163.3089,164.4416,160.6458,160.8247,24150852
20240924,161.9972,162.1818,159.672,161.2619,23332147
20240925,160.4471,161.7786,160.2782,160.467,18869199
20240926,162.6034,163.0406,161.252,161.6991,20319336
20240927,161.7786,164.6503,161.5959,162.9114,21101307
20240930,162.2854,165.0975,162.2258,164.7994,20481303
20241001,166.6227,168.0884,163.5374,165.9321,28338123
20241002,165.3657,166.4588,163.6864,164.8093,17760179
20241003,163.3685,165.5843,162.8846,164.8093,15073101
20241004,166.9954,167.1643,164.4317,166.0017,19093724
20241007,166.6575,167.4127,161.719,161.9475,22463140
20241008,162.9015,163.6815,161.8382,163.3387,23072733
20241009,162.4146,163.7957,158.7281,160.8346,31181774
20241010,159.8509,162.037,159.3789,161.0532,14144068
20241011,161.1029,162.8617,160.2136,162.2059,15344251
20241014,162.6034,165.173,162.3649,163.915,19016141
20241015,164.7348,166.6178,163.5821,164.4118,20247195
20241016,163.4877,164.7497,162.7027,164.1137,16406030
20241017,164.6801,165.3161,161.7289,161.8978,21453395
20241018,162.1562,163.6666,162.0469,162.3847,19757661
20241021,161.9177,163.4579,161.5898,163.0306,20946455
20241022,161.9475,164.7199,161.9475,164.0938,16568121
20241023,163.7163,164.7695,160.8992,161.7488,18280518
20241024,161.7985,162.2953,159.99,161.6892,22412527
20241025,162.6332,164.541,162.3847,164.223,19828884
20241028,167.681,167.681,162.9114,165.6638,32138641
20241029,166.6674,169.3007,166.0311,168.6051,42169025
20241030,179.5354,180.8669,172.9572,173.3548,68890787
20241031,172.0332,175.6999,169.9167,170.026,44768981
20241101,168.9926,171.2284,167.8102,170.2049,31796477
20241104,168.8535,169.6484,166.9467,168.1679,21492744
20241105,168.3567,169.4497,167.7704,168.6647,18242050
20241106,172.699,175.8191,172.4009,175.3918,33695538
20241107,176.2861,179.9329,176.0675,179.605,25352939
20241108,179.5006,179.754,176.9519,177.2202,22006182
20241111,177.4487,179.4013,177.3394,179.2075,17450354
20241112,178.6809,181.3339,178.2536,180.4694,25134905
20241113,179.3168,179.8136,177.409,177.7468,23184003
20241114,177.1506,177.6872,173.2175,174.4677,31007457
20241115,172.6294,173.0368,170.1353,171.3973,32504649
20241118,172.3214,174.3266,171.8047,174.1895,20206613
20241119,172.6195,177.7369,172.4605,176.9916,23434925
20241120,176.2166,176.5494,172.6791,174.8652,18997111
20241121,172.7984,173.0269,162.663,166.5681,59734379
20241122,164.7994,165.4055,162.8617,163.7163,38604587
20241125,165.0378,167.5617,164.5581,166.5879,33135263
20241126,166.5681,168.7442,166.5184,168.0486,20486720
20241127,167.9294,168.4095,166.9556,168.1579,19266511
20241129,167.4326,168.3567,166.1011,167.8797,14257244
20241202,167.6959,170.9849,167.5021,170.4036,23789084
20241203,170.4036,171.5861,169.7677,170.2546,22248705
20241204,170.0608,173.802,169.9763,173.2654,31615137
20241205,174.2491,174.9447,171.2383,171.5463,21356243
20241206,170.9402,173.9709,170.7713,173.6032,21462393
20241209,173.0561,175.3442,172.7477,174.4588,25389631
20241210,181.895,185.3917,180.1093,184.2079,54813022
20241211,184.3472,194.5936,183.8895,194.3847,67894071
20241212,193.9868,194.1659,190.7139,190.9626,34817486
20241213,190.0175,191.7286,188.6547,188.8337,25143495
20241216,191.8679,197.966,191.6192,195.6382,44934901
20241217,196.2251,200.3734,193.9669,194.4046,43504025
20241218,194.2057,195.9764,186.7645,187.4211,34166074
20241219,190.6293,192.027,187.4012,187.5305,32265241
20241220,184.8147,191.8878,184.2576,190.4155,63462934
20241223,191.6192,194.0863,189.162,193.6187,25675014
20241224,193.8276,195.091,192.7731,195.091,10403259
20241226,194.136,195.7257,193.365,194.5837,12057210
20241227,193.9371,194.3051,189.6594,191.7584,18891362
20241230,188.8138,191.5495,188.1374,190.2463,14264659
20241231,190.0822,190.9626,187.5305,188.3164,17466919
20250102,189.6594,191.0024,186.5258,188.4457,20370828
20250103,190.3757,192.2061,188.9879,190.7935,18596159
20250106,192.9721,197.1923,192.8428,195.8471,29563638
20250107,196.0858,199.9556,193.5889,194.4743,26487244
20250108,191.5694,195.2701,191.3804,192.9423,24864766
20250110,193.2855,195.4989,189.3212,191.0422,26665206
20250113,189.0824,190.1867,186.3865,190.0175,21823699
20250114,190.2463,190.9825,187.3298,188.6745,17174854
20250115,192.0867,195.3397,190.8631,194.5339,21775969
20250116,193.1313,194.4643,191.8082,191.9077,17815432
20250117,195.5089,196.2052,192.7433,194.9816,27735089
20250121,198.0357,201.2389,196.8419,197.021,29971292
20250122,198.0257,199.4383,196.5037,197.3393,26200617
20250123,197.1105,199.2593,194.1858,196.9513,26951357
20250124,197.0707,199.8561,196.9712,199.1697,23877521
20250127,191.4103,195.857,189.739,190.8134,41728893
20250128,191.7435,194.4643,189.6892,194.2852,24157929
20250129,194.5389,195.7625,192.425,194.3947,18218256
20250130,196.9712,200.3535,196.6429,199.8263,24354684
20250131,200.9504,204.4123,200.7515,202.9599,32041952
20250203,199.6472,202.6913,199.0603,200.1844,27838348
20250204,202.3332,205.9742,201.7562,205.3077,43856425
20250205,190.0772,191.7485,187.053,190.3359,70461770
20250206,188.5154,191.1019,187.7394,190.6045,29297442
20250207,190.0573,190.1867,182.2879,184.377,49314961
20250210,186.3766,187.2221,184.8943,185.5011,23105649
20250211,184.0686,185.9687,183.3225,184.3571,21239519
20250212,182.268,184.1482,180.8852,182.656,22072559
20250213,183.3623,185.3121,182.1884,185.1728,21402523
20250214,184.0935,185.4315,183.3623,184.2676,20448437
20250218,184.6356,184.9938,180.7958,182.8152,29916675
20250219,183.1136,184.4964,182.6361,184.3074,19549396
20250220,183.8398,184.3472,181.7706,183.601,20441462
20250221,184.188,184.377,178.1495,178.7265,35199239
20250224,181.0444,182.1685,177.9555,178.3186,29854206
20250225,177.1149,177.8113,173.7862,174.5085,41913411
20250226,174.1604,175.1651,170.6892,171.8325,35431268
20250227,173.086,173.653,167.0674,167.6245,39991015
20250228,167.8036,169.7235,165.9035,169.3952,48130565
20250303,171.0317,172.4692,165.0678,166.1422,40770451
20250304,165.3762,172.3942,164.9385,170.0319,45387996
20250305,169.634,172.8771,168.1816,172.121,30954922
20250306,169.6439,173.9017,169.6141,171.4545,28301953
20250307,170.3702,174.0609,169.3853,172.9566,27385813
20250310,167.5785,167.7776,163.027,165.1981,43604027
20250311,164.242,166.0746,160.7164,163.3755,39587414
20250312,165.9053,166.9609,162.8676,166.4331,28372396
20250313,165.3625,165.4571,161.4534,162.1007,31756214
20250314,162.6087,165.8156,161.792,164.8197,31995894
20250317,164.3615,165.6264,163.007,163.6245,31184335
20250318,163.012,163.5847,156.0852,160.0192,42074751
20250319,161.1048,165.1981,160.3479,163.2262,34275582
20250320,160.9156,164.2221,160.308,162.1406,28138464
20250321,160.552,163.5747,160.2384,163.3258,36625764
20250324,166.3883,167.6382,164.4711,167.0008,30879129
20250325,168.2955,169.9389,167.6332,169.8691,24174373
20250326,168.3155,168.923,164.1723,164.3914,28939326
20250327,163.9632,164.75,161.3438,161.5828,24508273
20250328,159.8399,161.1645,153.0077,153.7049,48669335
20250331,152.4898,154.91,150.0517,154.0136,54603464
20250401,152.9978,157.4596,152.9978,156.4338,30672899
20250402,154.5216,157.7636,154.0734,156.4039,25041730
20250403,150.4979,152.1611,149.7808,150.1095,46883371
20250404,147.4105,150.4581,144.7911,145.0102,62259539
20250407,140.9766,152.2309,139.9608,146.1556,76794136
20250408,150.6075,151.6233,142.4507,144.1139,52200208
20250409,143.83,158.9037,143.3221,158.0671,70406232
20250410,155.9059,157.0811,149.3227,152.201,48021972
20250411,152.2807,157.0314,152.201,156.5035,33636239
20250414,159.3469,161.0649,156.9218,158.4257,30332957
20250415,158.4805,159.0033,154.5813,155.6769,27551534
20250416,152.4799,155.2586,150.8963,152.7089,28187421
20250417,153.665,154.0535,147.8985,150.5477,33046576
20250421,148.277,148.3417,145.5082,147.0719,26049115
20250422,148.2869,151.5735,147.9383,150.8565,26971774
20250423,154.9797,156.8869,153.187,154.7207,31128833
20250424,155.5175,158.9436,155.159,158.6348,45893951
20250425,164.4014,165.4272,160.3877,161.304,56033995
20250428,161.7671,162.4892,157.9576,159.9594,29745782
20250429,159.6756,160.0889,156.882,159.5113,26808958
20250430,157.3351,158.6249,154.7705,158.1568,34981059
20250501,159.8001,161.294,158.2663,160.6466,30203248
20250502,162.7431,164.3018,161.2143,163.3656,25715005
20250505,162.3398,164.7201,162.0609,163.5449,21341814
20250506,161.5131,164.1325,160.5371,162.5688,21277210
20250507,163.4154,164.3317,147.2412,150.7668,127747554
20250508,154.3722,155.2984,152.2807,153.6551,57498692
20250509,153.5455,154.422,151.5835,152.1313,32435281
20250512,156.8471,158.4556,155.6171,157.8182,44138818
20250513,158.1468,159.9196,155.5275,158.8838,42382126
20250514,159.3121,166.3236,158.9635,164.7002,48755869
20250515,165.1683,165.5318,161.7155,163.2959,33146669
20250516,167.0456,168.664,164.9491,165.5168,42846925
20250519,163.8436,165.965,163.5548,165.8654,30426097
20250520,165.7559,167.8175,162.2402,163.3158,46607656
20250521,163.027,172.4387,162.8975,167.8772,73415956
20250522,171.1539,176.054,170.0185,170.1779,74864418
20250523,168.3702,169.2716,167.21,167.7876,35211439
20250527,169.4708,172.4686,169.3114,172.1997,37995670
20250528,172.4586,174.5551,171.2144,171.6618,34783997
20250529,173.2952,173.7128,169.9389,171.1639,29373803
20250530,170.6559,171.5075,166.7618,171.0444,52639911
20250602,167.1602,169.1819,166.712,168.3453,38612272
20250603,166.8116,167.7926,164.6105,165.5069,45084903
20250604,166.0596,167.5336,165.6862,167.3693,26900838
20250605,169.65,170.2376,166.9112,167.5287,36444564
20250606,170.138,173.7932,170.138,172.9765,35731832
20250609,174.0434,175.9679,173.8739,175.589,28935906
20250610,175.6987,180.5898,174.4124,178.0919,61766121
20250611,179.2586,179.8569,176.2471,176.8454,31646757
20250612,175.6788,176.2172,174.2479,175.2001,20941873
20250613,171.9494,176.6261,171.8946,174.1731,27663107
20250616,174.2329,176.4366,174.1531,176.2671,27389208
20250617,175.2001,176.8602,174.0833,175.4494,24973043
20250618,175.5093,176.0577,172.7072,172.8269,28707524
20250620,173.4501,173.844,164.9893,166.1659,75659917
20250623,165.797,166.8639,161.5391,164.72,57670985
20250624,166.4451,167.7414,165.6574,166.2955,40524312
20250625,167.1531,171.8696,167.0733,170.1944,35478989
20250626,171.9394,173.1959,169.4565,173.0463,31796690
20250627,173.0463,178.1717,171.2414,178.0221,108140200
20250630,180.2657,180.7144,174.0833,175.7286,63378856
20250701,175.235,175.589,173.0363,175.3397,35904526
20250702,175.0406,178.3511,174.5719,178.1318,29128947
20250703,177.9922,179.1588,176.5463,179.0192,21689729
20250707,178.5506,178.7869,175.1802,176.287,34175648
20250708,177.344,177.4437,172.3184,173.8639,40442535
20250709,174.7514,178.9295,172.2785,176.1175,43025594
20250710,175.1303,177.9214,173.8839,177.1147,29252386
20250711,176.282,180.9138,175.9779,179.6774,34282922
20250714,180.495,183.1475,179.1688,181.0435,32536632
20250715,182.2899,183.6959,181.0834,181.4822,33448251
20250716,182.7137,183.8026,181.5121,182.4495,33104193
20250717,181.6218,183.5364,179.9665,183.0577,31992565
20250718,184.8725,185.8896,183.1873,184.5335,34014509
20250721,185.7201,189.7436,185.6204,189.5592,45803129
20250722,190.9502,191.0998,186.9267,190.7956,44660215
20250723,190.9552,191.9823,188.6418,189.6888,58681948
20250724,196.4695,197.3868,190.4566,191.6233,74881687
20250725,191.4338,193.7771,190.7159,192.6304,39785863
20250728,193.0991,193.4979,190.2971,192.0321,38139504
20250729,191.8825,195.3626,191.5335,195.1931,41389153
20250730,195.0435,197.0377,194.1311,195.9709,32445405
20250731,195.1532,195.4324,190.5464,191.354,51329163
20250801,188.4872,190.2871,187.2857,188.5919,34832181
20250804,189.7486,194.7145,189.5791,194.4851,31547350
20250805,194.1561,197.297,193.3334,194.1162,31602340
20250806,193.9467,196.0706,193.119,195.5321,21562908
20250807,196.4994,196.978,193.7771,195.9609,26321811
20250808,196.6589,202.0336,196.6091,200.847,39161826
20250811,200.3633,200.9018,198.5036,200.4282,25832435
20250812,200.7921,203.9182,200.0193,202.7615,30424452
20250813,203.5493,203.9481,196.9482,201.3854,28342922
20250814,200.9267,203.8584,200.6525,202.3626,25230427
20250815,203.27,205.8527,200.7074,203.3199,34931422
20250818,203.6191,204.681,201.9139,202.921,18526594
20250819,202.4524,202.8612,199.3911,200.9965,24240233
20250820,200.1589,200.7074,196.0357,198.7529,28955498
20250821,199.1767,201.9039,198.8626,199.1817,19774633
20250822,202.1532,207.9467,200.7273,205.5037,42827040
20250825,205.8427,209.9211,204.696,207.8968,29928878
20250826,206.9196,207.2587,205.1148,206.5507,28464130
20250827,205.1148,208.3157,205.0649,206.8897,23022850
20250828,206.6604,211.6162,206.3114,211.0379,32339307
20250829,209.9111,214.0343,209.602,212.3043,39728364
20250902,207.847,211.0728,205.6084,210.7487,47523037
20250903,225.5664,230.6519,224.1505,230.0038,103336125
20250904,228.9966,231.7089,225.4667,231.6391,51684167
20250905,231.5394,235.0893,231.2402,234.3314,46588925
20250908,235.0102,237.665,233.2137,233.583,32474743
20250909,233.7077,240.0004,232.7736,239.1621,38060959
20250910,238.4335,241.1881,237.3855,238.703,35141074
20250911,239.4116,241.777,235.7887,239.9006,30599328
20250912,239.9006,241.6023,237.5353,240.3298,26771610
20250915,244.1822,251.917,244.1822,251.1187,58383796
20250916,251.5878,252.5459,248.9829,250.6696,34109720
20250917,250.7294,251.1087,245.7991,249.0427,34107992
20250918,251.1885,253.494,249.3122,251.5379,31239474
20250919,252.7555,255.5001,251.3183,254.2226,55571424
20250922,253.9332,255.2805,249.8112,252.0369,32290538
20250923,252.5459,253.8633,249.9909,251.1686,26628016
20250924,251.1686,251.8573,245.9588,246.6574,28201003
20250925,243.9228,246.0087,240.2699,245.31,31020383
20250926,246.5825,248.9329,245.4897,246.0586,18503194
20250929,247.366,250.6582,242.2959,243.5734,32505777
20250930,242.3359,242.8149,238.7778,242.6253,34724346
20251001,240.2799,245.819,238.1441,244.4218,31658234
20251002,244.6713,246.328,241.8269,245.2102,25483298
20251003,244.0126,245.819,241.1831,244.8709,30249559
20251006,244.302,250.8292,244.1024,249.941,28894653
20251007,247.7852,249.951,245.0406,245.2801,23181285
20251008,244.4817,245.5246,243.3439,244.1423,21307104
20251009,243.9926,244.282,238.683,241.0584,27892086
20251010,240.9586,243.6134,235.3795,236.108,33180323
20251013,239.7409,244.0226,239.2419,243.6732,24995028
20251014,240.7589,246.6374,240.0403,244.9707,22111572
20251015,246.7622,251.6177,245.5096,250.5398,27007690
20251016,251.2734,256.4582,249.6126,250.969,27997159
20251017,250.2703,253.7236,247.3261,252.8054,29671629
20251020,254.1927,256.8275,253.7336,256.049,22350155
20251021,254.2426,254.3823,243.6732,249.9709,47312098
20251022,253.8733,255.8594,248.8032,251.1985,35029370
20251023,252.486,254.542,251.3582,252.5858,19901425
20251024,256.079,261.169,254.8164,259.4124,28655126
20251027,264.2979,269.6125,263.7639,268.7442,35235231
20251028,269.1634,270.2013,265.9796,266.9477,29738564
20251029,267.2272,274.7983,267.1473,274.0338,43580277
20251030,291.0206,291.0206,279.5131,280.9303,74875990
20251031,282.657,285.4415,276.489,280.6409,39267945
20251103,281.624,284.9724,279.2536,283.166,29785996
20251104,276.2096,280.7208,275.7205,276.998,30078369
20251105,278.3254,285.8557,276.7984,283.7548,31010302
20251106,284.7728,287.7869,280.591,284.194,37173648
20251107,282.652,283.2259,274.6526,278.2855,34479588
20251110,283.8646,290.2321,282.3027,289.5335,29557309
20251111,287.1831,291.345,286.7589,290.7412,19842136
20251112,291.1054,291.4348,283.136,286.1501,24829923
20251113,281.7887,282.2877,276.6986,278.026,29494040
20251114,270.875,278.016,270.1714,275.8702,31647227
20251117,285.217,293.376,283.0163,284.4634,52670192
20251118,287.3528,288.2361,277.6568,283.7249,49158743
20251119,286.5993,303.2167,286.0703,292.2382,68198944
20251120,303.9453,305.8216,288.1063,288.8848,62025218
20251121,295.8362,303.3265,293.2712,299.0748,74137697
20251124,310.5224,318.8561,308.9904,317.9579,85165123
20251125,325.573,328.1879,317.0297,322.8084,88632074
20251126,320.0538,323.8663,316.1714,319.3252,51373361
20251128,322.7336,326.2118,316.1714,319.5548,26018568
20251201,317.0796,319.2254,313.2771,314.2751,41182956
20251202,316.1215,317.7583,313.297,315.1933,35854744
20251203,315.2732,320.952,313.4866,319.0058,41838317
20251204,321.5958,321.7305,314.0855,316.9998,31240924
20251205,318.8661,322.529,318.5418,320.6426,28851705
20251208,319.6341,320.0236,310.8174,313.3123,33909433
20251209,311.9641,317.5767,311.4897,316.6679,30194027
20251210,315.4196,320.8924,314.271,319.7939,33428923
20251211,319.664,320.7027,308.1989,312.024,42353697
20251212,313.2923,314.4608,305.1629,308.8881,35940170
20251215,310.9104,311.0153,304.4838,307.8194,29151889
20251216,304.5487,310.3661,302.1968,306.1716,30585020
20251217,307.6097,307.6896,295.7352,296.3344,43930358
20251218,301.3279,303.565,298.8419,302.0669,33518048
20251219,301.3379,306.8507,300.5789,306.7608,59943239
20251222,309.4723,309.727,304.9032,309.3774,26429937
20251223,309.2226,314.5307,308.918,313.9415,25478670
20251224,314.3609,314.6705,311.5146,313.6818,10097361
20251226,314.0713,314.6755,311.8692,313.1026,10899017
20251229,310.9604,313.6119,310.2163,313.1525,19621777
20251230,312.0939,316.5381,312.0539,313.4421,17380888
20251231,312.4384,314.1712,311.0353,312.5932,16377689
20260102,316.4882,322.0809,309.9267,314.7404,32009385
20260105,317.2422,318.6004,314.2211,316.1286,30195597
20260106,315.9888,320.5229,311.3748,313.9315,31212101
20260107,313.9515,325.7261,313.7817,321.5616,35104425
20260108,328.5375,329.8903,321.0822,325.0171,31896101
20260109,326.6649,330.4001,325.3766,328.143,26214166
20260112,325.3766,333.6059,324.5776,331.4287,33923928
20260113,334.5147,340.0475,333.1864,335.5334,33517607
20260114,334.6246,336.0827,330.0505,335.4035,28525571
20260115,337.2112,337.2511,330.3102,332.3475,28442406
20260116,333.9754,334.2151,327.2741,329.5711,40341637
20260120,320.453,327.3041,320.0136,321.5815,35361045
20260121,320.5029,332.0478,318.9368,327.9532,35386603
20260122,334.0154,334.7144,328.3228,330.1104,26253640
20260123,332.0529,333.2552,327.0245,327.5038,27279974
20260126,327.379,335.4035,326.575,332.8269,26042120
20260127,334.9292,337.4709,333.0466,334.1152,21636164
20260128,335.6233,337.0963,331.5086,335.5733,27434434
20260129,339.8578,341.8452,326.1156,337.8104,39785612
20260130,339.5581,339.5581,331.8532,337.5607,31023954
20260202,335.7831,344.3819,335.1938,343.2433,32006052
20260203,346.8886,348.5464,337.0359,339.2685,36506709
20260204,342.5143,342.8638,328.0931,332.6072,70618398
20260205,311.8142,332.2576,306.0617,330.8195,88205849
20260206,326.7548,329.9506,319.5042,322.4404,56380484
20260209,320.5129,327.2741,316.8477,323.8985,39640055
20260210,320.5529,321.252,314.2011,318.166,39170012
20260211,318.5555,320.6428,309.2576,310.5559,45406405
20260212,311.6844,315.829,306.8008,308.5984,47761288
20260213,307.3251,308.2289,303.3153,305.3227,38499701
20260217,299.6501,304.0394,295.865,301.6275,39247556
20260218,301.6974,304.9831,300.8585,302.9358,28482075
20260219,301.4278,305.073,299.6501,302.4564,25834395
20260220,303.9245,316.0887,303.5051,314.5707,53210820
20260223,318.6304,319.0998,309.4623,311.0852,31422974
20260224,310.1115,311.8642,305.5324,310.496,25615646
20260225,311.6545,313.2324,309.0379,312.4934,29963621
20260226,312.2337,312.733,301.9521,306.9805,36431231
20260227,303.7398,311.9641,303.4052,311.3548,44640640
20260302,302.8309,308.0891,300.9084,306.1217,34790203
20260303,298.202,303.545,296.3244,303.1855,35496961
20260304,302.4964,305.073,300.3592,302.7361,29536190
20260305,302.6412,302.9058,297.6027,300.489,35752321
20260306,295.7052,300.1394,294.7964,298.132,25576916
20260309,294.1843,306.6168,293.9044,306.1771,29312149
20260310,305.9872,309.3252,305.388,306.8567,23239684
20260311,306.5669,311.2341,305.7374,308.5157,24125714
20260312,306.6368,308.7556,300.8503,303.3688,24928347
20260313,306.8267,307.5063,300.2606,302.0995,23693092
20260316,304.1683,306.3056,302.8392,305.3776,23519709
20260317,305.6774,311.2341,305.3176,310.7344,21955171
20260318,309.0854,312.2835,306.7488,307.5063,20009815
20260319,303.8235,307.8761,302.1695,306.9466,25075831
20260320,305.2776,305.8173,298.0919,300.8203,44364079
20260323,301.9296,305.7973,300.7503,301.8797,29326946
20260324,299.0214,299.7409,290.1567,290.2666,36864278
20260325,293.2648,295.8233,289.0673,290.7563,29460669
20260326,287.7381,287.7781,278.3337,280.7523,39080578
20260327,277.1095,279.2032,273.7865,274.1762,35890612
20260330,276.255,276.9246,271.9476,273.3367,35141244
20260331,277.874,287.908,276.9246,287.3883,43875400
20260401,290.6614,300.3406,290.2366,297.2125,37684462
20260402,290.5165,297.902,289.2772,295.5934,21666465
20260406,295.6934,300.4405,295.0038,299.8109,16945494
20260407,302.5443,305.4475,297.5423,305.2776,23205361
20260408,320.2537,321.8877,314.8319,317.1306,33547140
20260409,315.7164,319.3492,310.8743,318.2999,23739173
20260410,319.824,321.6379,316.1312,317.0506,19152630
20260413,316.9457,321.438,315.2817,321.1182,18866424
20260414,324.5911,333.091,323.5567,332.7113,27721351
20260415,332.6913,337.2785,330.7025,336.9187,24918842
20260416,338.5478,339.6771,334.3203,335.8194,20541487
20260417,337.4484,342.1156,336.0393,341.476,25581881
20260420,340.5516,341.1962,336.409,337.2186,18784226
20260421,337.4834,339.1374,331.1522,332.0916,23123795
20260422,336.8188,339.6171,334.9699,339.1174,20293014
20260423,340.9763,341.7558,335.9793,338.6877,18650256
20260424,338.5228,345.0639,335.1898,344.1944,26426061
20260427,345.7734,352.9692,342.5254,350.1308,28576887
20260428,348.3419,352.2096,345.9134,349.5712,27824052
20260429,347.3575,355.5776,344.0045,349.7311,35376328
20260430,373.8467,385.6097,365.6016,384.5703,72039993
20260501,381.4022,386.5291,378.8237,385.4597,30105226
20260504,385.3998,387.1487,379.5633,383.0212,26298574
20260505,385.9994,392.5854,383.7907,388.1981,23878626
20260506,394.0096,399.6112,392.5255,397.8024,31308476
20260507,399.6812,399.8611,392.4456,397.7524,24433490
20260508,396.763,401.76,396.1234,400.5607,21461849
20260511,393.41,397.2027,388.2381,388.408,30753738
20260512,387.1088,388.2881,382.5415,387.1188,26017488
20260513,385.3648,403.459,384.7702,402.3796,28144555
20260514,397.0428,402.6895,395.6037,400.8306,21136716
20260515,396.0784,399.3014,392.9453,396.5431,20309702
20260518,395.4488,408.3661,394.2945,396.703,26837196
20260519,396.723,396.9129,385.8795,387.4286,39545672
20260520,387.4685,393.6248,382.6714,388.6778,31744404
20260521,385.4697,392.2657,382.7913,387.4286,24852843
20260522,387.1138,388.5079,381.5437,382.7414,20442123
20260526,384.2804,389.0275,382.3716,388.6478,27747388
20260527,386.4342,393.6449,385.6696,388.5979,23087287
20260528,387.7684,391.6361,384.9301,389.8971,24357455
20260529,385.01,385.01,378.2341,380.1129,44415846
20260601,376.2952,378.334,373.297,376.1453,28672120
20260602,366.3711,373.317,358.226,361.634,50412300
20260603,361.8139,366.2312,357.8662,358.7757,55441583
20260604,358.6857,373.0271,357.9961,371.9678,44055520
20260605,366.1213,371.8579,363.9033,368.31,37471206
20260608,365.18,366.2,360.5309,363.31,27942464
20260609,367.09,372.08,357.3,364.26,29535072
20260610,363.19,368.555,355.2,356.38,32357132
20260611,355.925,358.8,346.36,357.77,35538165
20260612,362.62,366.57,354.94,359.68,24731019
20260615,367.93,372.99,366.55,369.35,27727493
20260616,369.6,376.0,367.06,373.25,24876095
20260617,369.125,372.33,362.02,363.79,24543644
20260618,365.75,369.48,358.67,368.03,44470070
20260622,357.945,358.92,341.7219,349.68,52814764
20260623,340.69,349.29,340.2,346.13,34007652
20260624,349.035,353.476,341.93,345.29,44997277
20260625,336.73,345.57,335.84,343.71,44564576
20260626,342.55,346.36,330.2,337.39,114706326
20260629,341.825,354.35,340.67,353.65,34213932
20260630,353.865,358.62,350.4,357.37,35237231
20260701,358.37,362.97,356.43,361.21,26736445
20260702,359.48,364.205,353.42,359.91,25999346
20260706,361.55,367.93,357.3805,366.46,26915808
20260707,369.07,373.16,365.5,367.03,24045581
20260708,364.76,367.84,358.02,361.92,22094769
20260709,354.31,359.65,351.08,358.89,24729093
20260710,357.525,357.82,352.75,357.18,18146146
20260713,356.19,358.13,351.75,352.51,15901732
20260714,351.195,360.16,351.09,359.51,18259355
20260715,357.97,373.65,357.76,370.92,28284564
20260716,373.06,375.27,352.3001,354.46,41158466
20260717,346.0,348.52,341.36,346.77,29959283
20260720,350.88,359.68,350.52,351.99,24736644
20260721,351.32,351.32,347.0,347.15,23369833
20260722,348.155,349.94,341.73,342.09,39334140
20260723,321.13,324.49,314.9,317.69,69419700
20260724,318.42,324.18,317.32,319.74,31806553
20260727,325.04,330.42,324.45,326.56,28471593
20260728,327.9,335.88,324.44,333.71,29511940
