date,open,high,low,close,volume
20180102,176.2521,180.1208,176.1232,179.9621,18151903
20180103,180.4184,183.2951,179.8728,183.186,16886563
20180104,183.4141,184.7136,182.6201,182.8487,13880896
20180105,184.0986,185.398,183.4439,185.3484,13574535
20180108,185.6956,187.382,184.8326,186.7669,17994726
20180109,187.1836,187.2828,185.5964,186.3602,12393057
20180110,185.4377,186.3801,184.1382,186.3305,10529894
20180111,186.886,186.886,185.8742,186.261,9588587
20180112,176.6291,180.0216,175.9744,177.9285,77551299
20180116,180.0414,180.2894,176.6092,176.9564,36183842
20180117,177.8194,177.879,174.3872,176.1728,27992376
20180118,176.6985,179.5256,175.657,178.3551,23304901
20180119,179.3967,180.9044,178.7223,179.8331,26826540
20180122,179.3471,183.9002,178.9602,183.8803,21059464
20180123,184.5549,188.0267,184.0589,187.8283,25678781
20180124,188.364,189.1278,185.0211,185.0508,24334548
20180125,186.4396,187.1042,185.1004,185.9734,17377740
20180126,186.2412,188.4731,185.3088,188.4731,17759212
20180129,187.2332,187.3224,184.1383,184.4854,20453172
20180130,181.5393,186.6678,180.3787,185.6163,20858556
20180131,186.8562,188.3045,183.7315,185.3881,43275144
20180201,186.7074,193.7504,186.3801,191.5383,54211293
20180202,190.4967,192.6493,188.4533,188.7509,26677484
20180205,185.4278,189.0782,179.1586,179.8034,33128206
20180206,177.135,184.2771,176.3116,183.8208,37758505
20180207,182.6701,183.5943,178.5039,178.732,27601886
20180208,179.5554,180.3787,170.1034,170.2012,38478321
20180209,173.3556,175.4784,165.8365,174.6947,39887626
20180212,175.6371,176.1182,170.4591,174.9923,32092133
20180213,174.2087,174.5559,171.7089,171.7585,21809350
20180214,172.0561,178.365,171.8199,178.0773,28929704
20180215,179.0495,179.0495,175.4189,178.5138,20922120
20180216,177.5516,178.4345,174.8832,175.9347,21015610
20180220,174.3575,176.52,173.7028,174.5956,21204921
20180221,175.2899,179.8133,174.9824,176.4803,23200804
20180222,177.2639,178.7618,175.9843,177.5516,18464192
20180223,178.4543,181.9162,178.0674,181.817,19007288
20180226,183.0967,184.168,181.7504,183.4439,17599703
20180227,182.9677,183.2157,180.0018,180.0018,15849806
20180228,180.835,181.4103,176.7084,176.887,18783039
20180301,177.5714,178.6725,173.0084,174.5261,23201626
20180302,171.8974,175.6867,171.5998,175.2006,20025905
20180305,174.784,179.6918,174.4765,178.9503,16189280
20180306,180.3192,180.9144,177.6706,178.3353,15086784
20180307,177.3036,182.3428,176.639,182.2337,19097293
20180308,182.0849,182.9181,179.9918,180.8747,17225946
20180309,182.4321,184.0192,181.7377,183.7415,18526292
20180312,183.7415,184.6045,182.7396,183.2752,15301229
20180313,184.1184,184.4953,179.6546,180.4184,18067477
20180314,181.1326,182.7693,180.3886,182.7098,16821728
20180315,181.7674,182.5213,180.7259,182.3825,15645035
20180316,183.0074,183.8407,181.9361,183.6026,24403438
20180319,175.5875,175.7462,168.6934,171.1733,88140060
20180320,166.1242,168.8322,160.6485,166.7987,129851768
20180321,163.4756,172.0065,161.9877,168.0288,106598834
20180322,164.7949,168.9017,162.4043,163.5649,73742979
20180323,164.1105,165.7572,157.7421,158.1091,53609706
20180326,159.5276,159.8054,147.8224,158.7737,126116634
20180327,155.0539,161.5413,149.5385,150.9967,79116995
20180328,150.4313,154.6273,149.5881,151.8002,60029170
20180329,153.9032,160.1228,152.9013,158.5059,59434293
20180402,156.5418,157.9206,152.8725,154.1413,36795991
20180403,155.2919,156.1252,149.5981,154.8555,42543865
20180404,150.8033,154.3099,149.3005,153.8536,49885584
20180405,160.2617,160.2766,155.3911,158.0595,41449609
20180406,156.4625,160.1228,155.5498,155.9367,41644812
20180409,156.5517,159.24,154.786,156.6608,34915227
20180410,156.6608,164.6462,155.7482,163.7137,58947041
20180411,164.0311,167.2947,161.9381,164.9834,56144633
20180412,165.6381,166.1043,161.7893,162.5531,38262956
20180413,163.2574,164.372,162.4539,163.1979,19990561
20180416,164.3931,164.4478,162.077,163.5054,18119435
20180417,164.4974,167.6419,164.3287,167.3046,22743029
20180418,165.5389,166.769,164.4378,165.0231,20969568
20180419,164.8644,166.9773,163.8724,166.7491,22234961
20180420,166.4416,167.0765,164.4775,164.9437,19119438
20180423,165.9258,167.0963,163.7633,164.5073,23088102
20180424,164.1006,164.7652,156.9188,158.4067,35079926
20180425,158.8578,159.7657,154.9348,158.4067,41083581
20180426,171.828,174.8535,169.4274,172.7604,77556934
20180427,175.3891,175.6768,171.213,172.195,29804657
20180430,172.3934,174.3079,170.3301,170.6178,20750478
20180501,170.6178,172.6215,168.862,172.4628,26025932
20180502,172.8457,176.6489,172.8001,174.6551,30424450
20180503,173.7226,174.7047,170.7368,172.6215,24026071
20180504,171.6891,175.5578,171.6693,175.1907,17677844
20180507,175.9248,178.0575,175.7462,176.5398,18697195
20180508,176.8175,177.6012,175.6867,177.4822,15577211
20180509,178.2261,181.5393,177.344,181.1921,23282811
20180510,181.6782,184.6334,181.0334,184.039,21071403
20180511,183.3645,186.8066,182.6999,185.4873,21207848
20180514,186.2015,186.3503,184.7037,185.1401,15646744
20180515,183.3943,183.801,181.7278,182.8388,15429433
20180516,182.219,182.8388,181.1921,181.7278,16975495
20180517,181.2119,182.5809,180.7556,182.2833,14840675
20180518,182.0154,182.7098,181.1425,181.2119,13130451
20180521,182.2932,183.8109,181.6583,183.0074,13532864
20180522,183.4439,183.9299,181.9559,182.3229,12731419
20180523,181.0334,185.408,180.716,185.398,16628100
20180524,184.3862,185.2988,183.5431,184.4358,12354742
20180525,184.5251,184.8326,182.9677,183.4339,10965061
20180529,182.8586,185.3088,182.2337,184.2474,16398937
20180530,185.0409,186.4892,183.7613,186.1618,13736866
20180531,186.3602,191.1713,185.9734,190.2388,30782631
20180601,191.5135,192.9858,190.5265,192.4311,17307245
20180604,190.2983,192.4211,189.9313,191.7268,18939795
20180605,192.7386,193.4329,191.0721,191.3895,15544294
20180606,189.4901,190.9828,187.5903,189.8024,22558920
20180607,189.2171,189.4353,185.2691,186.6678,21503171
20180608,186.023,187.9527,184.9318,187.5804,12677092
20180611,187.2927,191.0522,187.2828,190.0007,12928907
20180612,190.6257,191.7268,190.0206,190.8538,11562704
20180613,191.1911,192.937,190.3678,190.8638,15853821
20180614,191.5482,195.6946,191.3597,195.2284,19120866
20180615,194.2166,195.4863,193.0758,194.2761,21860931
20180618,193.2346,197.9761,192.5699,196.7163,16826023
20180619,194.6582,196.3692,192.2327,195.9029,19993996
20180620,197.5,201.9142,197.2074,200.3767,28230933
20180621,201.1306,201.7555,198.482,199.8807,19045717
20180622,199.5434,200.6148,197.7083,200.1188,17420188
20180625,198.3928,198.3928,191.5581,194.7721,25275137
20180626,196.012,197.5,194.6531,197.4008,17897576
20180627,197.5794,199.1367,194.2265,194.2662,18734408
20180628,193.6115,195.7541,191.7069,194.6531,18172439
20180629,195.7343,196.0118,192.3963,192.7584,15811602
20180702,191.816,195.8633,190.6753,195.774,13961578
20180703,192.9866,193.8297,190.9729,191.1812,13489514
20180705,193.175,197.0536,192.4707,196.8552,19684193
20180706,196.8552,202.0035,196.1112,201.5968,19740131
20180709,203.2831,204.1462,200.4958,203.0947,18149437
20180710,202.8566,203.2633,200.6346,201.9043,13190067
20180711,200.5949,202.8566,200.1287,200.9124,12927377
20180712,201.7952,205.4159,201.5571,205.2572,15454706
20180713,206.14,206.755,204.7909,205.6539,11503401
20180716,205.8325,207.0427,205.1778,205.5647,11078209
20180717,203.2534,208.7687,203.1939,208.3025,15349892
20180718,208.1338,209.2944,206.7649,207.6775,15334907
20180719,207.0923,208.3025,206.0904,206.4177,11350429
20180720,207.1716,209.8003,206.8245,208.2529,16241508
20180723,208.8877,209.9194,207.122,209.2151,16731969
20180724,213.3813,214.4626,210.8915,212.9449,28468681
20180725,213.9815,216.8631,212.5481,215.7521,64592585
20180726,173.4846,178.6824,172.3537,174.8435,169803668
20180727,178.4245,178.484,171.6097,173.4846,60073749
20180730,173.8913,173.8913,165.2215,169.6853,65280787
20180731,169.2985,172.8398,168.6338,171.1931,40356471
20180801,172.5323,173.673,169.5266,170.2706,34042109
20180802,169.3084,175.3693,168.9017,174.9527,32399954
20180803,176.262,177.4127,174.7344,176.3513,24763434
20180806,177.5318,184.297,176.9465,184.1978,49716192
20180807,185.0013,186.7868,182.2436,182.3329,33398562
20180808,183.2653,185.3484,182.2833,183.6919,22205230
20180809,184.3557,185.0707,181.0136,181.6187,19732120
20180810,180.5771,180.6366,177.9781,178.8114,21500410
20180813,178.6527,181.1425,177.4623,178.6031,17423264
20180814,179.2578,180.5275,177.1846,179.6546,19101995
20180815,177.8988,179.4165,173.3754,178.0873,33020231
20180816,178.9701,179.0495,172.6116,173.2961,31351784
20180817,173.0977,174.8039,170.6575,172.4033,24893176
20180820,172.6414,173.1671,169.5365,171.1138,21518006
20180821,171.4213,172.7703,170.0127,171.2328,19578514
20180822,170.8261,172.8398,170.7467,172.2446,16894083
20180823,171.699,174.1392,171.4411,171.5105,18053567
20180824,172.3041,173.4151,171.5304,173.2415,14631556
20180827,174.5757,177.2342,174.3773,176.0339,17921935
20180828,176.6688,176.8075,174.417,174.8435,15910675
20180829,174.8783,175.3693,173.3457,174.4864,18678301
20180830,174.4864,178.3453,174.288,176.2125,24216532
20180831,175.7264,176.1926,173.5753,174.3178,18065159
20180904,172.1057,172.4926,167.4435,169.7845,29808971
20180905,168.1279,169.7498,165.3306,165.8365,31226744
20180906,165.6381,165.6381,158.7142,161.2239,41514834
20180907,159.0217,163.3039,158.8729,161.7298,24300600
20180910,162.196,163.6839,160.8569,162.8606,20197680
20180911,162.6225,165.8464,162.4043,164.6065,20457088
20180912,161.9381,163.1681,160.4997,160.6981,24078118
20180913,160.6981,162.0075,159.5673,160.0633,25453775
20180914,160.4154,161.5314,159.0515,161.0156,21770405
20180917,160.6188,160.7577,158.4861,159.2895,21005321
20180918,158.1091,160.4639,157.5889,159.0118,22465236
20180919,158.7936,162.1266,158.1984,161.7496,19628996
20180920,163.178,165.1124,163.1505,164.6858,18936038
20180921,165.3008,165.9059,161.5016,161.6207,45994800
20180924,159.7359,164.3684,159.5871,164.0807,19222775
20180925,160.6882,164.2593,159.855,163.5848,27622806
20180926,162.9797,167.9395,162.8904,165.6084,25252231
20180927,166.2035,170.3896,165.8663,167.4832,27266856
20180928,166.9773,167.4336,161.2536,163.1384,34265638
20181001,161.7199,164.547,159.9641,161.1346,26407677
20181002,160.2815,160.9759,157.3949,158.0496,36030977
20181003,158.7142,162.3448,158.248,161.1247,23109456
20181004,160.1625,160.1625,156.0855,157.5735,25739635
20181005,157.9306,159.607,154.9447,156.0657,25744047
20181008,154.2901,157.0675,153.1493,155.9863,24045968
20181009,156.4228,159.2995,156.1549,156.6311,18844425
20181010,155.5598,156.4228,150.094,150.1635,30609970
20181011,148.9235,153.5659,147.9613,152.1177,35338901
20181012,155.4705,155.6292,150.0839,152.5045,25293492
20181015,152.0879,154.3198,151.3241,152.2863,15433521
20181016,154.1512,158.1785,153.7643,157.504,19180095
20181017,158.2777,159.2003,156.6807,158.1389,17592003
20181018,157.2362,157.385,152.0482,153.675,21675084
20181019,154.6075,156.0855,152.316,152.812,19761347
20181022,153.5163,156.0756,153.2187,153.5362,15424658
20181023,150.0048,153.5262,149.6377,153.1493,19095032
20181024,153.0402,153.4072,144.4299,144.8664,27744597
20181025,146.5428,150.9868,145.8187,149.7369,22105696
20181026,144.6482,147.8026,142.6444,144.2018,31303341
20181029,147.3066,147.634,137.9127,140.9481,31336784
20181030,138.8105,145.4616,138.6189,145.0449,50528278
20181031,153.7544,155.1431,147.7629,150.5702,60101251
20181101,150.3024,151.5225,148.1498,150.5305,25640786
20181102,150.5801,152.8914,147.7629,149.1418,24708695
20181105,148.8938,148.983,146.2551,147.4852,15969849
20181106,148.1101,149.7568,146.8106,148.7351,16667124
20181107,150.352,151.7804,148.6259,150.3123,21877372
20181108,149.2806,149.727,145.5608,146.6817,24145814
20181109,145.5707,146.5726,142.9122,143.7951,17326898
20181112,143.3189,143.8744,139.3609,140.4125,18542123
20181113,140.8589,143.7157,140.4819,141.0176,15141710
20181114,142.5452,144.4101,140.4125,143.061,22068384
20181115,141.1862,143.676,139.6983,142.694,30320280
20181116,139.9363,140.6307,136.6629,138.4087,37250560
20181119,136.5041,136.643,130.1556,130.4928,44362729
20181120,126.0092,133.0811,125.8306,131.3658,41939475
20181121,133.3199,136.0875,133.0521,133.7366,25469735
20181123,132.576,133.4191,130.2003,130.6714,11886128
20181126,131.9312,135.899,131.713,135.284,24263640
20181127,134.6591,135.5148,132.6355,133.9151,20750318
20181128,135.1848,135.6906,130.7904,135.661,29847505
20181129,134.8277,138.865,134.5698,137.5655,24238713
20181130,137.1489,139.8332,136.2561,139.48,25732577
20181203,141.8508,142.5253,139.6288,139.9562,24819226
20181204,139.5991,142.2377,136.0578,136.8216,30307400
20181206,132.7446,138.5773,132.5958,138.5079,28218145
20181207,138.131,139.7379,135.5584,136.3157,21195460
20181210,138.4781,141.9004,137.8929,140.7101,26422173
20181211,142.7238,142.7238,139.9661,140.9382,20300349
20181212,141.9302,146.0072,141.3648,143.3388,23696936
20181213,144.4002,144.6779,142.0393,143.8447,18148610
20181214,142.1881,144.8366,141.3648,142.9023,21785820
20181217,141.9302,143.7554,137.3076,139.0634,24333959
20181218,139.9463,144.7573,138.7064,142.5055,24709084
20181219,140.0752,143.7455,131.4352,132.1693,57404894
20181220,129.6497,134.4805,128.9553,132.328,40297944
20181221,132.3181,133.8159,122.4282,123.9459,56901491
20181224,122.1107,128.6974,122.0314,123.063,22066002
20181226,124.9874,133.1612,124.8783,133.1017,39723370
20181227,131.3757,133.9052,128.6279,133.439,31202509
20181228,134.2524,134.8277,131.1376,132.1296,22627569
20181231,133.3695,133.558,128.9057,130.0365,24625308
20190102,127.9534,136.4049,127.5269,134.5897,28146193
20190103,133.6076,136.0677,130.0663,130.6813,22717948
20190104,132.9331,136.891,132.6752,136.8414,29002059
20190107,136.4545,137.754,134.8178,136.9406,20089337
20190108,138.7658,141.9897,138.4186,141.3846,26263793
20190109,141.8012,143.5372,140.1347,143.0709,22205879
20190110,141.9302,143.3983,139.7082,143.0412,16125004
20190111,141.9996,144.1919,141.4243,142.6444,12908031
20190114,140.8589,145.3921,140.1347,144.2216,20520278
20190115,144.8366,149.4691,144.8168,147.753,24068822
20190116,147.8026,148.4473,145.8162,146.3543,18025714
20190117,145.7691,147.8026,145.3227,147.1082,15787914
20190118,148.5466,151.205,147.3562,148.8343,31029612
20190122,148.001,150.3123,145.1937,146.3841,22378694
20190123,147.0884,147.6042,141.9054,143.1404,20098415
20190124,143.4776,145.2632,141.3747,144.6581,20955518
20190125,146.2948,148.6259,145.3624,147.8125,22250954
20190128,146.8602,147.7629,145.035,146.2849,15508483
20190129,146.8999,146.9098,142.2774,143.0313,17631953
20190130,145.0449,149.7369,144.5245,149.2112,44613240
20190131,164.2692,170.3003,163.674,165.3504,77233602
20190201,164.5073,167.7411,164.3287,164.3783,30806513
20190204,164.3684,167.9395,162.3051,167.8899,20036470
20190205,167.7907,170.5979,167.3344,169.7845,22556985
20190206,169.8242,171.084,167.9097,169.1199,13281161
20190207,166.8483,167.88,163.922,165.0429,17517609
20190208,163.1483,166.025,162.8904,165.9853,12561422
20190211,166.5507,166.9475,163.7534,164.4577,12811176
20190212,165.5191,166.9872,163.178,163.7137,16292290
20190213,164.051,164.8842,162.4142,162.7515,14205146
20190214,161.8786,163.5448,160.943,162.6325,12755151
20190215,163.188,163.3764,159.5673,161.1941,15504415
20190219,159.2102,162.8309,159.0416,160.9858,14345390
20190220,160.9461,162.4043,159.9542,161.2536,11770692
20190221,160.6287,160.9362,158.3075,158.7539,15607828
20190222,159.2895,161.1048,159.0217,160.589,15858468
20190225,161.7595,164.7354,161.5909,163.2971,18737106
20190226,163.0144,164.9041,162.4837,162.811,13784063
20190227,161.5909,162.6126,159.1209,161.5016,12697485
20190228,161.0652,162.1861,159.5673,160.1526,11114185
20190301,161.2933,161.821,160.3906,160.9759,11097770
20190304,162.5829,166.1539,162.5134,166.025,18894689
20190305,166.025,170.4987,165.2116,169.8837,28187890
20190306,171.5105,172.1752,169.8936,171.1237,21531723
20190307,170.1218,170.3599,166.2631,167.7708,18306504
20190308,164.8644,168.2569,164.6362,168.2371,13184831
20190311,170.221,172.8993,170.2012,170.6872,18883983
20190312,170.7071,172.4033,169.8419,170.5384,12155264
20190313,170.9352,172.6315,170.7368,171.9768,11973280
20190314,168.3958,169.7746,166.8086,168.8025,18037364
20190315,165.8167,166.2333,161.204,164.6462,37126000
20190318,162.2555,162.5829,158.0,159.1804,37524191
20190319,160.1823,162.5035,159.5276,160.2716,25611488
20190320,160.2022,164.785,159.9442,164.1105,20211474
20190321,163.5649,165.0529,162.4341,164.7453,16223007
20190322,164.3188,166.0746,162.7713,163.0193,16389185
20190325,161.6901,165.2017,160.6981,164.9537,12631230
20190326,166.0051,168.0883,165.0131,166.3325,15437920
20190327,166.5011,167.5824,163.4657,164.537,10620299
20190328,163.2475,165.3802,162.0174,164.2196,10689171
20190329,165.0529,165.8464,163.4856,165.3504,13455454
20190401,166.4813,167.5427,165.9346,167.3443,10381490
20190402,168.7727,173.4945,168.1875,172.8001,23946529
20190403,173.0977,176.5299,171.5601,172.1454,27590058
20190404,174.6055,176.5696,174.1195,174.6055,17847731
20190405,175.4586,175.5776,173.6929,174.3079,9594133
20190408,173.802,174.0896,172.8299,173.5242,7297379
20190409,174.2087,177.75,174.1392,176.1529,19751031
20190410,176.7481,177.3532,175.1213,176.391,11701479
20190411,176.8076,176.9663,175.5776,176.0835,8070967
20190412,176.5696,178.1865,176.52,177.6607,12329812
20190415,177.0655,179.0495,175.4486,178.2063,10834762
20190416,177.5615,178.7221,176.8671,177.4326,11215193
20190417,178.1567,179.2875,176.9267,177.3433,9973732
20190418,177.3631,177.4425,175.9149,176.8473,11655608
20190422,176.8175,180.2051,176.8175,179.9819,13389889
20190423,181.2715,182.7396,180.0216,182.3031,19954814
20190424,183.0074,183.6522,180.1902,181.1128,37289871
20190425,195.397,196.885,190.5761,191.7069,54148789
20190426,190.953,191.3498,187.5704,189.9512,22075002
20190429,189.4155,193.8396,189.1179,193.2147,19641310
20190430,192.6295,195.8037,190.7348,191.8458,23494689
20190501,193.2147,194.6004,191.4589,191.4788,15996646
20190502,191.449,192.441,188.2251,190.9828,13209452
20190503,192.8179,194.5836,192.1533,193.8992,14575434
20190506,189.7032,192.7187,189.0187,192.3219,13994932
20190507,190.9927,191.3498,186.3404,188.245,16253001
20190508,187.868,189.1873,187.0348,188.0168,12505737
20190509,185.6956,188.245,184.7632,187.134,12967033
20190510,186.7372,188.4731,183.1066,186.8265,12578508
20190513,182.0254,183.9398,179.3867,180.0811,16833347
20190514,181.0532,182.0154,176.6688,179.2776,17628142
20190515,178.9701,185.775,178.5733,184.7731,16746904
20190516,183.5629,187.0596,183.5629,185.4873,12953111
20190517,183.3546,186.0726,182.7991,183.8109,10485370
20190520,180.4184,182.7495,179.9125,181.2516,10351981
20190521,183.0868,184.2077,182.4073,183.3348,7502820
20190522,183.2455,185.2393,182.1345,183.8307,9213801
20190523,180.954,182.4221,178.2261,179.4165,12768835
20190524,180.8648,182.1543,179.3768,179.605,8807701
20190528,180.0811,183.2275,179.9955,182.8289,14843308
20190529,182.0254,183.0768,179.8926,180.7259,12797685
20190530,181.6087,182.0055,179.4363,181.5393,8581544
20190531,178.8312,179.0891,175.7363,176.0438,15226536
20190603,173.5937,173.6433,159.7161,162.8309,56059609
20190604,162.3944,166.9277,159.5475,166.1539,46044256
20190605,166.1341,167.3641,163.307,166.8186,19758317
20190606,166.9475,168.3363,165.8861,166.9773,12446354
20190607,168.8025,172.4727,167.4832,171.9569,16917343
20190610,173.3457,176.4307,172.4033,173.4151,14767918
20190611,177.0457,178.5336,175.3693,176.6688,15266644
20190612,176.9465,177.8294,171.4907,173.6333,17699806
20190613,174.1194,176.5993,173.2028,176.0438,12253569
20190614,179.0594,180.3785,178.5535,179.8728,16773691
20190617,183.5232,187.9771,182.9285,187.4911,29459881
20190618,192.441,192.9667,185.775,186.9554,37571352
20190619,185.4972,186.5884,183.0669,185.9734,21417092
20190620,189.4155,189.6238,186.1321,188.0069,14635740
20190621,187.2332,190.4571,187.2332,189.604,22751159
20190624,190.8737,192.4211,190.0305,191.0522,15508955
20190625,191.33,191.5879,186.6182,187.3224,16750309
20190626,188.0168,189.227,185.8047,186.1519,12808604
20190627,188.3541,188.4235,186.757,187.9771,11158983
20190628,189.0187,191.6474,188.4136,191.449,16378878
20190701,193.6413,193.7107,190.3876,191.449,14204690
20190702,191.449,193.4329,191.1613,193.4329,9049979
20190703,192.5997,195.8137,192.5997,195.6153,10246119
20190705,194.6035,195.4863,192.6096,194.8217,11164107
20190708,193.6214,195.0994,192.0839,194.1868,9723858
20190709,193.4032,197.8571,193.3238,197.6091,14698611
20190710,198.3928,201.329,198.0654,201.1008,20571702
20190711,201.6266,202.1622,198.6011,199.6129,13678457
20190712,198.0753,203.6502,197.5595,203.2236,15366272
20190715,202.6086,203.6799,200.1981,202.2713,16030335
20190716,202.2515,203.8195,201.4679,202.2019,12132720
20190717,202.5392,202.7177,199.97,200.1783,12083714
20190718,198.5416,200.8429,197.7777,199.1665,11956554
20190719,200.5552,200.704,196.4783,196.7659,12098262
20190722,198.3035,200.9421,197.2123,200.6941,13589024
20190723,201.2099,202.6007,199.3475,200.7338,14583680
20190724,196.0418,203.1641,195.6351,203.0153,32532540
20190725,205.0389,206.9832,196.6667,199.0971,39889869
20190726,198.5812,201.2496,194.6729,198.1448,24433985
20190729,197.4008,198.0257,193.7305,194.3654,16530801
20190730,193.8198,197.1131,191.945,195.4565,11903558
20190731,195.3673,197.1627,191.1316,192.6691,14593544
20190801,192.6096,196.8751,189.3461,191.1812,17777013
20190802,189.5643,191.0721,186.5586,187.501,15296975
20190805,183.2058,184.1779,177.8988,180.2696,23086655
20190806,182.2138,184.296,181.6187,183.0272,18035686
20190807,182.1246,184.8723,179.7637,183.6621,15833197
20190808,185.1203,188.8104,182.5709,188.6318,14828916
20190809,188.4731,189.4452,185.6163,186.3404,11058811
20190812,185.3484,186.0825,182.9776,183.8803,10936283
20190813,184.0291,189.842,183.8803,186.9356,13653319
20190814,184.3069,184.4953,177.869,178.2658,18903716
20190815,179.4959,181.7278,178.5832,181.1227,13059640
20190816,182.2734,183.6125,180.8945,182.2238,12844832
20190819,184.5152,185.9932,183.3645,184.6739,9699661
20190820,183.9597,184.5053,180.9243,182.3329,10087592
20190821,183.5133,184.4061,181.6683,182.075,8409548
20190822,181.9559,182.6305,178.4642,180.5771,10829509
20190823,179.3867,181.6583,175.2403,176.3216,17331221
20190826,177.9583,179.0495,176.8076,178.9106,8780477
20190827,180.468,182.561,179.5554,179.843,14408946
20190828,179.0792,180.4878,177.4822,180.2993,9392060
20190829,182.2932,184.5799,181.9956,184.0787,10135033
20190830,185.279,185.3005,181.9842,184.1779,10785722
20190903,182.5213,184.1779,180.6465,180.9243,9792187
20190904,183.1661,186.2406,182.4122,185.6361,11314571
20190905,187.0149,189.8222,186.4297,189.3659,13896621
20190906,188.6814,188.6814,184.8525,185.9833,15226820
20190909,186.2214,187.4613,184.3531,187.2431,14722402
20190910,185.9337,186.5884,183.0669,184.6739,15455867
20190911,184.9616,187.9176,184.5846,186.9753,11761660
20190912,188.3342,189.3957,185.7254,185.9635,11419775
20190913,185.8196,186.4594,185.0409,185.6857,11441116
20190916,185.4278,186.2851,184.2722,184.7235,8444844
20190917,185.16,186.8066,184.049,186.5686,9751570
20190918,186.5785,187.5605,184.5172,186.6281,9945798
20190919,187.1439,189.5643,186.638,188.612,10474685
20190920,189.1278,191.5482,186.6082,188.4037,20359878
20190923,187.8184,188.5723,183.7178,185.3187,14370089
20190924,186.4694,186.5289,178.9404,179.8232,18775666
20190925,179.9918,181.946,176.4406,181.331,18339960
20190926,179.8728,179.9422,176.2422,178.6626,16280691
20190927,179.0395,179.3024,174.2484,175.6768,14663575
20190930,176.4406,177.2342,175.4288,176.6489,11071425
20191001,177.7103,178.3948,173.4746,174.3972,17261556
20191002,173.435,175.1114,171.699,173.1969,16374148
20191003,174.1591,178.3948,172.2347,177.9385,16789319
20191004,178.1071,179.5256,176.6688,178.9999,10476395
20191007,178.5535,179.724,176.6588,178.2361,9359793
20191008,176.8275,178.9205,176.2918,176.3216,10084896
20191009,177.7202,179.2677,176.51,178.4047,7648874
20191010,178.8709,180.1505,177.7302,178.5832,8980978
20191011,180.6862,184.9913,180.6763,182.7098,14998754
20191014,182.7197,183.1364,181.1063,181.8071,7203665
20191015,182.3229,188.8501,182.1841,187.372,15143119
20191016,186.8066,188.1755,185.3982,188.0267,10560343
20191017,188.7707,189.3064,187.248,188.86,9761548
20191018,188.7013,189.9512,182.4459,184.3565,16882862
20191021,185.5369,188.3838,185.2492,188.2351,8580744
20191022,188.4731,189.1179,180.0414,180.8747,19854192
20191023,180.5473,184.8822,180.5374,184.6541,12370819
20191024,183.1364,185.2294,181.331,184.8822,11505406
20191025,184.3366,187.4812,183.6002,186.3801,8061240
20191028,185.6956,188.0069,183.5927,187.8779,13657866
20191029,190.1495,190.9828,186.9554,187.7887,13574874
20191030,188.0367,188.9195,184.4854,186.7372,28734559
20191031,195.1193,196.4981,186.7372,190.1099,42286529
20191101,191.3002,192.5501,188.3838,192.064,21711829
20191104,192.9866,195.7811,192.2544,193.1552,16371292
20191105,193.8,194.1769,192.0442,192.7584,9941954
20191106,192.4707,192.808,189.8123,190.0107,10973019
20191107,190.3678,191.8855,187.9474,188.8897,13472998
20191108,188.4731,190.7943,188.1755,189.3064,10764784
20191111,188.4037,188.5525,187.0249,188.0863,8637768
20191112,188.4731,193.4925,188.2152,192.9072,17615454
20191113,193.1354,194.1273,191.1911,191.6375,11009800
20191114,191.3796,192.4707,189.9115,191.5978,9059897
20191115,192.6989,193.7305,191.826,193.5321,11530232
20191118,192.9965,197.0338,191.4986,195.8137,16176107
20191119,195.8137,198.3928,195.278,197.7182,19070291
20191120,196.9842,197.9861,193.8595,195.9228,12370240
20191121,195.8335,197.4901,195.278,196.3394,12130985
20191122,196.7858,197.6984,196.0319,197.2222,9959817
20191125,197.9117,199.355,197.6488,198.1845,15286442
20191126,198.3928,198.5416,196.4472,197.371,11748664
20191127,198.2936,201.5075,197.8174,200.3767,12760568
20191129,199.9799,202.1622,199.593,200.0196,7985231
20191202,200.5056,200.5552,196.4584,198.0952,11542020
20191203,196.012,197.3314,193.5123,197.2222,13014170
20191204,198.3928,198.4213,196.4584,197.1131,8459939
20191205,198.2539,199.6724,196.6197,197.7579,9755350
20191206,198.8887,199.9501,198.4523,199.4343,12279525
20191209,199.0375,201.5093,198.6011,199.722,12013218
20191210,200.0394,200.4263,198.5416,199.2558,9485568
20191211,198.6705,201.0016,198.6705,200.6346,8041827
20191212,200.7239,202.0233,192.5402,195.1689,23766986
20191213,194.8217,195.2185,191.6176,192.5501,18806020
20191216,193.7008,197.5198,193.2445,196.3295,14922733
20191217,197.2421,197.4008,194.5539,196.7957,10177605
20191218,198.482,202.6582,198.482,200.8727,23284746
20191219,201.1504,204.6421,200.8826,204.4041,16808184
20191220,205.8127,206.0408,201.7952,204.6421,27315226
20191223,205.0389,206.9137,204.0271,204.5231,13353194
20191224,204.6421,205.1282,203.3526,203.4716,6046273
20191226,203.9145,206.1499,203.6601,206.1202,9368273
20191227,206.9928,207.251,204.9273,206.4277,10287634
20191230,206.1896,206.2293,202.2615,202.7673,10534441
20191231,202.3557,203.9081,201.9639,203.6006,8962756
20200102,205.0885,208.1041,204.6124,208.0942,12090707
20200103,205.5483,208.7092,205.2869,206.9931,11197416
20200106,205.0389,211.0701,204.8604,210.8915,17073861
20200107,211.1097,212.8556,210.0483,211.3478,15111857
20200108,211.2883,214.5023,210.9035,213.4905,13492703
20200109,215.7918,216.6251,214.5399,216.5457,12679579
20200110,217.4385,218.113,215.6728,216.3076,12127432
20200113,217.8318,220.1862,217.4484,220.1267,14494517
20200114,219.8291,220.5929,216.873,217.2996,13315361
20200115,218.8371,219.8985,218.3709,219.3728,10036475
20200116,220.7814,220.8409,218.6189,219.9878,10015288
20200117,220.2457,220.5036,218.7578,220.3548,15905944
20200121,220.3697,220.583,217.3591,219.6605,14275784
20200122,220.5235,220.9599,219.5018,219.5414,12212814
20200123,218.976,219.7051,217.5079,217.994,11195000
20200124,219.0256,219.9977,214.3733,216.1886,11905824
20200127,211.3875,214.3237,210.7923,213.1433,13810655
20200128,214.4031,216.9822,211.8041,216.0398,13413835
20200129,219.6605,222.3983,216.6945,221.4361,33610005
20200130,204.8703,209.7309,203.1046,207.8462,48775500
20200131,206.755,207.0129,199.4442,200.2874,31359917
20200203,201.8051,203.4915,200.8727,202.5491,15510509
20200204,204.9561,208.9076,203.5535,208.1438,19628890
20200205,210.8022,211.0205,207.0328,208.4215,12538154
20200206,208.7786,209.4928,207.6557,209.1556,10567533
20200207,208.61,211.1097,208.243,210.6237,12242530
20200210,209.8202,212.0819,208.9671,211.3478,11856350
20200211,208.5009,209.1655,204.8506,205.525,25030810
20200212,206.1797,209.5226,205.7333,209.0663,13813704
20200213,207.8397,212.6035,207.499,211.4272,15396625
20200214,212.2803,213.2028,210.9411,212.4588,10741747
20200218,211.8339,216.2233,211.6851,216.0497,15630026
20200219,216.2382,216.5655,214.3733,215.7422,12135114
20200220,214.78,217.007,211.2337,212.8556,13109213
20200221,211.7644,212.5154,207.1523,208.491,14098432
20200224,200.1783,202.0134,196.5775,199.107,23080057
20200225,200.6247,201.8646,194.379,195.1887,21433487
20200226,195.6053,199.593,193.919,195.6153,16555210
20200227,190.2785,194.3059,187.9771,188.2251,21682626
20200228,181.2268,191.1911,180.3589,190.9233,32583494
20200302,192.4707,194.9903,187.3324,194.8614,24948955
20200303,194.6431,195.6549,182.4916,184.3962,27984104
20200304,187.6498,190.2884,184.8921,190.219,23062473
20200305,185.279,187.4712,182.4123,183.6819,19333425
20200306,176.8969,182.3031,174.8435,179.6347,24559550
20200309,168.2371,173.5937,163.8625,168.1379,29949041
20200310,173.2663,176.8572,168.1379,176.758,24517791
20200311,172.6116,174.4666,166.3127,168.8719,20397204
20200312,158.2579,165.2612,153.0997,153.2287,43266335
20200313,162.2158,169.4175,156.3335,168.9116,35028627
20200316,151.0959,157.8512,141.95,144.8366,39120419
20200317,149.5286,152.7029,138.8749,148.2192,34255596
20200318,138.6269,146.9892,135.9988,145.779,37553136
20200319,145.4417,158.6442,143.6364,151.8994,39862312
20200320,154.7662,157.9901,146.8106,148.5267,32568398
20200323,148.4573,151.086,141.1069,146.9098,29830765
20200324,153.9577,160.0137,151.3439,159.6863,30440369
20200325,157.6429,161.6802,151.83,154.9547,35184271
20200326,156.9783,162.6821,155.7583,162.0274,26579021
20200327,156.9287,158.8035,153.5064,155.53,24879869
20200330,157.9008,165.41,156.7898,164.6164,22515225
20200331,164.1502,169.5564,162.8805,165.4596,23676283
20200401,160.3162,162.8309,156.765,158.3174,19507559
20200402,157.8214,160.0543,154.667,156.9188,20886309
20200403,155.8871,156.641,149.6179,152.941,25983317
20200406,158.863,164.8644,157.2362,164.2196,28453581
20200407,170.4095,171.9966,164.6759,167.4733,31411919
20200408,169.8738,173.5937,166.392,172.8795,21664198
20200409,174.4864,175.657,170.1912,173.7821,23534287
20200413,172.2744,173.5937,168.0883,173.3854,19355355
20200414,177.5382,179.7686,175.2006,176.7382,21011815
20200415,173.7787,176.758,171.4312,175.5478,17423003
20200416,176.52,176.6192,171.1237,174.8336,23593229
20200417,177.7599,178.8312,175.2403,177.7996,20974750
20200420,175.9843,179.0495,175.3494,176.8076,16110664
20200421,173.8417,173.9706,166.988,169.4274,24850528
20200422,177.0159,183.2951,176.7084,180.8152,33369931
20200423,182.6007,185.5468,181.6782,183.6423,21426604
20200424,181.7575,188.8798,179.3719,188.5426,28868528
20200427,191.1088,192.193,185.9039,185.9932,29197750
20200428,187.1439,187.6796,181.0929,181.4401,21730986
20200429,189.3957,195.3276,188.4731,192.6295,45954521
20200430,205.2572,208.0049,199.9502,203.0649,46230116
20200501,199.9799,205.6143,197.4505,200.6445,30415581
20200504,198.5912,204.2553,197.159,203.6105,19250673
20200505,205.3563,208.6893,204.8405,205.4059,21071223
20200506,206.4475,209.8995,204.9992,206.7947,21856963
20200507,209.4631,209.8995,207.3601,209.5623,15151976
20200508,210.5344,211.4966,209.1556,210.6435,12524048
20200511,209.1918,213.2722,208.6794,211.4668,12911948
20200512,211.576,213.545,208.3124,208.4116,14704647
20200513,207.747,209.0861,200.4858,203.4518,20684559
20200514,200.9322,205.2671,199.0772,205.148,17178947
20200515,203.6204,209.6416,202.4797,209.1853,19383154
20200518,210.4451,212.9196,209.2448,211.4768,20167443
20200519,211.5561,218.7181,211.1197,215.1371,31843152
20200520,221.7039,229.4809,221.3964,228.1219,50162875
20200521,232.8337,235.2938,229.342,229.5305,47782636
20200522,229.6495,234.0935,226.9018,233.0222,33925564
20200526,237.8432,238.9641,229.8083,230.334,33178318
20200527,227.2292,228.7072,219.3576,227.2986,34697553
20200528,222.4975,229.7718,222.1999,223.6482,29423013
20200529,223.3903,225.6618,221.0889,223.2811,23322476
20200601,222.7852,230.5721,221.7039,230.0463,18223839
20200602,229.0841,231.1276,224.7393,230.8498,20919018
20200603,230.2447,230.7804,226.6935,228.3104,15380282
20200604,227.7152,229.7686,222.805,224.4715,17041481
20200605,224.8881,229.4908,223.4999,228.9155,16750438
20200608,227.1895,229.6892,225.5825,229.5404,15466499
20200609,229.6595,237.8432,228.5584,236.752,27462872
20200610,239.0236,239.2716,233.3892,234.8276,20720709
20200611,228.0922,231.0185,221.7535,222.6264,26708163
20200612,228.0525,229.7983,222.6959,226.7431,22091387
20200615,223.2811,231.8914,222.9935,230.6316,15340264
20200616,235.2343,236.5437,231.1276,233.7563,15236691
20200617,233.1115,235.6807,229.8646,233.6372,19578125
20200618,233.1016,234.2423,230.2844,234.0439,15782452
20200619,235.8791,238.8946,233.6571,236.871,30081291
20200622,236.6429,238.7657,235.0061,237.2976,18917782
20200623,239.341,243.2149,237.9324,240.2933,24017915
20200624,239.2617,241.2654,230.8101,232.1394,20834904
20200625,232.7345,235.393,230.8697,233.786,18704339
20200626,230.7705,231.2168,213.669,214.3435,76343939
20200629,208.0644,218.976,205.4456,218.8669,58514281
20200630,218.8173,225.6718,216.7143,225.2452,33927068
20200701,226.6637,237.0794,225.7313,235.641,43399739
20200702,237.0794,238.0713,230.7407,231.5442,30633620
20200706,231.8815,238.4681,230.4034,238.3491,26206158
20200707,237.4861,245.6598,236.9008,238.9244,27887786
20200708,236.1965,245.0051,234.6887,241.6225,29791339
20200709,243.0311,244.5439,237.3174,242.5352,22174896
20200710,241.7267,243.5172,237.3968,243.1006,22982716
20200713,245.02,248.1397,236.504,237.0794,24674874
20200714,234.8574,238.3987,230.1654,237.8035,23378056
20200715,239.6089,242.8526,236.137,238.3491,19133562
20200716,236.0874,239.8172,234.4314,238.9938,18880705
20200717,239.0633,242.1979,235.9485,240.085,18152413
20200720,238.1308,244.0727,233.7414,243.4478,20872223
20200721,244.2413,244.9258,238.1507,239.8073,19409687
20200722,238.3292,239.956,236.2064,237.9424,15427885
20200723,237.7043,240.4719,229.8876,230.7308,21771802
20200724,228.3401,231.6136,225.0766,228.856,18325813
20200727,229.5999,233.0619,228.975,231.6236,13163083
20200728,232.7445,233.0718,227.983,228.2707,14170112
20200729,229.2825,231.8219,228.4592,231.4152,13588317
20200730,228.3699,233.0054,227.1597,232.6155,20615306
20200731,253.7642,253.7939,246.999,251.6315,53030037
20200803,250.6197,253.3476,248.3183,249.9352,23134103
20200804,249.5384,250.7685,245.4416,247.8223,17183533
20200805,248.1794,250.2425,245.7789,247.118,13088361
20200806,247.0387,264.4576,246.6667,263.1482,45241611
20200807,261.9578,276.6488,261.313,266.2828,72766364
20200810,265.886,271.6592,257.6031,260.8865,30248826
20200811,258.0941,263.7781,253.0797,254.0717,28238283
20200812,256.8889,261.7766,256.0383,257.8015,21428329
20200813,259.4481,263.0291,257.484,259.2001,17373970
20200814,260.1971,260.5393,256.6013,259.1406,14792708
20200817,260.3905,261.975,257.3154,259.0613,13351062
20200818,258.853,263.0192,257.1765,260.2318,18690383
20200819,259.2874,265.755,259.2497,260.4798,23291463
20200820,259.3985,267.4632,259.3589,266.8482,20299688
20200821,266.5308,268.3163,264.279,264.8643,15538615
20200824,268.8916,275.0198,266.6102,269.2091,23685603
20200825,270.2209,280.815,268.0882,278.5633,42127240
20200826,281.7177,302.2216,281.7177,301.4677,69015151
20200827,297.7479,298.8093,289.6733,290.8636,30301309
20200828,292.6293,294.8414,288.6416,291.3001,17172415
20200831,291.5878,294.4942,289.207,290.8438,17345134
20200901,292.3417,299.0672,290.3577,293.0658,17320872
20200902,296.4781,301.1602,290.695,300.0691,24341369
20200903,293.6114,295.2084,281.3507,288.7805,32294092
20200904,284.9416,286.6775,268.9611,280.4579,30333671
20200908,269.0999,277.0555,267.2549,268.9809,24863997
20200909,273.5539,276.2421,269.1694,271.5203,22918769
20200910,273.2959,276.9166,264.886,265.9356,24814669
20200911,267.8897,269.2091,260.5294,264.4675,18913883
20200914,268.7726,274.4169,263.5648,264.0112,24093830
20200915,268.4948,272.3139,267.1359,270.2308,18478530
20200916,265.142,270.2506,259.6862,261.4023,29207594
20200917,256.2044,259.3985,248.1794,252.7722,31281441
20200918,256.3284,257.117,248.0406,250.5006,28130767
20200921,245.5507,247.9414,242.1681,246.1558,24709378
20200922,251.2744,253.2682,246.2253,252.7028,30293103
20200923,253.2087,255.9188,246.1558,247.0188,19641266
20200924,244.5191,250.213,243.6462,247.5247,20006750
20200925,247.3958,253.6947,244.6282,252.7722,18351311
20200928,257.3154,257.5138,252.773,254.7561,18826254
20200929,255.7382,261.2138,254.8355,259.6862,20215504
20200930,259.8747,263.9467,258.0098,259.7953,20142546
20201001,263.2176,266.1736,262.672,264.4873,20009801
20201002,259.1109,263.0192,257.0972,257.8511,16367597
20201005,260.0929,262.7365,258.7439,262.5232,12822252
20201006,259.6763,263.5549,256.1647,256.5814,18696917
20201007,257.1269,258.0891,252.7722,256.0457,23133417
20201008,257.6626,262.4935,257.0662,261.6404,16312762
20201009,262.3943,262.6224,260.0632,262.3248,14107803
20201012,268.0286,277.9284,265.7173,273.534,31019256
20201013,275.3493,276.8571,271.193,273.9209,18063343
20201014,275.389,276.5099,269.3182,269.6356,15601154
20201015,265.4495,266.8779,261.5511,264.5766,15416064
20201016,265.2263,269.1892,263.168,263.7929,16622702
20201019,263.3962,266.3919,257.7916,259.2993,13586955
20201020,260.946,267.5326,260.7674,265.4098,18763246
20201021,277.3134,280.7754,274.149,276.4901,28998638
20201022,277.6209,280.1802,272.8297,275.885,16720026
20201023,276.5619,282.9478,274.5954,282.5014,17535155
20201026,280.8845,282.9378,272.056,274.8831,21322925
20201027,276.5198,282.2236,274.0895,281.0134,16287249
20201028,276.5496,276.5496,265.1122,265.519,23121808
20201029,274.3276,281.3209,271.5799,278.5732,32368118
20201030,272.2941,274.4764,257.0178,260.9956,47299002
20201102,262.4736,268.2965,255.272,259.2597,27165679
20201103,261.0452,267.8798,258.7835,263.168,17961859
20201104,278.7418,286.618,276.381,285.0706,35364424
20201105,289.5508,294.9902,286.6279,292.3119,23823633
20201106,291.5878,292.2325,285.7451,291.0521,13890974
20201109,287.5406,290.2288,276.2917,276.5298,25117650
20201110,270.9053,271.7981,261.8784,270.2407,29067691
20201111,271.2723,276.1627,270.2903,274.2582,14956950
20201112,274.9525,277.5019,272.2246,272.8694,12914206
20201113,275.4882,275.5279,270.9053,274.7244,10400101
20201116,272.8396,277.1646,272.423,276.7182,12970352
20201117,275.4485,275.4485,271.0938,272.79,15040297
20201118,272.3139,275.1598,269.6554,269.7844,12152945
20201119,268.847,271.2723,267.0267,270.7466,12963658
20201120,270.3697,270.8061,267.245,267.5326,18122412
20201123,268.7131,268.7697,262.4042,266.2728,20990786
20201124,266.3324,275.5873,265.7173,274.6946,16930424
20201125,275.9048,277.9284,270.4589,273.3753,12467009
20201127,275.1608,276.8869,272.6115,275.5775,7808426
20201130,273.8118,275.4684,268.8321,274.7442,16693336
20201201,276.9166,286.9751,276.7182,284.2472,20777906
20201202,283.0668,289.4352,278.5682,285.2094,17361624
20201203,283.9496,284.3464,278.8113,279.585,12921694
20201204,278.0475,281.1821,277.0555,277.4523,10880299
20201207,276.9464,286.1716,275.9643,283.285,13007665
20201208,283.7116,284.1254,279.2874,281.1225,10747650
20201209,281.3805,285.3186,269.5662,275.6866,25189707
20201210,273.3207,276.4901,269.6753,274.893,20065091
20201211,272.3238,274.2582,268.0782,271.3517,14391401
20201214,271.1753,274.9922,269.3777,271.9866,16376880
20201215,272.6214,273.8614,265.3206,273.3356,23979461
20201216,272.552,275.6271,270.3201,273.4547,15884999
20201217,274.8434,278.1863,271.4112,272.2742,16377844
20201218,273.5588,275.7659,268.9611,274.1788,26693249
20201221,270.7843,272.4627,265.638,270.5978,16553740
20201222,269.3182,269.3182,262.5034,264.9436,17334999
20201223,264.7452,269.9827,264.0905,265.9554,14329038
20201224,266.7143,268.227,264.0608,265.2511,6702033
20201228,266.5804,275.0716,263.5251,274.774,23299707
20201229,274.7244,278.2558,274.0598,274.5557,16382995
20201230,275.7163,275.8453,269.5265,269.6852,11803795
20201231,269.8142,274.8633,267.6418,270.9648,12900408
20210104,272.5718,272.79,263.0688,266.7787,15106113
20210105,266.134,270.2109,266.0557,268.7924,9871557
20210106,259.8945,265.5983,257.9205,261.194,24354149
20210107,263.7632,269.4273,262.6522,266.5804,15789756
20210108,266.1538,266.7887,261.065,265.4198,18528251
20210111,258.3867,261.3527,253.8435,254.776,30412286
20210112,254.5677,257.6328,248.2885,249.0722,26449943
20210113,249.5285,251.9092,247.1974,249.6178,19528938
20210114,251.3636,252.9805,242.6443,243.666,29739404
20210115,245.9078,251.8199,245.1738,249.34,24942930
20210119,254.8355,260.0929,250.6892,259.0018,28028546
20210120,266.7688,268.1477,261.4817,265.3305,25199919
20210121,267.0962,271.4013,265.3405,270.6772,20838687
20210122,269.8241,276.2322,269.8142,272.2941,21954042
20210125,275.9048,277.8491,269.3281,275.7759,19086990
20210126,275.9046,283.0966,275.5775,279.7834,19373636
20210127,280.2595,281.1721,265.9654,269.953,35346194
20210128,274.9525,284.4853,262.5728,262.8704,37758844
20210129,263.168,264.4179,252.802,256.254,30389499
20210201,257.4344,262.0471,252.8615,259.9044,22914255
20210202,261.8784,266.6895,261.1543,264.9337,17320788
20210203,263.4854,267.0367,261.7197,264.5072,14223377
20210204,264.8643,266.005,261.8784,264.3484,16059958
20210205,264.6559,267.0069,263.535,265.9455,12454367
20210208,266.5903,267.6914,262.8704,264.4377,13755191
20210209,264.2988,271.193,263.6144,267.2846,14613375
20210210,270.2571,271.5996,265.5686,269.6852,14687152
20210211,269.705,271.3815,266.3324,268.2171,12828572
20210212,268.3461,269.0007,266.1836,268.3262,9097597
20210216,268.6238,274.3772,267.8798,271.7683,15417243
20210217,269.0603,271.7683,267.4136,271.3715,12763240
20210218,267.3987,269.7646,263.8921,267.2251,15249134
20210219,267.6914,268.0981,258.0594,259.4581,25622587
20210222,255.8771,260.9559,255.4604,258.2379,17434873
20210223,257.4146,265.3106,252.9111,263.7185,21924557
20210224,260.2169,264.2393,256.3135,262.186,15736123
20210225,260.1921,264.7948,251.9985,252.6433,19053142
20210226,254.409,263.416,254.409,255.5497,26619517
20210301,258.724,264.5072,255.8313,262.7811,22157255
20210302,263.6441,264.5667,256.5714,256.9186,15191722
20210303,258.1983,258.8925,253.05,253.3575,15513515
20210304,254.409,264.3484,251.4628,255.5696,31626463
20210305,258.5752,263.3168,253.5559,262.1562,26820055
20210308,263.416,263.4457,253.0004,253.2583,18391768
20210309,259.0761,266.372,257.7221,263.6045,22039740
20210310,266.4812,266.8085,260.7575,262.7712,14210318
20210311,265.9554,275.6667,265.6677,271.679,21833979
20210312,266.9771,267.5723,261.8983,266.2431,20600198
20210315,266.9176,273.7423,266.3423,271.5501,16856746
20210316,273.8663,279.8727,272.5917,277.0357,22437665
20210317,273.4894,283.9298,273.1968,281.7276,21315044
20210318,277.6209,282.8981,276.0437,276.381,18754853
20210319,278.9601,290.447,278.9353,287.7786,38930536
20210322,288.1159,297.2965,284.4457,291.1811,28273073
20210323,290.7942,295.6052,287.481,288.2944,23000929
20210324,288.6615,289.3757,278.9005,279.8727,18675046
20210325,278.722,285.7451,275.5179,276.5,24505648
20210326,276.0653,282.2137,275.5378,280.7456,17629185
20210329,283.4735,290.824,282.4121,288.4829,21718831
20210330,287.5009,290.1197,284.396,285.6856,17474537
20210331,287.6596,294.1173,286.2907,292.1631,19498157
20210401,296.002,299.9699,294.2165,296.2599,17615980
20210405,298.472,308.2676,298.2637,306.4275,28237006
20210406,306.3546,308.8479,302.797,303.7988,17335246
20210407,303.8782,311.7246,303.0449,310.5739,22855241
20210408,312.3198,313.3415,307.5584,310.5045,20894148
20210409,308.8975,312.2107,307.8361,309.949,15988568
20210412,308.5503,309.6415,305.4554,309.0364,10881935
20210413,309.701,311.9012,306.8342,307.2707,14036927
20210414,304.8305,305.5546,299.5235,300.3865,17421393
20210415,303.8782,307.6477,301.6562,305.3463,14558273
20210416,305.6935,306.4672,302.1621,303.7195,13059163
20210419,302.5559,305.2273,298.1446,299.8111,14553507
20210420,299.5632,302.6482,294.8216,300.2178,16796442
20210421,299.5185,299.5532,295.0001,299.0473,14863474
20210422,298.9085,300.4857,293.661,294.1371,16375350
20210423,296.3591,300.1583,294.762,298.7101,17559498
20210426,300.9019,303.3425,299.1366,300.6047,16172593
20210427,301.8347,302.8862,298.6902,301.1305,15309256
20210428,304.89,308.4214,302.916,304.6321,33907210
20210429,327.4671,329.1435,319.0255,326.862,56526771
20210430,323.5225,327.1695,321.8923,322.4676,26332423
20210503,323.5488,325.9097,319.2536,319.9877,18719462
20210504,317.4532,319.6008,310.6037,315.8016,24032557
20210505,315.633,318.4799,311.9627,312.4884,15577605
20210506,311.9925,317.6665,310.7575,317.4483,19012241
20210507,319.7893,320.3398,316.1885,316.5158,15916743
20210510,311.8238,312.0506,302.3803,303.5112,24239170
20210511,298.3331,304.3742,297.2816,304.0667,18920086
20210512,298.7101,302.5093,295.7937,300.1187,24641010
20210513,303.6236,306.3779,300.337,302.8069,18079160
20210514,307.0525,314.3037,306.5962,313.401,19245724
20210517,311.0303,313.1431,309.0761,312.9249,15401343
20210518,313.0539,313.9565,307.3203,307.4691,14522403
20210519,301.7405,312.1313,301.1305,311.0699,19106244
20210520,311.06,316.6844,310.6434,316.0496,17320241
20210521,316.7241,317.359,313.2722,313.6887,13600901
20210524,315.6528,323.3306,315.4743,322.0212,16445356
20210525,324.4515,326.5346,322.1898,325.1558,16436965
20210526,325.7113,327.1793,323.2016,325.0269,9686917
20210527,325.3641,331.0977,324.1341,330.076,20477726
20210528,328.34,330.1934,325.6915,326.0883,12037430
20210601,327.4969,328.7566,324.0151,326.485,11765906
20210602,327.725,329.203,324.4927,326.5049,11654275
20210603,323.162,324.7442,320.8805,323.4199,12610788
20210604,323.281,329.7833,322.5668,327.6952,13289383
20210607,326.8322,334.9763,326.2867,333.8752,20136707
20210608,333.9942,335.5813,329.5701,330.9985,14580464
20210609,333.0419,334.0934,327.3481,327.596,13727946
20210610,328.1267,331.2564,325.9048,329.7883,13240229
20210611,329.9073,330.1553,326.2867,328.5979,13587916
20210614,329.2328,334.1133,327.1596,334.0637,12250799
20210615,334.2819,337.1883,332.3376,334.0438,15795226
20210616,333.9893,334.8374,326.0783,328.4194,17232157
20210617,327.8341,335.2639,327.4969,333.8057,17794080
20210618,331.8417,333.4486,326.3561,327.0108,23039457
20210621,328.4293,330.2446,325.0169,329.6197,11337522
20210622,330.0115,337.1883,329.9272,336.3055,15345299
20210623,336.6229,340.6601,335.4822,337.853,14817824
20210624,339.1028,342.1283,339.0433,340.4221,12329096
20210625,339.8369,341.3546,336.9503,338.6267,14594444
20210628,339.7079,355.2619,339.0235,352.782,29156132
20210629,353.4069,353.8732,346.245,349.0621,21417305
20210630,349.3349,350.0839,344.3801,344.9157,15107514
20210701,344.0329,351.8197,343.7155,351.5421,17137021
20210702,352.2463,353.5756,349.7863,351.8496,11524614
20210706,353.6351,355.9067,346.3739,349.945,13488455
20210707,352.4051,353.6252,347.1873,347.6734,14218866
20210708,342.9516,345.5308,339.8071,342.8723,14406457
20210709,342.5449,347.8916,342.4904,347.604,13018694
20210712,348.4074,351.3437,346.8302,350.3219,10018624
20210713,348.6753,355.6091,345.997,349.2605,11455963
20210714,351.7107,352.3455,343.9436,344.8364,13894221
20210715,346.4283,346.4283,337.4859,341.6919,14781594
20210716,342.1382,343.2095,337.4066,338.4184,11026093
20210719,334.8572,337.0594,331.8516,334.2422,14372345
20210720,336.0773,340.69,331.8119,338.9144,11024277
20210721,338.7556,343.7353,338.5077,343.4476,9279657
20210722,343.894,348.715,342.4358,348.3678,12385441
20210723,358.0097,372.3138,354.3196,366.8183,33694328
20210726,366.61,371.4309,365.2609,369.4668,14925222
20210727,368.9213,370.1513,361.6204,364.8542,15705447
20210728,371.55,374.5158,363.9813,370.2803,29676910
20210729,358.0989,362.5826,353.8732,355.4405,33413244
20210730,351.1552,357.8311,350.1037,353.4367,15976179
20210802,355.2222,356.5118,347.9214,349.1217,13180439
20210803,349.8954,350.9269,344.9058,348.4174,12406054
20210804,349.5879,357.5831,348.6852,356.0357,14180572
20210805,356.7499,360.9756,354.0319,360.0531,10247207
20210806,358.4957,362.2156,358.4908,360.5888,8925017
20210809,360.839,362.8356,357.8509,358.704,7798872
20210810,358.9173,361.174,356.1582,358.2279,7469878
20210811,359.1901,359.448,354.9346,357.0673,8400332
20210812,355.5694,360.0829,354.2402,359.7357,7175206
20210813,360.0531,361.7302,358.5751,360.2614,7195724
20210816,359.6067,364.0011,354.508,363.6143,11232269
20210817,360.063,361.7394,352.2166,355.5694,12328737
20210818,353.3871,356.9681,352.2959,352.5935,10042381
20210819,348.5215,354.6965,348.1793,352.2662,12004535
20210820,351.7504,357.0969,350.4707,356.482,8697667
20210823,356.5515,362.7512,356.2142,360.4301,10942007
20210824,360.7376,364.9989,358.9322,362.5727,9235148
20210825,362.662,367.8797,362.4636,365.4295,9684519
20210826,365.4147,366.4711,361.2038,361.4518,7888683
20210827,362.166,370.7366,361.1542,369.6355,11219142
20210830,369.566,378.4243,367.5424,377.6009,13547261
20210831,376.8967,379.6831,375.7559,376.3312,12345350
20210901,376.5395,381.2415,375.7658,378.9798,11567163
20210902,378.4342,378.6822,371.054,372.2642,14838274
20210903,371.7384,374.1291,370.1116,373.2363,7511356
20210907,372.8594,379.8825,370.1513,379.1087,10798920
20210908,377.105,377.8093,371.7781,374.5358,11067166
20210909,374.6052,376.7776,373.5389,374.9623,9098941
20210910,378.2963,380.7058,375.2202,375.6468,11549595
20210913,378.6127,378.6822,371.3368,373.4843,13026275
20210914,374.3671,375.5476,372.0955,373.5041,8711569
20210915,373.9704,374.5209,364.7153,370.9151,17940297
20210916,369.7942,370.558,366.7389,370.062,11934217
20210917,368.4203,368.4253,358.6842,361.789,26298966
20210920,356.4126,358.1287,346.9889,352.8415,19822772
20210921,355.619,357.1467,352.3356,354.6072,11751917
20210922,344.4396,347.0286,337.9523,340.4519,43692859
20210923,342.5797,346.86,340.2436,343.1798,21806264
20210924,340.4804,351.5024,339.6187,350.1235,18801933
20210927,346.9939,352.2959,344.2908,350.7386,15205843
20210928,345.1736,346.7905,336.1964,337.9125,21710286
20210929,340.3924,342.4557,336.1567,336.8808,14452241
20210930,337.7091,340.0452,335.4326,336.6626,16547094
20211001,338.8648,342.2474,335.9186,340.2535,14905311
20211004,332.8336,333.2403,320.1067,323.6084,42884975
20211005,325.9395,332.4864,323.5427,330.2843,35377947
20211006,327.0901,331.6929,323.1818,330.9588,26443010
20211007,334.2918,336.117,326.3363,326.5743,28307456
20211008,328.8459,330.7207,326.0684,327.3977,15946110
20211011,324.9921,327.8044,322.6957,322.8346,14708224
20211012,320.4341,321.7732,314.8196,321.1681,31658684
20211013,324.3424,324.3722,320.067,321.9319,14761470
20211014,325.7163,327.8639,324.4714,325.8899,14302154
20211015,326.0387,326.4255,319.9182,322.1502,21596370
20211018,326.3065,333.1907,324.8681,332.6451,21585018
20211019,336.9155,339.7079,334.5696,337.2578,18786316
20211020,340.685,341.2157,336.7252,338.0414,13639465
20211021,337.5405,339.5591,335.0854,339.1326,16354423
20211022,323.7224,326.981,318.5295,322.0014,35224543
20211025,317.726,326.9116,317.1507,326.0486,38408957
20211026,325.622,327.5563,307.112,313.2721,65654043
20211027,311.6651,316.6844,309.5522,309.7109,29971761
20211028,310.4748,322.9041,305.634,314.3732,50806840
20211029,317.6169,323.3801,317.0316,320.9697,37059384
20211101,323.4199,330.7703,323.3802,327.3282,31518885
20211102,328.717,332.0991,321.1979,325.4435,28352966
20211103,324.8582,329.4808,320.6027,328.955,20786502
20211104,331.3224,334.5626,329.9768,333.151,22495281
20211105,337.5752,344.0031,336.9106,338.3886,26872817
20211108,341.6522,342.0182,335.621,335.8988,18342458
20211109,337.2677,338.5647,331.7821,332.6749,17556721
20211110,329.818,330.5124,322.8941,325.007,21872605
20211111,327.1695,329.7873,324.3722,325.1062,12376563
20211112,327.5266,339.1127,327.1298,338.1505,25414311
20211115,341.5728,350.808,340.442,344.7669,25076603
20211116,341.0669,343.8643,338.1307,340.2039,18181106
20211117,341.4736,344.509,337.3669,338.0315,13602812
20211118,336.9899,339.7079,332.6055,335.9682,17487235
20211119,339.45,349.2705,337.1685,342.5251,26488541
20211122,346.245,350.9866,337.7736,338.2696,27116811
20211123,336.2063,338.6563,330.8199,334.5398,17224986
20211124,333.2998,339.0334,330.1355,338.3192,13566181
20211126,333.0965,335.0358,329.2348,330.443,14750737
20211129,334.1827,337.9323,332.6104,335.3135,16650949
20211130,332.3079,333.1114,320.8309,321.8526,25390008
20211201,327.6357,327.844,307.7965,308.104,30384083
20211202,308.8975,312.0718,304.7313,307.8956,24396169
20211203,311.2088,311.2286,297.0932,304.3742,27471010
20211206,305.6538,317.5276,303.8782,315.3155,21758340
20211207,318.9858,323.9159,318.4204,320.2158,18794047
20211208,322.3882,330.076,320.4737,327.9036,19937722
20211209,326.8918,333.4288,325.3641,327.1695,16879168
20211210,329.8825,332.3376,323.7472,327.1001,14527969
20211213,328.2904,338.3489,326.9414,331.802,22948655
20211214,325.4137,333.0023,325.0169,331.058,20461024
20211215,329.8215,339.3607,321.3764,338.9144,24681326
20211216,336.2559,341.6919,331.058,332.2087,22635025
20211217,330.1206,334.4009,328.092,331.1076,40012637
20211220,327.1249,327.2489,319.9381,322.8346,17901783
20211221,323.7869,333.2998,321.1483,331.5143,16116784
20211222,331.1178,331.8218,325.622,327.7944,16764566
20211223,327.4473,333.9645,325.7212,332.5459,13987698
20211227,336.122,345.0745,335.2937,343.398,17795026
20211228,343.8444,349.8756,342.4259,343.4377,16637608
20211229,344.1222,346.8797,338.8946,340.1841,10747009
20211230,341.2356,344.4396,340.4618,341.5927,10593347
20211231,340.2585,340.6801,333.5677,333.647,12870480
20220103,335.5764,338.3406,334.4803,335.8194,14562849
20220104,337.2181,340.3283,329.2041,333.8256,15997974
20220105,330.3438,333.0618,321.2376,321.5649,20564521
20220106,320.2258,336.4394,320.1266,329.7883,27962809
20220107,330.066,334.2918,326.2372,329.1237,14722020
20220110,322.6957,325.7014,312.8951,325.4336,24942383
20220111,324.1539,331.9409,322.666,331.6829,16226847
20220112,332.4864,333.6619,327.3778,330.5819,14104858
20220113,332.288,332.9328,323.1421,323.8563,14797109
20220114,319.204,330.0561,318.6287,329.2328,16868497
20220118,320.692,321.6046,315.0874,315.5933,22677332
20220119,317.014,324.4714,316.7638,317.0217,20814740
20220120,321.2971,325.1856,313.4407,314.0161,16925030
20220121,312.2801,315.752,300.6047,300.7337,28710717
20220124,295.4465,307.0426,286.6875,306.2291,38936901
20220125,297.5395,303.7691,295.1886,297.7379,25108454
20220126,304.5428,305.0388,288.5127,292.2623,28348801
20220127,295.3592,299.2844,291.8953,292.2722,21629922
20220128,293.2447,299.4739,290.6784,299.2854,21871620
20220131,298.2637,311.2683,296.9146,310.7426,21579474
20220201,312.0272,317.091,309.6117,316.4365,18023796
20220202,325.1856,325.3641,314.3282,320.4043,58458280
20220203,242.679,246.007,233.8505,235.8493,188119925
20220204,233.0817,240.6602,228.2608,235.1847,89342247
20220207,235.7898,236.385,222.2098,223.1026,88613826
20220208,219.0752,223.9557,214.413,218.4106,94729672
20220209,222.3983,231.4946,220.4243,230.1356,86563275
20220210,226.4356,233.1115,224.8782,226.2372,49310356
20220211,226.6241,228.5683,217.012,217.7857,46156943
20220214,217.5476,219.224,213.054,215.9505,38184035
20220215,218.6983,219.3728,213.3317,219.224,42685473
20220216,210.703,215.7125,210.6534,214.7998,45817457
20220217,212.3001,215.7521,205.4953,206.0408,38747533
20220218,207.7073,209.0564,203.5311,204.5033,37128438
20220222,200.714,205.8127,198.4523,200.456,39852391
20220223,202.5193,205.277,196.4584,196.8552,44481359
20220224,189.5246,206.6757,188.6914,205.9317,49957167
20220225,203.2931,209.6218,201.5472,208.7885,37627551
20220228,206.0061,211.4379,205.1679,209.3341,34239803
20220301,208.1834,210.05,200.5949,201.8547,27094902
20220302,203.1294,207.4692,200.3965,206.4376,29452147
20220303,207.3353,207.3998,199.8014,201.3389,27263524
20220304,200.7437,204.2354,197.1925,198.4523,32146264
20220307,199.1764,199.2756,185.775,185.9635,38560609
20220308,186.3404,195.1193,184.6144,188.7608,37508149
20220309,194.167,197.5,192.3616,196.9048,31894695
20220310,193.2742,194.7027,189.5325,193.6413,24852975
20220311,191.0869,192.0045,185.1699,186.1023,34694534
20220314,185.527,190.7447,184.3267,185.1302,31010462
20220315,189.2667,190.7348,184.417,190.4868,31721682
20220316,193.1354,202.0928,192.9568,201.9936,40640264
20220317,200.0791,206.3682,199.4938,206.1698,29499681
20220318,205.0389,215.0578,204.3445,214.7502,52127982
20220321,212.7762,212.9846,205.9614,209.7904,30142338
20220322,209.6714,217.6964,208.491,214.909,31998799
20220323,211.6156,215.0566,210.455,211.7446,23717321
20220324,213.2722,218.8967,213.0639,217.8055,31502314
20220325,218.7379,223.6878,217.1311,220.0374,40039026
20220328,220.3449,222.2396,217.7757,221.7932,26224141
20220329,224.2533,229.0345,223.4795,228.0128,31417857
20220330,227.0704,229.2934,224.8881,226.019,25588046
20220331,226.6141,226.6538,220.4739,220.5731,24192266
20220401,222.7455,225.4535,220.9103,223.0431,19544758
20220404,224.164,232.4677,224.0449,232.0104,28100826
20220405,232.1989,234.9565,229.1635,229.9769,29727181
20220406,225.0865,227.1497,219.6257,221.5055,28995080
20220407,222.1305,223.7077,216.8036,221.1583,21037187
20220408,220.5929,223.3208,218.2601,220.5433,18375711
20220411,216.6647,218.8371,213.4903,214.7205,20516586
20220412,218.4652,220.2457,211.4172,212.4191,20128827
20220413,210.1178,214.8693,209.6317,213.2623,19231816
20220414,213.1631,213.2623,208.3124,208.491,18379455
20220418,208.3124,211.6652,206.6261,209.0762,16580792
20220419,208.8282,216.6746,207.3204,215.5637,20089871
20220420,211.8884,212.439,197.3214,198.8094,43036528
20220421,199.9799,201.3339,184.0886,186.5586,49954078
20220422,188.8402,191.1713,181.7972,182.6305,36426769
20220425,181.2615,185.6758,180.1952,185.4873,29281060
20220426,185.1302,185.6807,178.0575,179.4959,31747434
20220427,173.0282,179.7537,167.6419,173.5441,71062886
20220428,201.2893,206.8542,191.3498,204.0767,100890551
20220429,202.8169,210.7725,198.2936,198.859,49193434
20220502,199.5484,210.1773,199.3748,209.4333,49915289
20220503,208.7588,213.1729,206.4177,210.3261,41556267
20220504,208.9572,222.4975,205.2968,221.6146,41375881
20220505,216.9822,218.4007,204.5033,206.6062,41129192
20220506,205.6738,207.6974,199.4046,202.1325,34747158
20220509,198.234,200.9421,194.0083,194.6332,36303200
20220510,197.9067,201.329,192.6295,196.0616,34452491
20220511,194.7473,199.0615,186.757,187.2232,31153383
20220512,185.5518,196.4584,183.2951,189.7032,38262226
20220513,191.0324,198.2836,189.7428,197.0239,24549844
20220516,195.4665,203.7196,194.3555,198.4324,27112595
20220517,200.4908,203.8089,196.7659,200.9917,24872729
20220518,198.3928,199.3847,190.09,190.6951,23959966
20220519,189.6635,193.7206,188.0763,189.7528,24446938
20220520,193.4032,196.3196,186.3602,191.9847,31465570
20220523,193.6214,195.4093,189.7032,194.6531,25059161
20220524,179.0991,182.1998,174.6947,179.8232,50406273
20220525,178.9503,183.9597,177.879,182.3527,28030194
20220526,181.4084,191.2805,180.7953,190.09,23056455
20220527,189.8222,193.7632,188.2747,193.5619,22562727
20220531,193.3189,196.012,190.467,192.0839,26131103
20220601,194.9308,197.9265,183.5133,187.1241,36623495
20220602,186.9356,199.3202,186.2214,197.2619,31951582
20220603,194.4051,195.03,188.2549,189.2469,19464993
20220606,192.4311,195.3375,186.886,192.689,30574242
20220607,190.3876,194.9506,189.9512,194.0777,18828687
20220608,193.1056,200.4064,192.8477,195.0598,22267154
20220609,192.7187,197.8472,182.2039,182.5213,23501579
20220610,181.5691,181.6286,173.6135,174.1591,27478354
20220613,169.2191,171.1882,162.7118,162.94,31749304
20220614,164.6958,165.41,160.0634,162.4142,27244274
20220615,165.8563,170.7765,162.6573,167.9891,30008251
20220616,162.4043,163.7534,158.3273,159.5772,26944143
20220617,160.3807,164.5668,158.615,162.4242,31374215
20220621,164.5966,166.4118,154.7166,155.7879,50724899
20220622,157.1072,159.4979,154.1909,154.5976,47596820
20220623,155.0142,158.4662,153.0104,157.4743,40499198
20220624,160.4253,168.8818,160.0038,168.7926,68736009
20220627,169.9432,170.3698,166.6598,168.1279,29174559
20220628,168.5347,169.9234,159.3193,159.3887,27788725
20220629,162.2555,164.9933,159.0316,162.6225,28595236
20220630,160.8469,163.9022,157.2163,159.9542,35250605
20220701,159.0217,159.3292,153.7544,158.744,31423933
20220705,156.8692,166.8979,155.7582,166.8384,28664799
20220706,166.8483,170.2111,164.1303,168.4057,23085921
20220707,168.0883,171.332,166.4317,170.8062,24083368
20220708,168.614,171.0146,166.7988,169.5068,19249243
20220711,165.7224,166.144,160.6089,161.5711,21905133
20220712,163.4756,164.5774,160.7973,161.9579,16639659
20220713,158.8729,163.6542,158.33,162.1762,16555138
20220714,159.9244,161.2834,156.0162,156.7799,23765168
20220715,159.2499,163.6542,158.5357,163.3764,23342807
20220718,165.41,170.3053,164.3089,165.8861,23574337
20220719,169.0009,175.0717,168.1478,174.3674,25933679
20220720,176.0587,182.1246,175.28,181.6187,24784274
20220721,179.1784,182.3725,177.4326,181.698,27195815
20220722,171.6792,174.1883,167.0566,167.9097,42583916
20220725,167.6419,169.1993,163.4806,165.3108,26166326
20220726,164.6065,164.666,156.6807,157.871,28468424
20220727,161.2834,169.4969,160.718,168.2172,43846557
20220728,159.7657,160.2121,153.6056,159.4284,73214326
20220729,156.4228,158.8531,153.923,157.8214,42065395
20220801,155.9863,163.8625,153.9826,158.6448,40596702
20220802,157.0378,160.9362,156.7402,158.9027,27374516
20220803,161.3826,168.1775,160.2716,167.4435,31717527
20220804,166.9425,170.7666,165.4596,169.1993,23938212
20220805,165.648,170.2329,164.4676,165.7671,25832701
20220808,166.6499,176.0835,165.7869,168.8818,27299113
20220809,167.5923,168.1676,165.2612,167.1757,18655056
20220810,174.5757,179.0296,172.5521,176.9068,30262132
20220811,178.2658,181.6286,174.9527,176.0637,24079062
20220812,179.357,179.999,177.4732,179.0495,21274046
20220815,177.5218,179.9819,176.768,179.4363,15878671
20220816,177.998,179.5355,175.6123,178.0277,21156710
20220817,175.3395,176.7084,172.7703,173.4449,20118133
20220818,172.939,174.3476,170.4789,173.2564,18844451
20220819,168.8322,170.9352,165.7076,166.6102,26240799
20220822,164.1601,164.1601,160.956,161.7397,19499711
20220823,161.1743,163.7236,159.4086,159.8153,18111777
20220824,159.3094,164.1303,158.4861,161.948,20891481
20220825,163.8526,167.5228,162.7019,167.4237,15550514
20220826,167.1261,169.5465,160.3734,160.4799,24023633
20220829,159.3639,161.7397,157.7322,157.8909,20052661
20220830,159.0664,160.3609,154.6571,155.897,19567948
20220831,165.7274,166.4912,160.837,161.6207,40952975
20220901,162.2654,166.015,159.0564,164.0311,30145683
20220902,166.1043,166.5805,157.9405,159.0316,22634191
20220906,158.8134,160.3906,156.4228,157.2659,19339781
20220907,156.4922,159.6615,155.5498,159.1011,16831182
20220908,157.4346,160.9263,156.4724,160.7577,22530785
20220909,161.9361,168.1775,161.7099,167.7907,22129802
20220912,166.0448,170.0127,165.9357,167.6022,23220405
20220913,160.2418,160.3311,151.4431,151.8994,44444061
20220914,152.0978,152.3061,147.8522,150.2528,43064195
20220915,148.5962,152.9592,147.505,148.3482,34606348
20220916,146.8602,147.386,143.1339,145.1144,40122824
20220919,144.0679,147.386,143.9339,146.8305,22169477
20220920,144.6035,147.6439,144.053,144.916,23217350
20220921,145.2136,148.3978,140.8589,140.9779,38338614
20220922,140.4125,143.4181,139.7379,141.6723,34418521
20220923,140.2835,141.4739,137.7739,139.2816,31710685
20220926,138.994,141.0969,135.0956,135.2741,30497021
20220927,136.8116,138.2996,133.0423,133.3199,30826471
20220928,133.5382,140.8886,133.191,140.472,32658478
20220929,138.2401,138.7162,134.1135,135.3138,38985414
20220930,134.9567,139.857,134.4111,134.5897,33166393
20221003,136.0379,138.498,135.0063,137.4961,27723063
20221004,139.361,141.2458,138.2202,139.1527,34670729
20221005,137.1291,139.0832,133.6969,137.8631,27979348
20221006,136.6083,140.3133,135.5023,137.9524,36231056
20221007,135.661,137.1787,131.3757,132.3776,33214773
20221010,132.4768,135.0162,130.8103,132.7148,24023982
20221011,130.5623,131.5939,125.9695,127.507,38481403
20221012,127.2888,128.6279,125.2354,126.4754,34605245
20221013,122.5373,130.0861,121.5454,129.243,34325715
20221014,129.9473,130.7309,125.5033,125.7413,23559407
20221017,129.2529,133.7068,129.1338,132.9628,29612245
20221018,135.9834,136.7322,130.344,131.7328,25444979
20221019,131.8221,135.899,131.1575,132.1593,30691047
20221020,131.8617,135.6709,130.2548,130.473,26356276
20221021,125.2949,129.0743,124.4319,128.9652,46348647
20221024,126.2274,132.4073,123.5689,128.6775,63563447
20221025,129.8233,137.2382,129.5406,136.4049,38433219
20221026,130.6218,134.4607,127.4971,128.7767,89294679
20221027,97.1877,101.6763,95.6055,97.1529,232316571
20221028,98.7798,100.0396,96.7264,98.4028,95928306
20221031,97.4307,98.5218,91.8558,92.4113,121361444
20221101,93.5719,96.7066,92.7982,94.435,110189617
20221102,93.448,94.435,89.7529,89.8124,71821058
20221103,89.3561,89.7307,87.6995,88.1955,60664012
20221104,89.6239,90.6556,87.3821,90.0604,55638061
20221107,94.0183,96.1015,92.3518,95.9427,81987295
20221108,95.1492,97.0141,94.0282,95.6947,52088320
20221109,100.9026,104.057,99.9304,100.6546,107677284
20221110,106.2592,111.8439,103.7693,110.971,80670961
20221111,108.3522,113.9766,107.9356,112.1118,59961742
20221114,110.0981,115.3356,109.9096,113.3021,53394974
20221115,115.1372,117.7858,113.4922,116.1391,50670499
20221116,113.5799,115.1422,111.7546,112.3201,33287773
20221117,109.5227,111.4273,108.9176,110.5544,35093822
20221118,112.8855,113.4013,109.731,111.1495,33357707
20221121,110.6238,111.4669,108.3125,108.9771,24351074
20221122,108.9771,110.723,107.4511,110.5444,29028963
20221123,110.8222,111.7646,109.8402,111.338,21343083
20221125,110.4056,111.8241,110.1278,110.5147,12007566
20221128,109.8898,111.1396,107.509,107.9058,23332816
20221129,108.6597,110.0485,107.6714,108.5804,23899238
20221130,108.625,117.2104,108.501,117.1509,43348557
20221201,118.2401,120.226,117.4485,119.4721,36551374
20221202,116.8831,123.0432,116.6649,122.4976,39950464
20221205,120.7716,123.6681,120.3748,121.4461,35474884
20221206,118.9464,119.5812,112.826,113.2029,43689183
20221207,112.8458,114.9488,111.9729,113.0144,29461137
20221208,115.4547,116.397,113.6691,114.4032,30619418
20221209,114.3734,116.5954,112.9549,114.9686,26033353
20221212,114.2544,114.7901,112.2308,113.7882,24747064
20221213,121.1485,122.3091,117.6866,119.1845,44701054
20221214,118.4306,123.1424,118.4306,120.6129,36922037
20221215,117.3791,117.6717,113.0938,115.2166,34530970
20221216,119.2638,122.3191,117.8665,118.4702,67064001
20221219,115.8911,116.8533,113.4122,113.56,29769875
20221220,112.3498,116.3871,111.5563,116.149,28742501
20221221,115.7622,119.3729,114.6909,118.7976,20392799
20221222,116.2582,117.6667,113.4608,116.1788,23618121
20221223,115.0976,117.2253,114.6065,117.0914,17796625
20221227,116.9823,117.6469,115.1175,115.9407,21392311
20221228,115.3158,117.2005,114.5817,114.6909,19612473
20221229,115.4646,120.0574,114.8397,119.2936,22366192
20221230,117.2104,119.4523,116.7938,119.3729,19583825
20230103,121.833,125.3545,121.2973,123.7376,35528531
20230104,126.3564,128.0127,124.8386,126.3464,32397094
20230105,125.1114,127.4872,123.5392,125.9199,25447099
20230106,127.9336,129.2826,125.0271,128.9751,27584498
20230109,130.106,131.8816,128.2411,128.4296,26649145
20230110,126.2472,132.3677,126.1282,131.9213,28684431
20230111,129.9076,132.7738,129.2926,131.8221,25423046
20230112,132.3677,136.5717,130.7012,135.6114,30757732
20230113,133.8854,136.2859,133.7514,135.8792,22423839
20230117,135.0817,135.6511,133.1711,134.2722,21147587
20230118,134.7186,136.147,131.7328,131.951,20215486
20230119,131.4253,136.3454,131.0781,135.0559,28625232
20230120,134.798,138.8154,133.5282,138.25,28688630
20230123,138.1706,142.6047,137.5457,142.1187,27470093
20230124,140.5514,143.8348,140.224,141.9897,21970190
20230125,140.0851,142.0195,139.1824,140.3629,26622021
20230126,143.2396,146.3246,142.1484,146.1163,25482084
20230127,147.0457,151.9589,146.2055,150.5206,35771865
20230130,148.2044,149.9088,145.7691,145.8782,28040100
20230131,146.761,148.6755,146.3345,147.7728,29842109
20230201,146.8404,152.3458,145.8782,151.8895,55661017
20230202,181.9063,195.5756,178.7122,187.253,150475687
20230203,181.9906,195.1887,181.4203,185.031,76809701
20230206,185.031,189.1675,184.0248,184.5648,42483811
20230207,184.0837,192.2226,182.9181,190.0801,47080662
20230208,188.4731,189.2965,181.45,181.9559,36139074
20230209,184.6342,185.15,175.8454,176.4902,37118811
20230210,174.9362,177.4524,171.9569,172.7505,33433567
20230213,176.7828,179.5454,174.4071,177.9881,31463223
20230214,175.7363,180.0478,174.4666,178.0377,24034631
20230215,174.9973,176.758,173.921,175.7363,25337966
20230216,171.3617,174.4368,170.4095,171.0542,25827473
20230217,168.8521,171.7883,168.3363,171.4907,24171260
20230221,172.9092,176.7382,170.4987,170.6971,34592582
20230222,169.6952,171.3667,168.3263,169.7448,22433158
20230223,170.6178,172.2942,168.0188,170.6575,20017779
20230224,167.2848,169.3481,166.3127,169.0207,19791334
20230227,170.4938,171.7288,167.7014,168.1775,19277002
20230228,170.5186,176.1232,170.4888,173.5341,46051117
20230301,173.187,176.4208,171.6593,172.0264,30998380
20230302,170.9947,173.6036,170.0524,173.1274,17360708
20230303,177.4822,185.1203,175.6272,183.7613,45877692
20230306,186.4892,188.1359,183.1562,183.4141,33209394
20230307,187.4812,188.8302,182.5313,183.0272,36701495
20230308,181.4004,183.7712,179.8827,183.4835,19432405
20230309,184.8525,187.4117,178.8511,180.2299,26582750
20230310,179.5554,183.2852,177.3631,178.0674,25665032
20230313,176.5299,182.3031,173.4151,179.4463,24727969
20230314,186.0726,192.7584,185.0608,192.4608,41642627
20230315,191.3994,196.1906,189.3015,196.1608,42123552
20230316,196.6667,204.1065,194.5128,203.2831,50819659
20230317,198.9483,200.2775,193.8599,194.038,50141098
20230320,196.885,197.7579,192.0839,196.2204,25186315
20230321,201.567,201.9142,196.3592,200.5354,31826952
20230322,200.8727,205.7035,198.0654,198.2043,28477759
20230323,201.2099,206.2094,200.5255,202.6384,27389669
20230324,203.5311,205.9118,201.9142,204.3545,27733042
20230327,203.1641,204.2057,199.7418,201.2099,18527184
20230328,198.5416,199.4145,196.3096,199.0673,19127295
20230329,201.9242,204.0668,200.9079,203.6998,18851137
20230330,201.7456,206.4177,201.1901,206.1698,22608303
20230331,205.5746,210.465,205.1084,210.2368,25440273
20230403,207.1617,211.7705,206.5269,211.3577,17924613
20230404,211.6752,214.5023,210.832,212.9945,21026367
20230405,212.4291,213.4607,208.2529,209.7805,19396630
20230406,207.5684,215.1966,206.9732,214.3634,26104411
20230410,212.9846,213.9269,208.9671,213.0242,16106074
20230411,213.7484,214.284,211.695,212.1315,16710101
20230412,213.1085,215.0974,210.8756,212.2803,18972172
20230413,213.9964,219.3728,213.9567,218.5792,23310357
20230414,216.1291,220.3251,215.8017,219.7101,21591207
20230417,218.0237,219.2032,215.3851,217.1012,15481874
20230418,218.1428,218.6685,214.4725,216.139,12280984
20230419,211.7565,215.5835,211.2189,213.9666,15898078
20230420,211.7644,215.0082,211.0601,211.3577,16475443
20230421,208.5207,211.695,207.8958,211.1792,17717166
20230424,211.9579,212.2009,209.0167,211.08,15750920
20230425,209.1209,209.5623,205.4655,205.8821,19198175
20230426,210.7923,212.3894,207.2014,207.7172,41992726
20230427,237.9622,239.7428,234.8673,236.6429,71196531
20230428,237.0893,238.4979,233.8555,238.3887,39554036
20230501,236.6974,242.0392,234.5598,241.2258,29143912
20230502,241.2258,242.9518,237.0694,237.3174,24350149
20230503,237.5456,239.8073,230.8796,235.1252,34463859
20230504,234.163,236.2858,231.0546,231.6434,17889391
20230505,230.3737,232.7941,228.0029,230.9093,27000480
20230508,229.5553,233.7265,228.4195,231.3954,16400526
20230509,229.5999,233.9844,229.223,231.4946,16865587
20230510,234.2721,234.8474,228.8659,231.2069,19119007
20230511,231.1772,236.2957,230.4332,233.8951,20448991
20230512,234.8375,235.0556,229.59,231.9311,16161447
20230515,235.0161,238.3243,233.4388,236.9405,20653229
20230516,233.8951,237.7092,233.6273,236.9008,18163772
20230517,236.5338,241.8827,236.2263,240.5363,21193080
20230518,239.3609,245.1025,239.2518,244.8663,22943297
20230519,245.4813,246.6915,241.4539,243.666,21733581
20230522,243.4378,251.5323,243.1502,246.3245,27738479
20230523,244.8266,249.588,244.6679,244.7572,17748115
20230524,243.3089,247.5835,242.9835,247.2073,17724338
20230525,251.3636,253.5658,247.1676,250.6593,22371435
20230526,250.8974,260.2027,250.6792,259.9342,25768663
20230530,263.1184,266.4911,259.1902,260.4103,23816483
20230531,257.9106,262.8704,256.373,262.5927,25473690
20230601,263.7632,271.7981,263.7533,270.4193,25609508
20230602,270.4689,273.1372,268.9412,270.4193,19416930
20230605,268.1278,273.3555,267.3938,269.2091,20742946
20230606,267.9691,274.3474,267.5227,268.9412,19419010
20230607,269.4868,272.0461,260.6881,261.4817,26163627
20230608,258.5256,265.4991,256.7996,262.4538,20899359
20230609,260.3707,265.7957,259.5969,262.8208,16949794
20230612,265.023,269.5662,263.1978,268.8718,15471702
20230613,272.671,273.5043,266.9298,269.1396,16164024
20230614,269.705,272.7801,266.1588,271.1533,19175066
20230615,270.1117,281.7078,269.2388,279.5652,25973455
20230616,282.4617,285.5368,277.8788,278.7418,43127731
20230620,276.4901,282.5113,274.0002,282.0451,20701589
20230621,281.2515,281.7177,276.123,279.3767,20556170
20230622,276.8373,282.9676,275.5576,282.5907,17563061
20230623,279.2477,287.3422,276.7083,286.4097,51092038
20230626,286.38,287.4612,275.3692,276.2322,24232651
20230627,279.7437,287.0198,278.3996,284.7432,26108260
20230628,282.5311,287.2231,281.7772,282.9974,16722117
20230629,282.2137,284.2671,278.4343,279.2676,15395690
20230630,282.4716,286.7271,282.1294,284.6738,19694872
20230703,284.396,287.0743,282.5608,283.7215,8629269
20230705,285.3384,295.7243,284.0588,292.0044,33865457
20230706,293.5072,295.7243,288.969,289.6435,47733829
20230707,289.832,293.8197,286.3403,288.1952,25585975
20230710,293.1749,295.7342,284.7432,291.7366,37058306
20230711,291.5382,297.7677,289.5542,295.8929,27585918
20230712,299.3201,306.9632,297.6887,306.8541,36677127
20230713,311.0997,313.6986,307.7966,310.8914,30280972
20230714,309.2844,312.3496,304.8912,306.3879,23054108
20230717,305.0686,309.205,302.2613,308.1238,25323126
20230718,308.3768,311.675,305.1467,309.5423,20764580
20230719,310.5144,316.119,308.0246,313.4705,21763688
20230720,310.9807,313.0043,299.7913,300.0889,23836876
20230721,302.1224,303.0053,288.8599,291.8953,42139259
20230724,293.4031,295.1291,285.9833,289.2666,24949405
20230725,292.8178,295.9028,289.5146,292.1036,19585584
20230726,298.7696,299.3449,289.5542,296.1706,47256930
20230727,322.5073,322.7354,307.3501,309.205,64229173
20230728,314.3285,323.5786,311.7227,322.8644,39220270
20230731,321.0888,323.0428,315.0378,316.0397,25799603
20230801,314.9832,321.5352,312.1313,320.1166,22889870
20230802,315.4445,315.8314,308.1536,311.7841,20461094
20230803,307.4393,313.4109,307.4393,310.6731,15215422
20230804,312.4289,315.8512,307.7072,308.2329,17612762
20230807,310.7128,314.522,307.9651,314.0161,16236504
20230808,311.8734,315.3354,307.6179,310.1276,15183532
20230809,310.3656,311.1096,300.4162,302.7573,19955783
20230810,305.4653,309.829,301.428,303.283,14358897
20230811,300.1385,302.2712,297.9463,299.216,14046250
20230814,298.5613,303.7492,295.8532,303.7294,15641921
20230815,303.6798,304.761,297.6189,299.5235,11623613
20230816,297.7826,298.6605,291.9151,291.925,18547741
20230817,290.695,293.6709,282.6601,282.799,23950089
20230818,276.7877,283.3941,272.175,280.9737,35347925
20230821,281.1721,288.1655,279.585,287.5703,20181475
20230822,290.199,290.5462,284.4456,285.2888,12999913
20230823,286.1816,295.01,285.3582,291.8754,18287001
20230824,296.1012,297.0535,284.3365,284.4456,18360882
20230825,283.8306,286.0685,273.8118,283.2057,23701443
20230828,285.6856,289.1079,283.5033,287.9274,14239285
20230829,286.2659,296.746,285.8641,295.5953,20844522
20230830,294.7819,295.8929,291.0719,292.7285,17717024
20230831,293.4229,298.6803,293.284,293.5122,17229865
20230901,296.9642,299.3152,292.1036,293.9982,12842257
20230905,294.6331,298.968,293.1352,297.7379,14955989
20230906,299.2854,300.8626,293.284,296.7658,15418092
20230907,295.6052,304.5824,289.8717,296.2698,33748737
20230908,296.8154,302.797,294.395,295.4961,17572203
20230911,298.9878,306.5565,298.8589,305.0884,19489330
20230912,303.8683,306.1795,297.8173,299.2358,13480400
20230913,299.9302,304.7114,298.8991,302.6085,13210915
20230914,304.275,310.3557,302.5787,309.215,19343102
20230915,309.1058,309.4927,296.3492,297.8967,28131140
20230918,295.7937,301.1602,295.4068,300.1187,14234158
20230919,300.0492,303.7096,297.4007,302.6184,15931618
20230920,302.5986,305.5844,297.0237,297.2618,19379515
20230921,293.3237,297.8437,290.9132,293.3535,21319582
20230922,296.8948,302.9259,295.873,296.6765,25369592
20230925,293.2642,298.5315,291.3398,298.4125,18987014
20230926,295.2679,297.8866,293.6313,296.5575,19417161
20230927,298.0355,298.8784,284.4853,295.3473,36429835
20230928,296.5327,303.8682,294.3157,301.5173,22167075
20230929,304.9098,308.1436,296.9543,297.7975,25373695
20231002,300.3071,304.7114,299.206,304.3543,16265571
20231003,301.8149,304.3047,297.232,298.5216,17362250
20231004,296.3244,304.4337,296.1012,303.1243,16880484
20231005,302.177,303.7473,297.0932,302.3407,19129957
20231006,299.0176,313.7681,298.4966,312.8951,21803856
20231009,309.9887,317.7558,309.3142,315.8016,22503662
20231010,316.5555,322.051,315.6032,319.2536,19037973
20231011,320.4093,326.1924,320.3547,325.1856,22036297
20231012,325.3641,327.8837,320.0968,321.555,20530518
20231013,320.9301,322.438,309.8597,312.1611,21360790
20231016,316.0793,319.2338,312.9844,318.5692,16536114
20231017,315.623,321.7931,314.7501,321.3963,16387799
20231018,318.8072,323.3207,313.0241,314.4228,16851003
20231019,317.3044,319.3032,309.2451,310.2962,18709160
20231020,311.6155,312.7662,304.0071,306.1696,22312275
20231023,307.0128,314.8096,304.7908,311.4866,17796785
20231024,314.2343,315.7917,308.1337,310.0383,19525488
20231025,307.5088,308.3817,296.4385,297.1229,42192474
20231026,292.6293,292.6293,277.1577,286.0328,66684141
20231027,292.1135,296.9047,290.6156,294.3454,29596256
20231030,296.6865,306.9103,296.6468,300.2278,28435053
20231031,300.8725,301.2396,294.4744,298.8489,19434168
20231101,299.4243,310.2268,299.4243,309.3439,20434580
20231102,314.7501,316.2579,305.8522,308.3718,21631820
20231103,310.0383,313.0142,308.5173,312.0718,16764315
20231106,313.4407,315.7718,311.923,313.2622,12887699
20231107,314.512,318.4204,312.5876,316.2579,14055614
20231108,315.5834,318.7477,312.3496,317.2102,13609704
20231109,316.8511,321.5747,316.2381,317.974,16103071
20231110,317.3689,326.4553,316.8928,326.1279,19116921
20231113,323.5786,329.6593,323.0826,326.5446,16908948
20231114,331.8516,335.383,330.6513,333.6073,17179403
20231115,335.2143,335.6806,327.3679,330.0363,14531180
20231116,326.7231,331.8913,323.7571,331.5044,18932572
20231117,327.606,332.8039,326.7033,332.3476,14519213
20231120,332.1988,339.1227,331.5044,337.2379,16976129
20231121,335.6111,337.17,333.2006,334.272,12027863
20231122,336.484,340.1642,335.8591,338.7457,10715177
20231124,337.3967,339.1084,334.0637,335.5119,5467488
20231127,333.4784,337.1685,331.5143,332.0103,15684454
20231128,330.7207,336.6477,330.7207,336.2658,12637245
20231129,336.9602,337.1685,328.1218,329.5304,16024497
20231130,329.2229,330.8199,319.8128,324.521,23146387
20231201,322.8644,324.2333,318.1823,322.2097,15276375
20231204,314.7402,318.2815,311.1394,317.4483,19037080
20231205,316.4166,319.2933,312.8555,315.7322,16952128
20231206,319.3429,319.6603,314.4922,314.8989,11294337
20231207,315.2163,325.6022,315.2163,323.9655,15905079
20231208,320.4936,330.4926,320.4043,330.076,14087351
20231211,326.7529,327.2389,317.4235,322.666,25802462
20231212,321.9915,331.7821,321.9518,331.5341,18485461
20231213,331.2465,335.6508,329.9668,332.05,16353321
20231214,331.1671,332.0103,325.9961,330.4926,19607335
20231215,329.3221,335.9385,328.5583,332.2285,31776852
20231218,334.7679,344.7669,334.3116,341.8506,18993852
20231219,342.8029,350.7584,342.3466,347.5444,17729362
20231220,345.8482,352.1075,344.9951,346.4731,16369850
20231221,350.1434,353.5409,346.4037,351.2445,15289556
20231222,352.7225,354.3294,348.3975,350.5501,11772779
20231226,352.1372,354.1112,350.6096,351.9785,9898614
20231227,353.2086,356.115,352.4547,354.9544,13207928
20231228,356.8094,358.9917,354.9346,355.4405,11798807
20231229,356.1051,357.107,348.9927,351.1155,14987092
20240102,348.4967,350.3219,337.2776,343.5071,19042152
20240103,342.2077,345.1538,340.4172,341.7018,15451133
20240104,341.7315,345.3521,340.6391,344.3305,12099895
20240105,344.2015,350.6592,343.4775,349.1217,13750912
20240108,351.8496,356.0952,349.2209,355.7777,13890222
20240109,353.5359,357.7418,352.5043,354.5576,13463871
20240110,357.2756,369.943,356.1944,367.4928,22117206
20240111,369.1395,369.7843,360.0134,366.6993,17205385
20240112,367.1804,374.0299,366.5703,371.4805,19310046
20240116,370.6473,372.5915,364.2789,364.507,15306885
20240117,363.3563,365.5783,355.7281,365.4097,12724779
20240118,368.5046,373.8216,367.969,373.1073,16354332
20240119,375.9543,381.2712,374.9326,380.3685,21670806
20240122,384.8324,387.2156,378.097,378.7119,17680454
20240123,381.5242,385.2589,379.0046,382.1045,15506096
20240124,386.8659,392.9665,384.6935,387.5603,15604285
20240125,387.0345,392.3118,382.5608,390.0203,15091080
20240126,391.1809,393.6013,388.4439,390.9726,13159290
20240129,391.8108,399.692,389.941,397.7973,18742433
20240130,400.3467,403.0944,396.359,396.845,18614727
20240131,385.8739,394.8016,383.9892,387.0048,20180817
20240201,390.7742,397.2815,389.8914,391.6075,29727051
20240202,455.9066,482.0547,449.3695,471.1729,84707646
20240205,466.104,468.1077,455.5296,455.7181,40832376
20240206,460.2712,463.3661,449.3596,451.0658,21655214
20240207,454.3194,467.7308,452.5114,465.8163,23065994
20240208,464.5565,466.8083,461.2929,466.223,18815097
20240209,469.1493,469.7841,463.7084,464.3482,18413137
20240212,464.4275,475.2945,462.8305,465.1318,19381963
20240213,453.1985,464.1299,451.4328,456.4224,20916602
20240214,464.1696,470.3,462.3445,469.4766,16858401
20240215,471.4606,484.6934,468.4252,480.1402,24212326
20240216,474.2678,475.111,465.4393,469.5163,23324620
20240220,465.9403,472.3533,462.8106,467.9589,18015523
20240221,463.2422,465.7247,458.565,464.7615,12977050
20240222,476.8862,486.5681,472.7372,482.7351,21625805
20240223,484.6417,490.9075,478.9797,480.6497,18374286
20240226,480.0936,482.745,477.2437,478.3757,12101415
20240227,476.6231,483.8671,476.5684,483.6486,10809595
20240228,481.613,487.6207,479.3787,480.6398,12715486
20240229,485.0289,488.2662,479.2396,486.7071,17732045
20240301,488.6733,500.7285,488.4151,498.7921,15884882
20240304,499.4873,500.8973,492.9532,494.7108,12324141
20240305,491.5431,492.1191,484.4828,486.7965,15325299
20240306,494.1548,499.4575,490.8401,492.6255,11757925
20240307,499.7653,516.2196,497.8786,508.6131,18586437
20240308,510.5991,519.9136,495.8627,502.4167,18597059
20240311,493.5391,493.8449,472.6758,480.2128,20428274
20240312,489.8153,498.8021,481.3448,496.26,15448232
20240313,491.9304,497.4814,487.6026,492.1091,12090656
20240314,496.7614,497.8488,484.7509,488.3953,12620014
20240315,485.595,488.3953,477.9389,480.7192,29153576
20240318,488.4747,493.9462,483.4103,493.5093,11755251
20240319,484.7608,493.1613,477.9189,492.7745,10903092
20240320,496.0117,504.6508,491.7119,501.9897,11711100
20240321,511.1155,511.4432,502.4762,504.214,9712549
20240322,503.4593,506.4086,500.8179,506.0213,8120593
20240325,502.2578,503.6778,496.7476,499.5071,8380617
20240326,501.6024,506.4384,491.7553,492.4269,11205382
20240327,495.8131,496.399,484.6615,490.4111,9989676
20240328,489.3982,489.4479,481.7619,482.1889,15212764
20240401,483.7976,493.9562,478.4154,487.9186,9247007
20240402,481.7123,494.0555,481.2654,493.8966,11081026
20240403,495.4457,503.6976,495.2669,503.2011,12099171
20240404,512.8135,526.2987,507.0143,507.3519,26476253
20240405,513.2455,526.9938,510.8175,523.6573,19263265
20240408,525.5837,527.7782,515.2663,515.6238,13260579
20240409,518.583,522.1975,503.2011,513.2902,10881445
20240410,505.7333,518.9106,502.2677,516.1997,11418491
20240411,517.4708,520.2016,513.6775,519.5065,10369469
20240412,514.1342,516.5571,505.773,508.3251,11984535
20240415,513.1114,514.9088,493.8072,496.7366,13512893
20240416,494.6314,501.2448,493.6384,496.2699,9847925
20240417,499.5866,499.6461,483.738,490.7189,12193743
20240418,496.3295,508.6329,495.5549,498.2956,14808670
20240419,499.2887,499.2887,472.4077,477.7104,25215364
20240422,486.295,488.574,470.094,478.3658,17271125
20240423,487.8193,495.2769,485.5552,492.6354,15079196
20240424,504.5119,506.4384,481.1959,490.0536,37772677
20240425,418.4571,442.6569,411.6053,438.2976,82890741
20240426,438.377,443.3222,428.9434,440.1942,32691443
20240429,436.4903,436.6889,425.5671,429.5988,21502646
20240430,428.0397,436.5498,426.719,427.1659,18429496
20240501,425.6068,446.8177,424.1272,436.1229,20344947
20240502,435.7753,440.8596,429.2611,438.5955,15221322
20240503,442.8158,450.9983,440.7503,448.8037,16489057
20240506,452.3984,462.9045,450.1741,462.4279,15094627
20240507,463.0336,468.237,458.0884,464.97,13406816
20240508,460.2631,472.2587,459.7686,469.2996,11683929
20240509,466.7177,472.7553,464.3643,472.0999,9437651
20240510,473.7582,474.1653,466.3205,472.8744,10749999
20240513,469.4485,470.0443,459.6176,464.7416,14668798
20240514,460.134,469.24,456.867,468.5548,10478553
20240515,471.6629,479.1303,467.9093,478.1771,13100470
20240516,471.6828,474.354,469.4485,469.9252,16608179
20240517,467.5419,469.4982,465.1487,468.6144,10807289
20240520,466.6681,469.8954,463.7784,465.5658,11745080
20240521,463.8578,467.4128,459.0417,461.3852,11742189
20240522,464.6026,470.4116,462.3981,464.5132,10078611
20240523,469.5776,471.0454,458.3168,462.5272,11747913
20240524,464.3543,476.4988,463.0436,474.8803,12024254
20240528,473.2468,477.5019,471.5239,476.5684,10175770
20240529,471.3452,476.4989,470.3919,471.0473,9226218
20240530,468.376,468.4356,461.4647,463.7883,10735226
20240531,462.547,465.8439,451.2863,463.5699,16919805
20240603,467.5717,476.2507,464.97,474.1554,11279390
20240604,473.6688,475.5456,469.9273,473.6589,7088718
20240605,481.0668,493.1816,480.5306,491.6027,15690484
20240606,489.5372,499.3085,487.4618,490.3118,10667339
20240607,492.4468,495.4258,486.747,489.5174,9380745
20240610,490.4111,499.1496,489.9642,499.09,11236919
20240611,496.6671,504.0551,494.7903,503.926,9673715
20240612,510.4005,510.4204,500.947,505.2865,11983227
20240613,502.1783,505.8028,497.8587,500.5796,9954621
20240614,499.6353,504.1083,497.7467,501.1363,10243347
20240617,498.6612,507.6868,493.0352,503.5915,11266601
20240618,501.5339,502.9652,492.0511,496.4943,13060425
20240620,498.9892,500.6492,493.7906,498.691,11801182
20240621,500.4305,500.4305,489.4369,491.8125,23130732
20240624,496.206,504.7544,491.3255,495.9178,13525278
20240625,494.0689,507.647,492.5282,507.5377,12109769
20240626,503.6064,510.7284,501.6497,510.0425,8882337
20240627,511.1658,519.7439,510.8179,516.4439,10121199
20240628,514.0484,518.75,500.8182,501.1959,15855137
20240701,501.9215,503.5418,490.2122,501.6532,10328150
20240702,497.7567,507.4383,496.4545,506.4443,7739479
20240703,503.333,508.2136,502.9851,506.9015,6005615
20240705,508.5317,537.6261,508.5317,536.6719,21354093
20240708,539.0972,539.5545,523.4914,526.1454,14917495
20240709,530.5488,534.2564,525.0223,526.8213,8769088
20240710,527.6066,535.648,525.1911,531.4832,10983276
20240711,527.706,532.2486,505.3243,509.6251,16458253
20240712,494.7697,505.0427,491.2658,495.878,19750544
20240715,495.6394,503.6411,490.411,493.1843,12539163
20240716,498.4922,500.9274,482.8765,486.8525,14075833
20240717,476.2962,476.2962,456.3664,459.2192,28076595
20240718,472.1512,476.365,461.7539,472.9961,19267160
20240719,473.2048,483.7909,472.8569,473.9304,15149416
20240722,483.6567,489.1089,480.9978,484.4768,12023088
20240723,486.9022,492.2499,484.7949,485.7591,9455527
20240724,469.4723,473.4434,457.8177,458.5035,17649738
20240725,460.4816,460.7679,439.9952,450.6907,18240489
20240726,461.411,466.9525,456.6646,462.9069,14222388
20240729,467.0619,471.1174,462.231,462.9169,11339630
20240730,464.1991,469.8948,453.9609,460.412,11390439
20240731,468.195,473.6422,463.9506,471.9822,24285777
20240801,517.8753,524.0092,489.1486,494.7548,43083082
20240802,486.0672,498.1394,473.2943,485.2124,24044658
20240805,448.638,480.5803,448.0963,472.8768,21396191
20240806,476.1272,499.5459,475.7793,491.1267,20954959
20240807,500.1125,507.0904,483.94,485.9877,20105307
20240808,494.5162,506.9015,491.7529,506.5735,16156843
20240809,504.665,515.2312,502.667,514.6647,13696640
20240812,513.7601,514.9132,506.0467,512.8556,9767422
20240813,516.8912,528.3122,515.0424,525.3701,13743839
20240814,524.8929,530.7973,519.9925,523.6007,11444189
20240815,528.6006,536.5327,523.5411,534.1073,13482141
20240816,528.7099,530.4594,521.5133,524.2568,14776684
20240819,523.7101,528.4713,519.6247,526.1056,9879713
20240820,525.1812,527.9048,522.726,523.5709,7944391
20240821,523.9884,536.1649,523.7747,531.9504,13423292
20240822,533.7793,540.966,525.4198,528.7397,15708292
20240823,533.6998,536.6321,521.9109,524.8333,11323936
20240826,524.4357,524.8333,511.8616,517.9946,9584002
20240827,515.8674,520.8672,512.2194,515.9867,6282720
20240828,514.5702,517.9598,509.3766,513.6806,9106077
20240829,515.937,524.0381,512.5861,515.112,8317424
20240830,518.2232,520.4,512.1101,518.1834,9157541
20240903,516.5234,522.3384,505.5671,508.6907,12459113
20240904,503.0348,513.4917,501.0468,509.6648,8335207
20240905,508.6509,518.501,508.0844,513.7601,8640888
20240906,518.75,521.4387,495.2617,497.2696,14744521
20240909,503.1243,508.2633,499.0688,501.7625,11047828
20240910,505.1123,511.0962,497.0289,501.7625,9899022
20240911,503.9692,510.0425,492.6276,508.7603,10782532
20240912,513.949,523.551,512.1299,522.4477,11993342
20240913,517.2192,524.4168,514.0086,521.4736,10321422
20240916,521.8914,531.4031,514.7875,530.5873,9527646
20240917,534.8855,539.3627,527.891,533.607,11690779
20240918,534.3532,541.4521,531.2067,535.2337,10323537
20240919,547.2229,559.2319,543.7604,556.2769,15646951
20240920,557.1724,561.6496,553.4911,558.5155,22066817
20240923,566.6244,571.0817,559.5702,561.5601,12830669
20240924,563.8186,564.8783,551.3917,560.4855,12992956
20240925,561.2019,573.9671,560.8736,565.4404,16543350
20240926,572.8229,574.4845,559.5106,564.9728,14400787
20240927,567.2214,567.9575,561.6596,564.4952,9398367
20240930,564.8335,571.7782,561.9481,569.5495,12807206
20241001,575.0616,580.096,567.2214,573.5592,15259274
20241002,571.9573,573.0916,566.4652,569.9177,6524650
20241003,567.2711,580.4144,565.8583,579.8274,11580980
20241004,580.7825,593.8363,578.4942,592.9309,14199788
20241007,595.1994,599.9055,581.091,581.8272,12014198
20241008,586.7124,590.5629,583.0112,589.8963,7857377
20241009,590.9907,591.3887,578.6732,587.5283,9529707
20241010,584.6032,587.2497,579.5787,580.882,7740449
20241011,581.877,588.2248,579.7677,586.9711,8587051
20241014,591.2196,597.0699,586.9811,587.4388,8251971
20241015,587.1801,587.6278,577.2137,583.3097,9564236
20241016,578.4593,579.1409,571.1315,573.8776,11268384
20241017,580.3846,582.0163,572.2956,574.0169,8701158
20241018,578.1658,581.0188,572.3454,573.5592,7694274
20241021,573.1214,574.3252,566.2364,572.2558,8171879
20241022,571.3902,580.5836,569.2312,579.0712,8544463
20241023,577.0415,582.0461,559.6597,560.8437,14248419
20241024,564.2614,566.0074,558.6847,564.9131,7184651
20241025,571.037,578.3549,568.8332,570.3555,11337874
20241028,579.0613,580.8023,571.2211,575.2407,10925131
20241029,577.2156,590.6724,572.4926,590.2843,13019092
20241030,597.9454,598.1643,586.404,588.8118,26864925
20241031,582.0461,586.9214,560.1672,564.7141,26838395
20241101,564.739,570.7733,559.7194,564.2962,15303235
20241104,561.2517,565.8185,555.073,557.8489,12064601
20241105,564.4405,570.5843,563.8087,569.5396,9775379
20241106,559.9085,570.1067,552.3647,569.1615,18305429
20241107,573.9771,591.7965,572.3056,588.7123,14653708
20241108,588.5531,590.1052,581.5686,586.3642,9415699
20241111,583.3993,584.036,573.599,580.2254,10209051
20241112,585.5732,596.6321,577.4495,581.867,16287724
20241113,579.6632,582.6829,572.2658,577.0714,10757583
20241114,574.0865,577.8275,570.1167,574.2457,11053743
20241115,568.3357,569.6789,548.7153,551.2823,17712864
20241118,554.2273,557.0729,547.3124,551.6006,14346715
20241119,549.0735,558.5951,547.8198,558.2569,9522445
20241120,560.0876,563.4902,551.4017,562.6645,9797339
20241121,566.6443,567.1219,546.2777,560.2468,11154749
20241122,560.7044,560.9803,551.7897,556.3167,9164004
20241125,559.2618,569.7003,553.5806,562.2566,13599830
20241126,563.1421,574.584,562.3461,570.644,10356550
20241127,571.9872,572.0767,561.2518,566.3259,7200228
20241129,566.1269,575.5392,564.0375,571.4201,7130519
20241202,574.584,591.4982,572.6637,589.8366,12522371
20241203,591.9956,611.0987,588.2647,610.5515,14907164
20241204,609.8649,614.6606,602.0446,610.6808,14697006
20241205,613.9592,616.7699,603.9848,605.8553,8081212
20241206,607.0194,626.6099,605.4573,620.6204,16935503
20241209,620.7746,623.2371,603.1093,610.4719,11426015
20241210,614.4417,622.4312,609.6461,616.1928,10938854
20241211,620.2224,635.1765,618.3966,629.4854,10837228
20241212,628.3113,633.4452,624.0424,627.6049,7474717
20241213,624.0529,627.8935,613.7711,617.2176,8453349
20241216,627.2996,628.4696,615.953,621.589,10885625
20241217,623.5108,629.6845,613.9217,616.8094,12897842
20241218,618.3628,624.6957,593.7876,594.6539,17075480
20241219,607.7978,608.923,592.4732,593.0407,14958082
20241220,588.0719,600.5487,577.5369,582.7646,48989390
20241223,587.0961,598.5373,583.7603,597.3026,10205750
20241224,600.1554,605.408,596.7399,605.169,4726056
20241226,602.9087,603.7252,596.3964,600.7877,6091239
20241227,596.8644,599.2941,587.2953,597.2627,8084229
20241230,586.2497,594.4048,583.0932,588.7291,7025864
20241231,589.7498,591.4475,581.3705,583.0235,6019520
20250102,587.2156,602.3411,585.3237,596.6952,12682269
20250103,602.1917,606.9116,593.8808,602.0623,11436784
20250106,609.2267,628.3103,603.0481,627.5237,14560754
20250107,629.0173,629.4167,605.647,615.266,12071479
20250108,610.79,613.8218,600.2301,608.1264,10085846
20250110,607.4393,627.2349,594.8032,613.2446,19256564
20250113,604.5218,606.3838,595.9035,605.7466,10785031
20250114,602.4954,602.9186,586.0506,591.7264,13597992
20250115,607.6186,619.8166,603.9243,614.4992,15524302
20250116,608.9031,613.6329,607.1207,608.7039,8355349
20250117,621.3998,622.3159,601.1063,610.1677,17280600
20250121,615.2012,618.8606,606.4219,613.842,11674016
20250122,620.653,631.0088,616.8044,620.8521,12274011
20250123,624.6957,633.8965,618.5121,633.7471,9910163
20250124,633.6974,649.2311,631.5067,644.7403,19065329
20250127,623.9489,661.0507,622.4453,657.0776,28399190
20250128,663.1716,679.6812,656.6644,671.4663,20950107
20250129,672.1334,678.1537,662.843,673.6171,21377820
20250130,693.8608,707.7714,673.2288,684.0825,29322898
20250131,688.0655,702.3046,682.6685,686.2532,19331660
20250203,673.0396,701.0103,672.3824,694.498,21415739
20250204,699.5166,704.7045,688.6729,701.1995,13826270
20250205,700.5622,715.0902,696.0415,701.8766,17793766
20250206,702.8823,715.847,700.5124,708.9663,13080690
20250207,713.7509,721.931,708.7274,711.4856,16427067
20250210,715.5084,718.1372,708.3091,714.3534,12904317
20250211,710.2907,720.5868,707.0246,716.7432,12997959
20250212,712.2623,724.0122,709.5737,722.2995,12016517
20250213,718.4556,725.9041,714.9906,725.466,12569064
20250214,723.0562,737.7635,722.5385,733.5415,16901249
20250218,732.8744,733.8701,703.4399,713.3277,21938703
20250219,701.1049,703.9975,692.4368,700.7812,17535480
20250220,694.3138,702.6333,690.6943,691.8892,12587408
20250221,693.6218,700.8808,679.4622,680.6471,15660355
20250224,683.3655,684.3513,659.6367,665.2926,15676994
20250225,663.1438,665.1632,639.1342,654.7077,20579662
20250226,656.8486,680.1072,655.2056,670.8389,14488705
20250227,679.5518,685.7224,654.7774,655.4446,12500013
20250228,655.2455,666.7862,639.8727,665.3623,17534168
20250303,670.8141,678.3569,648.0799,652.2681,10843763
20250304,642.7687,646.9907,621.0015,637.2821,21495208
20250305,638.2778,656.6993,634.952,653.6821,13770026
20250306,645.2481,647.7997,621.4595,625.2633,13446454
20250307,622.7142,632.0942,598.0593,623.003,21375671
20250310,605.4877,607.5149,584.3778,595.4505,21999943
20250311,592.5279,612.3225,590.8103,603.1377,17401469
20250312,627.225,630.6404,606.7622,616.9289,15746966
20250313,617.611,617.8649,584.0192,588.1317,16480324
20250314,600.7791,606.8138,592.7811,605.558,12364505
20250317,605.4185,611.0395,595.9903,602.8671,15473909
20250318,598.0334,598.2327,572.7287,580.4028,20297708
20250319,582.3164,590.3316,572.8383,582.0971,20537498
20250320,580.7965,608.1493,577.5624,584.0306,24336505
20250321,581.4642,595.5368,578.9976,594.2461,25015864
20250324,612.9032,620.4478,610.1426,616.7702,15741274
20250325,624.6536,631.7497,619.0924,624.2051,15312540
20250326,622.7899,624.6435,604.5713,608.9266,12661891
20250327,599.9768,612.1857,598.0832,600.5549,10436524
20250328,598.2925,599.7277,571.9912,574.8017,17602823
20250331,561.6062,576.7551,551.4405,574.423,21124677
20250401,568.9215,587.9275,568.0844,584.0306,12836574
20250402,572.9779,590.6682,571.4331,581.9675,13470778
20250403,544.3843,550.7026,528.5178,529.8334,34777460
20250404,504.9174,516.2591,492.5391,503.0337,38589814
20250407,483.4697,537.5573,480.2804,514.515,36606136
20250408,541.4243,545.5902,501.17,508.7345,28034211
20250409,507.5535,585.9142,500.4225,583.8014,39216578
20250410,573.5559,579.3464,533.501,544.454,28173491
20250411,533.7053,545.5603,526.8136,541.7432,17642327
20250414,554.3058,555.8955,526.5046,529.6938,14130928
20250415,530.3167,536.1321,515.7608,519.7673,15558659
20250416,506.801,511.6447,493.9643,500.6219,18735075
20250417,503.552,505.5951,496.3396,499.7946,14593508
20250421,489.6738,491.8415,478.1875,483.0312,16165982
20250422,490.2169,505.1765,484.7255,498.5987,17399408
20250423,526.7488,533.5385,514.7841,518.5215,18173910
20250424,516.9867,532.1057,515.7608,531.3582,13910011
20250425,544.9623,548.0121,534.4478,545.4308,17098921
20250428,553.7726,556.6129,538.7732,547.8925,15178995
20250429,544.165,554.6994,542.2913,552.5767,11835036
20250430,536.5906,547.2546,527.7205,547.1549,29243971
20250501,590.0852,590.9572,568.5827,570.2869,31159033
20250502,581.4941,602.309,576.3864,595.0136,24739260
20250505,589.233,601.1828,586.0737,597.256,13887724
20250506,590.5337,594.0269,584.6086,585.3362,10600650
20250507,588.3759,601.0482,584.6983,594.8043,13160976
20250508,604.2474,609.2415,594.6149,596.0002,14622805
20250509,601.691,604.9301,589.7176,590.4988,10427286
20250512,628.7996,638.2374,618.9429,637.281,21965085
20250513,643.3755,658.6988,640.6696,653.8252,18570821
20250514,658.9878,660.4429,652.111,657.144,12348179
20250515,652.0761,655.1009,636.4339,641.7161,14341835
20250516,635.811,638.2876,624.0457,638.188,18518972
20250519,626.1386,640.839,625.6901,638.2777,9592374
20250520,633.8725,637.2049,630.1351,634.9589,6743473
20250521,629.6667,644.4369,628.0521,633.3642,11464569
20250522,631.9191,641.0882,628.5903,634.4306,8228443
20250523,621.9029,630.3195,620.5574,624.9526,8454067
20250527,633.2745,640.9188,630.6235,640.1613,9508367
20250528,640.4404,648.6925,640.3878,641.4171,9042874
20250529,649.455,651.1243,637.3508,642.8821,8883436
20250530,640.3407,647.2274,630.6534,645.3139,16240951
20250602,642.2244,670.9973,642.0964,668.6453,15766258
20250603,669.1884,673.3095,662.795,664.6089,11585031
20250604,667.0706,686.6844,666.3231,685.638,14031931
20250605,689.3355,692.0464,679.9571,682.3192,13120335
20250606,693.8303,700.444,689.5448,695.3652,11727961
20250609,696.1126,702.82,691.6078,691.7274,12773221
20250610,698.9879,700.8666,689.2358,700.0394,10850146
20250611,701.34,706.4884,689.6644,691.8072,9582508
20250612,690.97,693.043,684.6912,691.0298,7322730
20250613,685.638,692.2357,678.7213,680.575,9274441
20250616,697.5161,705.3158,691.7115,700.2989,13720288
20250617,700.1792,704.1389,694.2546,695.4216,10066110
20250618,696.3691,699.7702,693.0976,693.9653,10068255
20250620,698.9324,699.9993,676.9097,680.5801,22538640
20250623,681.9167,697.2368,676.9895,696.7182,11080055
20250624,703.0567,711.3402,700.2889,710.3527,13823180
20250625,711.4648,714.7214,703.5504,706.8419,9320436
20250626,712.5021,726.3312,709.2057,724.2067,13964793
20250627,724.6306,733.5225,723.9773,731.7271,18775735
20250630,742.6188,745.9601,732.3455,736.1756,15402105
20250701,734.9637,735.8364,713.5145,717.3545,13431248
20250702,713.4696,718.4317,710.9512,711.7192,9336740
20250703,724.7253,727.1391,712.567,717.1451,8601653
20250707,715.7387,725.1143,711.6593,716.4868,9457080
20250708,719.6984,721.0348,712.956,718.8008,7770693
20250709,720.8405,735.617,720.8405,730.8793,11417963
20250710,729.6525,733.8914,717.7335,725.3537,9922249
20250711,720.621,723.2791,707.8592,715.649,10873880
20250714,715.7387,726.1117,714.6885,719.0501,8939399
20250715,722.0224,722.5925,707.9789,708.5474,11529511
20250716,711.5197,712.1181,697.4564,701.0868,13067627
20250717,702.563,704.0691,695.2969,699.5907,11803264
20250718,700.3687,702.8822,689.856,702.4533,12779752
20250721,704.9667,715.1403,703.9294,711.1157,9404391
20250722,714.3324,714.7413,699.5907,702.9819,8921064
20250723,704.5329,712.7749,703.1016,711.7291,8771615
20250724,715.1901,721.747,712.1481,712.946,10920836
20250725,715.0555,718.7807,710.0535,710.8315,8271698
20250728,713.3449,722.8554,710.8315,715.7686,8715743
20250729,718.1325,722.5909,698.0946,698.1844,13267032
20250730,706.2534,706.6623,689.4073,693.4068,27077286
20250731,773.1893,782.7145,763.5245,771.4339,38831098
20250801,758.7569,764.0131,743.3768,748.0647,19028710
20250804,758.0287,774.835,756.4429,774.3563,15801727
20250805,774.4311,781.0987,761.021,761.4798,11640294
20250806,768.0028,771.6334,758.4877,769.9876,9733910
20250807,771.4838,772.9898,757.5799,759.854,9019691
20250808,760.7716,767.9031,756.6124,767.3046,7320755
20250811,768.0776,771.4522,762.6866,763.8835,7611964
20250812,770.995,791.6114,770.4265,787.9509,14579765
20250813,789.0979,793.3929,776.2115,778.0567,8811750
20250814,775.8624,785.7666,770.5063,780.1013,8116193
20250815,782.1161,794.1847,778.7947,783.1933,13375361
20250818,773.0746,773.7977,754.5978,765.3796,16513737
20250819,765.1303,765.1801,747.4163,749.5308,12286690
20250820,745.631,748.2541,729.104,745.7806,11898190
20250821,742.7734,743.5664,731.2086,737.183,8876307
20250822,737.3126,754.9368,732.4852,752.8323,10612667
20250825,752.8622,756.9116,748.1843,751.3461,6861158
20250826,748.8526,752.9121,746.0,752.144,7601800
20250827,750.3487,752.1938,740.9133,745.4415,8315435
20250828,742.0702,751.1016,738.8736,749.1618,7467955
20250829,743.3469,745.2021,733.4393,736.784,9070546
20250902,724.1568,734.091,719.8586,733.2033,9350857
20250903,734.091,738.33,732.0855,735.1383,7699332
20250904,746.6284,759.1857,743.8855,746.7082,11439078
20250905,750.6629,755.9841,743.0976,750.4983,9663441
20250908,754.0341,764.5219,750.0694,750.3487,13087816
20250909,755.5253,764.3124,751.4758,763.714,10999026
20250910,763.1454,763.714,749.0521,750.0295,12478276
20250911,752.6926,755.1363,746.4289,748.9523,7923284
20250912,746.783,755.6053,741.8309,753.6302,8248557
20250915,755.5053,772.0623,750.0345,762.7166,10533780
20250916,765.0106,779.3333,763.1155,776.9795,11782482
20250917,777.9669,781.2583,764.3224,773.703,9400867
20250918,778.7249,786.7341,771.3541,778.2262,10954950
20250919,784.3802,788.7489,767.195,776.3611,23696824
20250922,779.8171,783.692,762.4872,763.1754,11706946
20250923,767.2548,768.6013,749.1219,753.4407,10872592
20250924,755.5352,759.1359,750.5732,758.687,8828227
20250925,751.4957,754.8021,742.6188,746.9675,10591065
20250926,748.0547,749.9796,735.4407,741.8209,9696338
20250929,746.778,748.8327,737.2328,741.4718,9246768
20250930,740.3248,741.0429,724.4162,732.4752,16226750
20251001,719.6186,719.9776,708.3579,715.4794,20419633
20251002,720.7058,725.8823,716.2773,725.1642,11415271
20251003,727.7325,729.104,708.338,708.717,16154305
20251006,703.3559,715.0206,688.719,713.8038,21654738
20251007,715.8584,716.6363,703.9195,711.2304,12062928
20251008,711.5995,717.7834,705.9741,715.9781,10790571
20251009,716.412,731.6075,710.5921,731.6075,12717172
20251010,729.0242,733.3629,702.6827,703.4706,16980091
20251013,711.1606,718.0727,705.8059,713.8436,9251796
20251014,705.9442,713.694,697.5161,706.8119,8829757
20251015,715.2001,722.0224,707.6697,715.6888,10246766
20251016,715.6888,723.6083,702.0543,710.2231,9017010
20251017,705.241,716.6763,704.2885,715.0555,12232441
20251020,719.3194,731.8668,718.312,730.2709,8900204
20251021,734.106,736.5845,726.8598,731.3681,7647269
20251022,731.9266,738.6791,722.152,731.5077,8734491
20251023,732.7944,740.4844,731.1985,732.0962,9855974
20251024,734.8789,739.2875,729.2536,736.4449,9151267
20251027,747.7854,753.7898,746.0698,748.8726,11321080
20251028,750.6779,756.4329,743.5864,749.4909,12193818
20251029,752.7924,757.1859,740.5841,749.7204,26818592
20251030,667.4144,679.1937,648.4836,664.7413,88440094
20251031,672.7605,673.1395,643.8955,646.6683,56953169
20251103,654.2985,657.6198,634.5299,636.0559,33003599
20251104,626.406,640.0754,624.3863,625.6929,27356553
20251105,630.6699,640.5642,624.9124,634.3005,20219855
20251106,634.2008,634.3504,616.3971,617.3346,23628750
20251107,614.886,620.5211,599.6406,620.0974,29946826
20251110,629.4531,633.353,616.5018,630.1214,19245000
20251111,626.3711,627.9271,617.7835,625.4535,13302187
20251112,626.5008,627.3586,606.1936,607.4304,24493272
20251113,611.4798,616.048,601.436,608.3081,20973845
20251114,600.2291,612.0883,593.6562,607.8792,20724146
20251117,607.4553,610.1034,593.8557,600.4485,16501331
20251118,590.0655,602.0943,582.2658,596.1397,25500647
20251119,592.175,593.7859,579.7424,588.7889,24744703
20251120,601.9347,605.1463,581.8369,587.6219,20603024
20251121,586.9736,596.5686,580.3508,592.7087,21052624
20251124,597.1671,615.1004,596.08,611.4599,23554932
20251125,622.3815,635.3927,616.6963,634.5698,25212978
20251126,636.036,636.7042,629.9917,631.9666,15209481
20251128,634.4252,646.3691,633.8517,646.2694,11033198
20251201,637.8912,643.6462,636.1058,639.2077,13029922
20251202,640.6739,646.1896,636.415,645.4216,11640869
20251203,642.7386,647.1669,635.8963,637.941,11134305
20251204,674.2466,674.3464,658.338,659.8142,29874622
20251205,662.2777,672.94,660.6766,671.6733,21207861
20251208,667.6039,674.9548,663.345,665.0705,13160976
20251209,662.0434,662.7565,651.6454,655.256,12997116
20251210,648.2642,652.8124,641.7288,648.4437,16910883
20251211,641.6215,653.5804,639.1329,651.017,13056726
20251212,648.1146,709.1558,636.9536,642.559,14016915
20251215,644.5505,651.8375,637.5631,646.3573,15549088
20251216,642.3544,661.3605,642.055,655.9801,14309136
20251217,654.4429,660.0529,648.0443,648.3438,15598548
20251218,655.8554,669.3663,655.2914,663.2671,20260295
20251219,665.2336,669.8055,657.0083,657.5973,49977051
20251222,660.4671,672.3809,655.481,660.3224,15659385
20251223,658.875,664.8144,657.0782,663.7563,8486847
20251224,661.3506,666.9905,661.0211,666.3616,5627512
20251226,666.8707,667.759,660.1428,662.1092,7133813
20251229,656.8386,659.0746,653.225,657.5174,8506477
20251230,657.5174,671.0233,656.6689,664.7645,9187483
20251231,663.5666,663.8162,658.2661,658.9149,7940359
20260102,661.5452,663.2072,642.3544,649.2521,13726517
20260105,649.8511,663.357,646.5981,657.6172,12213745
20260106,658.3958,664.3352,650.7395,659.444,11074419
20260107,654.4728,657.9766,643.6621,647.5352,12846273
20260108,644.7302,645.95,634.5883,644.9099,11921708
20260109,644.286,653.7841,641.7056,651.8974,11634944
20260112,651.3634,652.8058,640.0835,640.8272,14797197
20260113,641.1266,641.1266,622.989,629.9665,18030395
20260114,625.3847,627.3312,613.7205,614.4242,15527875
20260115,617.379,623.0588,613.1365,619.6948,13076058
20260116,623.065,627.9601,618.9761,619.1458,17012516
20260120,606.7978,610.3116,598.9319,603.0445,15169565
20260121,605.6599,617.1694,599.0117,611.8688,14494655
20260122,628.2296,659.394,625.4346,646.4771,21394669
20260123,643.6222,665.3034,643.2978,657.5873,22797723
20260126,663.9409,674.0779,660.1083,671.1631,16327378
20260127,673.3891,675.6101,663.4768,671.772,13297350
20260128,673.2992,676.4711,664.9142,667.5395,25709600
20260129,736.1172,742.6755,711.2815,736.9957,59852903
20260130,726.2049,730.8666,712.3197,715.2245,23744573
20260202,713.3279,720.0159,702.2677,705.1524,14365224
20260203,706.1107,715.7236,685.188,690.4686,13760663
20260204,686.5057,687.6037,666.2718,667.7991,16882761
20260205,662.3987,680.2868,652.3366,669.0169,17131791
20260206,664.3053,670.7936,645.3492,660.2825,18159253
20260209,661.9994,682.0935,657.6072,676.0144,14837529
20260210,676.3937,679.4383,668.5976,669.526,10455816
20260211,672.8001,678.0583,655.9302,667.4996,14323818
20260212,668.7773,674.7966,644.1313,648.6532,14960108
20260213,643.9516,650.2702,633.4403,638.6311,12336363
20260217,638.3566,641.456,627.6806,638.1519,12674739
20260218,632.6717,643.8518,627.0268,642.0749,14649196
20260219,637.4332,646.0379,635.5865,643.6322,10035698
20260220,638.5462,662.169,637.6428,654.4928,14183512
20260223,651.3783,656.5292,634.8678,636.1156,8605909
20260224,631.953,639.9687,627.8603,638.1619,10135647
20260225,641.3862,652.716,640.9969,652.5263,11330693
20260226,649.3919,659.8233,646.3473,655.8404,10637736
20260227,642.3045,648.2839,636.984,647.0261,15703041
20260302,636.0257,658.7652,633.3705,652.3965,9816125
20260303,647.1359,657.8668,637.7027,653.9138,12263754
20260304,656.7887,671.5723,656.5003,666.5413,10810054
20260305,660.7516,669.506,649.1523,659.394,13341367
20260306,646.7466,648.3138,634.9776,643.712,13159356
20260309,633.65,646.5969,625.6642,646.2375,13489742
20260310,652.3965,659.1245,647.8446,652.9056,9859250
20260311,653.5944,657.9466,647.2058,653.6942,8977162
20260312,647.5951,652.3366,635.7662,637.0439,11617485
20260313,622.7793,628.0498,608.4649,612.6175,18957637
20260316,631.4148,634.1622,622.5234,626.869,15134852
20260317,627.4035,635.9606,621.1243,622.0834,10348755
20260318,615.7693,622.0734,614.0409,615.1099,11726301
20260319,611.5831,612.4324,601.7023,606.1382,13247696
20260320,602.9711,603.3957,586.7062,593.1103,21214898
20260323,605.226,608.0764,598.4553,603.5006,13637959
20260324,598.5452,600.4435,590.4527,592.371,10739742
20260325,598.1856,603.111,592.8505,594.3391,12585031
20260326,581.9506,582.4601,542.8469,547.033,35780131
20260327,539.5999,543.0965,519.7782,525.2332,30133010
20260330,535.8833,539.0504,528.0506,535.8833,22795203
20260331,549.4707,573.1588,546.2637,571.6002,32898272
20260401,579.5928,591.9978,573.2886,578.6936,23608128
20260402,565.5109,577.9643,559.1817,573.9281,13518547
20260406,577.1551,582.2503,571.4703,572.4894,9515651
20260407,571.9499,574.6923,564.237,574.5175,9580843
20260408,605.4388,629.3667,591.282,611.8529,32036638
20260409,626.3894,636.9097,622.4231,627.8081,19012912
20260410,633.8825,637.9887,623.7519,629.2767,13294844
20260413,628.9171,634.412,623.8218,633.9424,9538931
20260414,642.6244,665.643,638.7784,661.8765,17817956
20260415,666.3824,677.8717,663.6049,670.9581,14952577
20260416,675.364,676.9526,667.1317,676.2432,9544835
20260417,677.9716,690.8797,674.5048,687.9124,16283480
20260420,680.7291,682.7472,667.3814,670.2887,12533951
20260421,670.3787,675.5738,666.7121,668.2207,8660100
20260422,673.7305,677.7518,669.1298,674.0952,9215603
20260423,663.0854,668.94,652.4453,658.5396,11666981
20260424,659.7085,680.0397,653.2346,674.4049,13348279
20260427,670.3737,681.868,670.2188,677.9916,12805222
20260428,673.6157,677.552,665.0086,670.7183,10606755
20260429,668.2906,673.6256,663.1937,668.5004,18947464
20260430,618.7465,620.2751,599.4444,611.3434,52764984
20260501,614.1208,618.3069,605.5487,608.1813,21404028
20260504,607.3721,613.4314,602.192,609.8448,16203902
20260505,612.7421,613.7811,599.8041,604.3998,17171301
20260506,600.4934,619.3759,597.5462,612.3125,19915460
20260507,614.1508,624.4013,612.972,616.2388,12307372
20260508,614.6303,616.1989,605.4989,609.0655,13556963
20260511,604.0102,604.3468,597.5263,598.3055,15940622
20260512,594.2642,603.1859,592.0513,602.4416,11351559
20260513,598.2755,619.326,596.1076,616.059,14634394
20260514,615.4296,623.1524,614.4305,617.8573,10651173
20260515,613.4214,620.6247,608.7458,613.6612,13272567
20260518,608.541,615.02,603.131,610.644,13772443
20260519,608.3561,613.3615,599.9939,602.052,11749947
20260520,600.1987,607.437,597.2564,604.4997,11329709
20260521,599.4444,609.0355,594.2575,606.8176,13476078
20260522,607.3171,614.2407,606.388,609.6949,11688623
20260526,608.3262,613.901,604.7396,611.773,12234166
20260527,608.8307,637.9086,608.4361,634.6668,23143594
20260528,638.9028,642.4046,628.7273,634.7017,16772379
20260529,632.9134,633.9125,622.7728,631.9243,19806536
20260601,629.8162,635.1612,598.9748,599.914,29138805
20260602,602.6814,608.3162,596.1275,597.0766,18251964
20260603,602.4416,623.572,599.7141,622.4031,23020056
20260604,623.0925,641.8051,621.8536,626.9889,21469248
20260605,622.8827,628.5624,582.3702,592.4509,30091610
20260608,591.4518,591.4518,578.6836,584.8479,19512436
20260609,590.4527,597.0766,580.472,584.0487,16977383
20260610,580.1922,590.7724,570.0716,570.4513,17064048
20260611,565.306,571.6402,556.4942,567.9036,17627966
20260612,572.4194,575.5366,560.3806,566.455,14347769
20260615,579.9,601.27,579.2975,593.48,17653258
20260616,593.65,605.81,592.0,600.21,11344421
20260617,592.002,593.81,566.19,567.58,20478308
20260618,572.82,580.215,563.1,577.22,28824630
20260622,572.02,575.81,559.81,563.85,15405511
20260623,562.245,572.2,561.02,562.2,13103316
20260624,561.89,569.04,555.55,557.67,13963570
20260625,555.553,556.34,540.18,542.87,16968639
20260626,543.34,556.85,540.4,550.25,18867706
20260629,560.0,570.9,558.0,562.6,15011399
20260630,560.94,565.535,551.43,563.29,18111082
20260701,607.91,628.28,595.1,612.91,45536306
20260702,607.895,610.0,580.42,582.9,21750522
20260706,594.84,603.58,581.76,600.29,17674068
20260707,607.59,625.37,603.66,615.58,18560849
20260708,614.385,616.0,598.0105,603.12,13606507
20260709,583.99,633.27,577.07,631.48,26579689
20260710,660.335,677.86,658.01,669.21,40608860
20260713,661.38,676.62,654.2,656.73,19840702
20260714,652.0,666.5,649.05,661.04,16748239
20260715,663.6,686.08,656.6601,681.31,19003379
20260716,677.275,681.9,660.16,664.54,15815978
20260717,647.7,652.2,626.0,646.01,22267862
20260720,646.7,653.3,636.0105,645.85,10225186
20260721,654.18,655.88,643.2,643.81,9140455
20260722,647.7,648.998,624.0,627.17,11019559
20260723,608.41,614.65,597.22,606.1,15494842
20260724,605.3,609.98,594.45,595.19,11503473
20260727,607.22,611.26,593.13,593.87,11195251
20260728,596.82,601.0,587.0,593.41,12009255
