date,open,high,low,close,volume
20180102,78.8603,79.0297,78.2881,78.7001,22483797
20180103,78.7962,79.2129,78.7184,79.0664,26061439
20180104,79.2861,80.2659,79.2678,79.7623,21911974
20180105,80.2659,80.9526,80.0553,80.7512,23407110
20180108,80.7603,81.1083,80.2151,80.8336,22113049
20180109,81.1724,81.243,80.449,80.7786,19484317
20180110,80.449,80.7512,80.0369,80.4124,18652201
20180111,80.6962,80.6962,79.8813,80.6504,17808877
20180112,81.1907,82.207,80.9892,82.0422,24271531
20180116,82.5,83.1318,80.5867,80.8977,36599736
20180117,81.5661,82.6649,81.2639,82.5367,25621164
20180118,82.2254,83.022,82.0972,82.5,24159683
20180119,82.5367,82.967,82.0972,82.4085,36875013
20180122,82.4085,83.8918,82.1704,83.8827,23601555
20180123,84.1482,84.5145,83.8186,84.1482,23412841
20180124,84.7434,85.5492,83.8552,84.075,33277483
20180125,84.6656,85.3752,84.1757,84.5419,26383238
20180126,85.2653,86.126,84.7709,86.126,29172167
20180129,87.1149,87.3988,85.8147,85.9978,31569940
20180130,85.4301,85.7598,84.3313,84.9174,38635053
20180131,85.8422,87.353,85.6224,86.9959,48756338
20180201,86.7944,87.9665,85.6877,86.3091,47227882
20180202,85.7414,86.0436,83.782,84.0383,47867753
20180205,82.9212,85.3752,80.5772,80.5772,51031465
20180206,79.5608,83.7591,78.0591,83.6263,67998564
20180207,82.8571,84.0292,81.676,82.0514,41107592
20180208,82.1429,82.294,77.6105,77.8394,55628657
20180209,79.0206,81.4287,76.7589,80.742,63499065
20180212,81.2502,82.207,80.5126,81.6119,35720341
20180213,81.4287,82.4085,80.3941,82.2528,26407702
20180214,81.4248,83.7063,81.3328,83.5407,34960912
20180215,83.9087,85.2978,83.3659,85.2426,27823866
20180216,85.0494,86.0154,84.4515,84.6355,30596919
20180220,84.1525,85.6106,83.7247,85.2978,30911725
20180221,85.537,85.8861,84.1663,84.1663,26922503
20180222,84.6814,85.307,84.0467,84.3871,24392753
20180223,85.3254,86.5397,84.9666,86.5305,26329226
20180226,86.8433,87.8093,86.7053,87.7817,30199846
20180227,88.0761,88.1681,86.6593,86.6593,25869119
20180228,87.2481,88.0439,86.135,86.2638,31167338
20180301,86.4662,86.9997,84.4883,85.4174,37135561
20180302,84.2491,85.6934,83.5867,85.6014,32830389
20180305,84.9482,86.7237,84.8746,86.1442,23901578
20180306,86.7881,86.9261,85.5011,85.8498,22175776
20180307,85.7026,86.4207,85.031,86.3466,26716127
20180308,86.7237,87.4873,86.2592,86.8709,25887828
20180309,87.6621,88.812,87.3953,88.812,36937254
20180312,88.7752,89.4284,88.3521,89.0236,26073742
20180313,89.2352,89.456,86.4478,86.8525,35387817
20180314,87.5057,87.7725,86.0154,86.3374,32131981
20180315,86.043,87.0089,85.399,86.6409,27610998
20180316,87.1009,87.7449,86.4018,87.0273,49081279
20180319,86.2362,86.3834,84.7366,85.4542,33344085
20180320,85.6014,86.2638,85.5554,85.675,23075240
20180321,85.491,86.5213,84.8286,85.077,24457082
20180322,83.9593,84.4055,82.4828,82.6024,38604715
20180323,82.3356,83.2187,80.1093,80.2013,44068949
20180326,83.3567,86.4754,83.1635,86.273,56396780
20180327,87.3401,87.5232,81.4248,82.308,56569011
20180328,82.63,83.9271,81.7588,82.2344,52501146
20180329,82.9611,84.9022,81.3236,83.9639,45867548
20180402,83.2279,83.6051,80.5049,81.434,48515417
20180403,82.4046,82.8415,80.8545,82.5288,37213837
20180404,80.8177,85.3346,80.7073,84.939,35559956
20180405,85.0356,85.6152,84.0835,84.985,29771881
20180406,84.1663,85.0586,82.3172,83.0071,38026000
20180409,83.7523,85.7118,83.3659,83.5039,31533943
20180410,84.9942,85.813,84.3043,85.445,26939883
20180411,84.6447,85.8222,84.1571,84.5067,24872110
20180412,85.031,86.6225,85.031,86.089,26758879
20180413,86.5213,86.6409,85.0402,85.629,23346063
20180416,86.5397,87.0825,85.9418,86.6317,20288083
20180417,87.3953,88.812,87.2849,88.3796,26771000
20180418,88.5176,88.9776,87.8737,88.72,21043287
20180419,88.72,89.2996,87.7081,88.4164,23552541
20180420,88.2325,88.4164,86.5213,87.3953,31154377
20180423,88.0794,88.582,87.0549,87.7173,22331829
20180424,88.5379,88.7476,85.0126,85.6658,34524799
20180425,85.8314,85.8314,83.0531,84.9206,33729257
20180426,86.0614,87.5333,85.6474,86.7145,42529043
20180427,89.7872,90.0632,86.3926,88.1497,48272780
20180430,88.6188,88.6799,85.6934,86.0338,41523605
20180501,85.7486,87.6621,85.3622,87.3953,31408927
20180502,87.3861,87.5517,85.7302,86.0246,27471002
20180503,85.5186,87.3263,85.0494,86.5397,31142497
20180504,85.8498,87.7357,85.4818,87.5425,22531325
20180507,87.5517,88.9684,87.4873,88.5176,24242019
20180508,88.1732,88.4624,87.4534,88.1405,23484589
20180509,88.3245,89.2076,87.4413,89.18,27327410
20180510,89.6584,90.1092,89.2812,90.0724,22388119
20180511,89.9712,90.0356,89.272,89.8792,16778316
20180514,90.0816,90.7899,89.5204,90.1828,19454124
20180515,89.456,90.0172,88.628,89.5296,24594010
20180516,89.9546,89.9916,89.2663,89.7606,17384742
20180517,89.4003,90.121,88.541,88.8644,17246716
20180518,88.7073,89.5573,88.7073,89.0307,17865840
20180521,89.622,90.5552,89.4372,90.1764,19422467
20180522,90.2503,90.703,89.8068,90.084,15441189
20180523,89.3541,91.2204,88.9937,91.1557,21251222
20180524,91.2158,91.4145,89.4465,90.8324,26649287
20180525,90.8231,91.4514,90.4166,90.8786,18363918
20180529,90.3981,91.359,89.8345,90.5552,28670981
20180530,90.8324,91.7009,90.4628,91.4237,22158528
20180531,91.7378,92.3846,91.1096,91.3221,34140891
20180601,91.7284,93.1884,91.627,93.1237,28655624
20180604,93.558,94.1124,93.1801,93.9368,27281623
20180605,94.2417,94.5466,93.8075,94.4173,23514402
20180606,94.6852,94.7961,94.1493,94.6944,21122917
20180607,94.8423,94.8792,92.7449,93.2069,28232197
20180608,93.4031,94.1955,92.8928,93.8998,22165128
20180611,93.6596,93.8629,93.0129,93.364,23490894
20180612,93.4102,93.7329,93.0868,93.6042,18325228
20180613,93.983,94.2509,92.9112,93.1792,29492875
20180614,93.9183,94.2694,93.3178,93.7058,25691811
20180615,93.789,93.8075,92.4585,92.5139,65738585
20180618,92.4031,93.4194,91.8579,93.1884,23586037
20180619,92.0704,93.3178,91.9319,93.1884,28653087
20180620,93.6596,94.7222,93.4286,94.1216,26180792
20180621,94.311,94.6667,93.2069,93.4471,23198188
20180622,92.7726,93.1053,92.0474,92.7726,38923105
20180625,92.3938,92.4955,89.8992,90.9063,35433333
20180626,91.3036,92.4677,91.2389,91.5438,26897244
20180627,92.0058,92.4123,89.9916,90.1209,31298386
20180628,89.9731,91.5715,89.8622,91.128,26650671
20180629,91.4052,92.3107,90.8509,91.1096,28053214
20180702,90.6383,92.4493,90.546,92.4031,19564521
20180703,92.8373,92.9759,91.4145,91.5161,14670275
20180705,91.9319,92.3199,91.4975,92.1721,18977402
20180706,92.2876,93.7151,92.0889,93.4656,19234627
20180709,93.9139,94.4727,93.5497,94.1031,18211980
20180710,94.2417,94.7129,94.1124,94.3526,19293140
20180711,93.4564,94.5558,93.4102,94.2232,19644648
20180712,94.9531,96.4684,94.9162,96.2651,24335929
20180713,96.4314,97.5679,96.1727,97.4108,24653500
20180716,97.3831,97.7711,96.5654,96.9304,21786912
20180717,96.6532,98.3994,96.3852,97.8913,25901726
20180718,97.882,97.9837,96.7502,97.1244,29493927
20180719,96.9488,97.2999,95.9879,96.4592,40171646
20180720,99.8592,99.9701,98.0114,98.1869,56038827
20180723,98.2146,99.9147,98.0576,99.7576,29706955
20180724,100.312,100.543,99.1016,99.4712,26316619
20180725,99.7438,102.6957,99.4158,102.4001,30798058
20180726,102.3169,102.5571,101.1712,101.2821,31372110
20180727,101.7995,101.7995,98.0668,99.4897,37005292
20180730,99.0369,99.3511,96.7918,97.3554,34668327
20180731,98.3902,98.6027,97.3646,98.0114,27655152
20180801,97.9652,98.3495,97.4016,98.1962,23628699
20180802,97.3831,99.8685,96.8657,99.388,26104258
20180803,99.6005,99.8315,98.6951,99.8223,18659599
20180806,99.8962,100.1734,99.3779,99.9054,20265947
20180807,100.3027,100.8017,99.9424,100.5984,16080214
20180808,101.0142,101.4022,100.4874,101.162,15487502
20180809,101.3653,101.781,101.2636,101.3283,13677211
20180810,101.0973,101.3468,100.1364,100.7093,18183724
20180813,100.931,101.2452,99.8777,99.9794,18474884
20180814,100.3027,101.4022,99.8223,101.2267,16788314
20180815,100.6239,101.083,99.0749,99.854,29982806
20180816,100.4476,100.967,99.5201,99.8355,21384289
20180817,99.5758,100.0766,98.9544,99.7798,18061512
20180820,99.7149,100.0766,98.7596,99.1213,17914201
20180821,99.1677,99.5665,98.1753,98.2958,22881861
20180822,98.1753,99.5572,98.1103,99.2975,18000639
20180823,99.381,100.3363,99.1213,99.7613,18167723
20180824,99.8633,100.6888,99.7613,100.5404,17234020
20180827,101.3473,101.6905,100.6424,101.6534,19662331
20180828,101.9687,102.4881,101.8296,102.2655,19151528
20180829,102.4417,103.9072,102.2748,103.8979,20818044
20180830,103.5733,104.4451,103.36,103.833,22798702
20180831,103.5872,104.6,103.4295,104.1854,23222713
20180904,102.8127,103.8376,102.2284,103.6104,22634641
20180905,102.9611,103.3414,100.2621,100.6239,32872352
20180906,100.4013,101.0876,99.7149,100.8557,23477624
20180907,100.3827,100.8416,99.4552,100.3642,22498646
20180910,100.9485,101.6905,100.5033,101.4493,20727906
20180911,101.0041,103.4991,100.9949,103.1745,24301774
20180912,103.3507,103.7402,102.4974,103.6104,18891064
20180913,103.9907,105.4793,103.9907,104.7234,26055620
20180914,105.1408,105.4839,104.2875,105.15,19122349
20180917,105.4468,105.4561,103.7495,104.0092,20736516
20180918,104.0556,105.4515,103.6197,105.0016,22170934
20180919,104.8532,105.1037,102.9843,103.6011,21728429
20180920,104.1391,105.5488,103.8144,105.3355,23714512
20180921,105.7343,106.9308,105.2799,105.9755,71229698
20180924,104.8347,106.5691,104.0811,106.3558,27334460
20180925,106.4763,106.7546,105.5025,106.1517,22668014
20180926,106.1703,106.7129,105.4932,105.7158,19352025
20180927,106.4578,106.5784,105.9198,106.1146,19091299
20180928,105.9106,106.263,105.4376,106.0775,21647811
20181001,106.43,107.2925,106.4114,107.2276,18883079
20181002,106.9401,107.4409,106.1424,106.801,20787239
20181003,107.0514,107.7563,106.5969,106.8195,16648018
20181004,106.3001,106.4381,103.5362,104.6121,34821717
20181005,104.4637,104.9645,102.618,103.9999,29068859
20181008,103.564,103.9072,101.4122,102.8127,29640588
20181009,103.0817,104.8811,102.7664,104.1205,26198594
20181010,103.1745,103.4156,98.1196,98.4628,61376315
20181011,97.7115,101.032,96.6449,98.2309,63904282
20181012,101.1062,103.1745,99.3532,101.6255,47742109
20181015,101.0134,101.5421,99.1925,99.7984,32068103
20181016,101.5977,103.3321,101.0505,102.9519,31610164
20181017,103.5826,103.7031,101.6053,102.6829,26548243
20181018,102.1171,102.5159,100.0117,100.6331,32506192
20181019,101.032,102.822,100.3642,100.7815,32785475
20181022,101.3937,102.5252,100.392,101.6812,26545607
20181023,99.9561,101.0691,97.4889,100.2621,43770429
20181024,100.5497,100.6239,94.2242,94.9012,63897759
20181025,98.8245,101.3473,98.4535,100.4476,61646819
20181026,98.0269,100.865,97.1643,99.2048,55523104
20181029,100.2668,100.8186,94.2612,96.3203,55162001
20181030,96.1441,96.8119,92.8515,96.209,65350878
20181031,97.7904,100.2992,97.7486,99.0657,51062383
20181101,99.2883,99.5387,97.8785,98.2402,33384201
20181102,98.7596,99.5387,97.3637,98.4628,37680194
20181105,98.6576,99.9282,98.2216,99.7149,27922144
20181106,99.5943,100.9485,98.5741,99.9097,24340248
20181107,101.505,104.102,101.4679,103.8423,37901704
20181108,103.6939,104.0741,102.8684,103.6475,25644105
20181109,102.8127,103.3692,100.8743,101.6255,32039223
20181112,101.4864,101.9873,98.4071,99.1213,33621807
20181113,99.752,100.8557,98.908,99.1862,35374583
20181114,100.6952,100.8443,97.3139,97.7796,39495141
20181115,97.7983,100.4158,96.7922,99.9314,38505165
20181116,99.7451,101.4218,99.4843,100.8722,33502121
20181119,100.8536,101.1237,96.4569,97.4536,44773899
20181120,94.8268,95.9166,92.5472,94.7429,64052457
20181121,96.5035,97.2766,95.2366,96.047,28130621
20181123,95.1714,96.699,95.0131,96.0098,13823099
20181126,97.612,99.3259,97.4163,99.1769,32336165
20181127,98.9906,99.978,98.1429,99.801,29124486
20181128,100.4996,103.704,100.4717,103.5084,46788461
20181129,102.7725,103.5037,101.5615,102.6421,28123195
20181130,103.1171,103.3686,101.8689,103.2941,33665624
20181203,105.2596,105.6508,103.1451,104.4119,34732772
20181204,104.2722,104.9217,100.7991,101.0865,45196984
20181206,98.5714,101.7571,97.8076,101.7106,49107431
20181207,100.956,101.9527,97.1555,97.6399,45044937
20181210,97.6213,100.5834,96.7736,100.2202,40801525
20181211,102.2788,103.35,100.0804,101.1517,42381947
20181212,103.2941,103.6481,101.5708,101.6081,36183020
20181213,102.0738,103.2755,101.1889,101.9527,31333362
20181214,100.8349,101.7758,98.2733,98.767,47043136
20181217,98.1895,98.5528,94.7429,95.8421,56957314
20181218,96.6432,97.3511,95.4974,96.8481,49319196
20181219,96.55,99.5588,94.4076,96.5873,68198186
20181220,95.9911,97.1648,92.0136,94.5566,70334184
20181221,94.6684,95.9446,90.7841,91.5013,111242070
20181224,90.989,91.2591,87.5424,87.6822,43935192
20181226,88.623,93.7928,87.5238,93.6717,51634793
20181227,92.498,94.2586,89.7967,94.2492,49498509
20181228,95.0969,95.395,92.7029,93.5134,38169312
20181231,94.3517,95.3857,93.5599,94.6125,33173765
20190102,92.7309,94.7802,92.1627,94.1933,35329345
20190103,93.2432,93.3224,90.5419,90.7282,42578410
20190104,92.8892,95.4881,92.1534,94.9479,44060620
20190107,94.6777,96.1943,94.0629,95.069,35656136
20190108,95.9818,96.8481,94.7461,95.7583,31514415
20190109,96.7457,97.6958,96.1723,97.1276,32280840
20190110,96.1495,96.6432,95.367,96.5035,30067556
20190111,96.1216,96.3544,94.6777,95.7583,28314202
20190114,94.9199,95.825,94.3238,95.0596,28437079
20190115,95.4881,97.8541,94.9013,97.8169,31587616
20190116,98.0498,98.9766,97.7703,98.1615,29853865
20190117,97.8076,99.3213,97.584,98.8509,28393015
20190118,100.0991,100.5089,98.6552,100.3319,37427587
20190122,99.4377,99.7637,97.6772,98.441,32371253
20190123,98.8509,99.7078,98.1243,99.4004,25874294
20190124,99.5402,99.6706,98.1243,98.9254,23164838
20190125,99.8941,100.4903,99.2887,99.8289,31218193
20190128,98.9813,99.1862,97.4909,97.8821,29476719
20190129,97.6958,97.7796,95.1714,95.8887,31490547
20190130,97.4536,99.093,97.1835,99.093,49471866
20190131,96.6898,98.0125,96.1122,97.2766,55636391
20190201,96.6665,96.9691,95.3391,95.7396,35535690
20190204,95.8235,98.5528,95.7303,98.4969,31315282
20190205,98.795,99.9221,98.7018,99.8755,27325365
20190206,99.6706,99.6706,98.3013,98.767,20609759
20190207,97.9799,98.3572,97.1462,98.0591,29760697
20190208,97.2394,98.5341,97.1185,98.4317,21461093
20190211,98.9254,99.2793,97.775,98.0404,18914123
20190212,98.8695,99.801,98.2547,99.5681,25056595
20190213,100.1363,100.3971,99.4004,99.4936,18394869
20190214,99.0278,99.9407,98.4224,99.5774,21784703
20190215,100.5182,100.8815,100.0081,100.807,26606886
20190219,100.4065,101.2169,100.3971,100.7604,18038460
20190220,100.9008,100.9756,99.4321,100.2366,21607671
20190221,100.0027,102.4163,99.9747,102.3508,29063231
20190222,102.9495,104.0253,102.7343,103.8101,27763218
20190225,104.5492,104.9421,104.0814,104.3901,23750599
20190226,104.0814,105.9337,103.9972,105.1104,21536733
20190227,104.4837,105.1104,103.7259,104.9327,21487062
20190228,104.8111,105.5969,104.5211,104.8017,29083934
20190301,105.6063,105.7279,104.4603,105.2695,23501169
20190304,105.7279,105.943,103.6511,105.0169,26608014
20190305,105.0075,105.1385,104.0534,104.493,19538318
20190306,104.6521,105.3911,104.2405,104.5398,17686996
20190307,104.2124,104.3527,102.7764,103.2676,25338954
20190308,102.1169,103.5669,101.7801,103.3798,22818430
20190311,103.8288,105.6624,103.8195,105.5501,26491618
20190312,105.5408,106.6353,105.3816,106.2892,26132717
20190313,106.7662,107.5801,106.4388,107.1124,35513771
20190314,107.1498,107.7672,106.9533,107.1966,30763367
20190315,107.8982,109.6849,107.1966,108.4314,54630661
20190318,108.6746,110.0217,108.5624,109.9843,31207596
20190319,110.4707,110.7982,109.4417,110.0591,37588697
20190320,109.8159,111.0882,109.1798,109.9375,28113343
20190321,109.5774,113.0246,109.5353,112.4633,29854446
20190322,111.7898,111.874,109.4885,109.4978,33624528
20190325,109.0395,110.3959,108.8172,110.0685,27067117
20190326,110.9666,111.0461,109.3108,110.3024,26097665
20190327,110.2696,110.583,108.068,109.2359,22733427
20190328,109.8627,109.9937,108.6372,109.3856,18334755
20190329,110.452,110.6859,109.4137,110.3304,25399752
20190401,111.2753,111.4235,110.4801,111.3407,22789103
20190402,111.3782,111.7711,110.873,111.4998,18142297
20190403,112.1265,112.6598,111.4624,112.2294,22860744
20190404,112.3511,112.4727,110.742,111.6588,20112848
20190405,111.6869,112.4727,111.6682,112.1546,15826245
20190408,112.0798,112.2762,110.9853,112.192,15116186
20190409,110.9759,111.8272,110.9291,111.584,17611981
20190410,112.033,112.5849,111.8272,112.4353,16477169
20190411,112.7627,113.0527,112.1827,112.5662,14209121
20190412,112.8562,113.1743,112.6036,113.1462,19745143
20190415,113.1369,113.7356,112.7907,113.2398,15792572
20190416,113.7917,113.8011,112.3511,112.9778,14071787
20190417,113.4175,113.9881,112.7627,113.9133,19300938
20190418,114.3062,115.5504,113.4753,115.4101,27990998
20190422,114.7085,115.9994,114.6617,115.7749,15648724
20190423,116.093,117.4775,115.8404,117.3465,24025521
20190424,117.6739,117.7301,116.4859,116.9443,31256980
20190425,121.6684,122.8939,120.5178,120.8171,38033892
20190426,121.3317,122.0943,120.6955,121.5094,23654933
20190429,121.5188,121.7807,121.0042,121.3971,16324183
20190430,121.4346,122.2671,121.0461,122.1736,24166503
20190501,122.1081,122.2204,119.4607,119.6291,26821692
20190502,119.7226,119.7413,117.4214,118.0668,27350161
20190503,119.1426,121.0791,119.0397,120.5833,24911126
20190506,118.2352,120.2652,117.9733,119.8817,24239464
20190507,118.3007,118.9743,116.2052,117.4214,36017661
20190508,117.3465,118.2165,116.701,117.412,28418996
20190509,116.2707,117.6739,115.5972,117.4026,27235835
20190510,116.8507,119.6759,115.831,118.9275,30915084
20190513,116.1023,117.4494,115.1014,115.3914,33944923
20190514,115.8778,117.7581,115.7188,116.6823,25266315
20190515,116.6729,118.9734,116.1471,118.3255,24722708
20190516,119.0109,121.4803,118.7386,121.0578,30112216
20190517,120.471,122.4944,120.1095,120.2503,25770539
20190520,118.795,119.7991,118.082,118.5133,23706934
20190521,119.6494,119.7407,118.8513,119.1517,15293260
20190522,118.8888,120.4099,118.795,119.8747,15396485
20190523,118.4945,118.579,117.1236,118.4757,23603810
20190524,119.1611,119.6353,118.2785,118.532,14123358
20190528,119.2269,120.1846,118.3536,118.4569,23128359
20190529,117.7246,117.7339,116.4664,117.3114,22763140
20190530,117.6119,118.0814,117.1612,118.0532,16829613
20190531,116.6448,117.0063,115.7903,116.1284,26646769
20190603,116.288,116.7762,111.7435,112.5228,37983637
20190604,113.8749,115.7528,113.2854,115.6401,29382642
20190605,117.3208,118.1846,116.626,118.1471,24926140
20190606,118.7198,120.1564,117.9311,120.0156,21458961
20190607,121.3019,124.1751,120.4287,123.377,33885588
20190610,124.3159,125.8934,123.9404,124.5037,26477098
20190611,125.7056,126.0436,123.2603,124.0342,23913731
20190612,123.377,123.9122,122.7291,123.4615,17092464
20190613,123.9216,124.5694,123.5272,124.2408,17200848
20190614,124.1845,125.6211,123.6023,124.3629,17821703
20190617,124.5319,125.5647,124.438,124.7385,14517785
20190618,125.9966,126.9825,125.4145,126.9074,25934458
20190619,126.7572,127.6304,125.6398,127.4051,23744441
20190620,129.0576,129.2548,127.4332,128.5881,33042592
20190621,128.2407,129.3205,128.128,128.6069,36727892
20190624,128.6351,129.9496,128.6351,129.3674,20628841
20190625,128.8698,129.189,124.6258,125.283,33327420
20190626,126.1469,127.452,125.4427,125.7525,23657745
20190627,125.9497,126.4849,125.3582,125.9591,16557482
20190628,126.3534,126.3816,125.0256,125.7807,30042969
20190701,128.2877,128.3534,126.729,127.3957,22654160
20190702,127.8088,128.2501,127.0764,128.2407,15237843
20190703,128.4473,129.3299,127.9731,129.067,13629296
20190705,127.6398,128.9449,127.4332,128.6914,18141140
20190708,128.0717,128.729,127.1047,128.5975,16779748
20190709,127.6961,128.6069,127.5083,128.128,19953097
20190710,128.7571,130.1186,128.6538,129.4332,24204362
20190711,129.7618,130.7195,129.4519,129.9496,22327942
20190712,130.3721,130.635,129.5833,130.4191,18936832
20190715,130.9261,131.02,130.0059,130.4191,16651457
20190716,130.4754,130.5599,128.1844,128.7102,22726128
20190717,129.2923,129.5083,127.9027,127.9496,20210956
20190718,127.2736,128.2783,126.4473,128.0905,30808707
20190719,131.6585,132.081,128.1186,128.2783,48992364
20190722,129.02,130.6913,128.9449,129.9778,25080760
20190723,131.2265,131.4425,129.6022,130.7852,18034589
20190724,130.4191,132.1467,130.3721,132.1279,20738275
20190725,131.8556,132.0246,130.8148,131.6303,18356883
20190726,131.7993,133.0246,131.7336,132.7101,19037600
20190729,132.8603,132.8697,130.8569,132.419,16605870
20190730,131.5833,132.5973,131.2646,131.7805,16846528
20190731,131.7617,131.912,126.8323,127.9496,38598786
20190801,128.6351,132.3329,128.5693,129.6303,40557502
20190802,129.6585,129.8745,127.0013,128.5412,30791624
20190805,125.161,125.7523,122.7948,124.1375,42749551
20190806,125.6305,127.3957,125.0765,126.4661,32696651
20190807,125.6211,127.3675,123.7792,127.0201,33414539
20190808,128.2595,130.5036,127.6304,130.4097,27496508
20190809,130.1468,130.8697,128.128,129.3017,23466701
20190812,128.7008,129.4426,126.9825,127.4989,20484348
20190813,127.7431,130.3252,126.7572,130.1374,25496593
20190814,128.4605,128.9881,125.9263,126.2184,32527251
20190815,126.6046,126.7836,124.5886,125.9358,28125416
20190816,127.0662,128.5547,126.9155,128.2438,25026151
20190819,129.8689,130.5236,128.9551,130.3917,24370543
20190820,130.2033,130.6744,129.2895,129.3084,21188998
20190821,130.5236,131.4125,130.0055,130.7497,14982314
20190822,130.6273,131.136,128.3946,129.7982,18709662
20190823,129.2421,130.3352,125.1067,125.6626,38515386
20190826,127.1699,127.7068,126.143,127.6032,20325271
20190827,128.4888,128.7996,126.859,127.8764,23115635
20190828,127.0662,127.8953,125.8133,127.7068,17410828
20190829,129.2989,130.42,128.9786,130.1185,20179716
20190830,131.0889,131.1171,128.3757,129.8736,23946123
20190903,128.696,129.2518,127.8387,128.159,18880773
20190904,129.346,129.7135,128.5736,129.6569,18015310
20190905,131.0512,132.2511,130.7215,131.9367,26119520
20190906,131.9179,132.0592,130.1939,131.0418,20824504
20190909,131.5034,131.6541,128.5547,129.5533,25773932
20190910,128.875,128.9562,126.7177,128.1967,28903378
20190911,128.0366,128.3757,127.2641,128.2344,24726117
20190912,129.8642,130.4012,128.941,129.5533,27009981
20190913,129.7982,130.062,128.6583,129.3649,23363057
20190916,127.9612,128.7808,127.8011,128.4322,16731440
20190917,129.0257,129.5533,128.5217,129.4308,17976285
20190918,129.4026,130.6367,128.6206,130.4954,24473386
20190919,132.1723,134.1223,131.959,132.8976,36095413
20190920,132.8411,133.444,130.241,131.3621,40040766
20190923,131.1642,131.5411,130.42,131.0795,17408374
20190924,132.2288,132.5397,128.9504,129.4214,30016670
20190925,129.5345,131.8501,128.1496,131.2867,22544054
20190926,131.3621,132.0592,130.42,131.4563,17813512
20190927,132.0309,132.2288,128.729,129.7511,22498958
20190930,130.0526,131.1501,129.7982,130.9758,18430390
20191001,131.5693,132.1252,129.0634,129.1294,22581929
20191002,128.3569,128.4699,125.8415,126.8496,32001763
20191003,127.1322,128.8279,125.5024,128.3851,26379798
20191004,128.8279,130.241,128.517,130.1185,23839548
20191007,129.1953,130.1751,129.0823,129.1765,16601284
20191008,129.1388,129.7794,127.7634,127.8105,26783336
20191009,129.4968,130.6649,129.0352,130.2316,20178482
20191010,130.4671,131.5787,130.241,131.0418,18396605
20191011,132.0027,132.86,131.4186,131.5882,25551065
20191014,131.5976,132.1628,131.4374,131.4657,13591639
20191015,131.9462,133.5759,131.7106,133.3734,19917762
20191016,132.6339,132.8223,131.4469,132.2759,20841687
20191017,132.7846,133.2274,130.9664,131.5976,22102797
20191018,131.6635,131.8896,128.6489,129.4497,32284428
20191021,130.4294,130.4765,129.0728,130.4106,20716039
20191022,130.9193,131.8991,128.3663,128.4699,27935270
20191023,128.9504,129.4874,127.754,129.2895,31380309
20191024,131.315,132.2853,130.6367,131.8331,37278399
20191025,131.2679,132.9636,131.136,132.5773,25959724
20191028,136.0347,137.2312,135.1963,135.8369,35280137
20191029,135.7333,136.1289,134.3861,134.5557,20589469
20191030,135.2057,136.6,134.518,136.2326,18496591
20191031,136.5058,136.534,134.7064,135.0644,24605135
20191101,135.9028,136.0536,134.6829,135.3941,33128366
20191104,136.4398,136.6,135.8086,136.176,16911999
20191105,136.5717,136.6188,135.5684,136.0913,18250172
20191106,136.0065,136.1478,134.9043,135.7144,16575798
20191107,135.5072,136.4869,135.4412,135.9028,17786715
20191108,135.6391,137.5326,135.4318,137.5044,16752939
20191111,136.9203,137.9377,136.3456,137.6457,14370178
20191112,137.8058,139.0211,137.5986,138.5501,18648712
20191113,138.2392,138.9198,137.8058,138.7762,17444230
20191114,138.503,139.8124,138.4841,139.4827,19755100
20191115,140.3023,141.3009,139.6805,141.2821,23508807
20191118,141.3763,141.8285,140.3494,141.6306,21554762
20191119,142.1393,142.5633,141.494,141.6777,23960164
20191120,142.0842,142.5852,140.3354,141.4319,25720060
20191121,141.224,141.6021,140.3742,141.2996,18576083
20191122,141.8573,142.0747,140.6757,141.4036,15841680
20191125,141.7911,143.0673,141.7155,142.9538,22428585
20191126,143.0767,144.0787,143.0389,143.71,24635100
20191127,143.9936,144.1543,143.228,143.9842,15201293
20191129,143.7762,143.9653,143.0011,143.0956,11977300
20191202,143.5021,143.521,140.2031,141.3658,27473616
20191203,139.4185,141.2523,138.6245,141.1389,25192145
20191204,141.9235,141.9612,141.0349,141.6493,17580617
20191205,141.8384,142.0936,141.2996,141.725,17880601
20191206,142.727,143.5588,142.0464,143.4454,16410400
20191209,142.8026,143.8802,142.6513,143.0767,16741350
20191210,143.0105,143.5777,142.5143,142.8593,16481060
20191211,143.2469,143.5588,142.1031,143.3981,18860001
20191212,143.3508,145.0429,142.7553,144.8538,24645366
20191213,144.6303,146.4135,144.4663,146.0732,23850062
20191216,146.6215,147.3683,146.3474,147.0185,24152770
20191217,146.9429,147.1887,145.9976,146.2245,25443527
20191218,145.8558,146.9712,145.7424,145.922,24132379
20191219,145.5722,147.2454,145.3359,147.1887,25813825
20191220,148.7389,149.8165,147.7369,148.7956,53599613
20191223,149.4668,149.4668,148.6633,148.7956,17726283
20191224,148.8618,149.0792,148.5168,148.7673,8989150
20191226,148.9374,150.0434,148.7862,149.9867,14526927
20191227,150.724,150.8185,149.5613,150.2608,18414352
20191230,150.2858,150.3175,148.1528,148.9658,16356720
20191231,148.1906,149.1359,147.8882,149.0697,18393383
20200102,150.0906,151.9339,149.6653,151.8299,22634546
20200103,149.6558,151.1919,149.41,149.9394,21121681
20200106,148.4837,150.3931,147.9449,150.327,20826702
20200107,150.6011,150.9319,148.7105,148.9563,21881740
20200108,150.2324,152.0001,149.3052,151.329,27762026
20200109,152.9785,153.3377,152.2175,153.2195,21399951
20200110,153.9129,154.2877,152.3593,152.5105,20733946
20200113,152.9076,154.3727,152.4349,154.3444,21637007
20200114,154.4484,154.6469,152.8697,153.2573,23500783
20200115,153.7205,154.9683,153.6732,154.2498,21417871
20200116,155.3558,157.1424,155.0533,157.0762,23865360
20200117,158.2578,158.3027,156.3767,157.9553,34371659
20200121,157.5583,158.9857,157.322,157.3882,29517191
20200122,158.2389,158.324,156.613,156.6319,24138777
20200123,157.0951,157.6717,156.2255,157.5961,19680766
20200124,158.3429,158.3618,155.4503,156.0081,24918117
20200127,152.3309,154.4342,151.4329,153.3991,32078067
20200128,154.817,156.6839,154.1487,156.4051,24899940
20200129,158.6548,159.515,156.6225,158.8439,35127771
20200130,164.525,164.525,161.4434,163.3245,51597470
20200131,162.7857,162.9653,160.2996,160.914,36142690
20200203,161.1031,164.9504,161.0747,164.8369,30149052
20200204,167.4459,170.7543,166.6613,170.2628,36433339
20200205,173.9588,174.1195,168.6465,170.0548,39186324
20200206,171.0663,173.7602,170.2051,173.5807,27751381
20200207,172.8387,175.4713,172.4936,173.8265,33529074
20200210,173.5334,178.5056,173.2215,178.3732,35844267
20200211,180.2165,180.2638,173.4578,174.3464,53159906
20200212,175.424,175.6792,171.8981,174.6016,47062921
20200213,173.0608,176.0384,172.8642,173.6563,35295834
20200214,173.2215,175.2633,172.6543,175.2066,23149516
20200218,175.4476,177.428,175.3484,176.9837,27853113
20200219,178.2538,178.3676,176.7467,177.5145,29997471
20200220,177.2017,177.4861,171.6568,174.8036,36862376
20200221,173.6188,173.9316,168.0075,169.2776,48600385
20200224,159.0218,165.4483,154.7186,161.9791,68311066
20200225,165.1165,165.7232,158.9045,159.3062,68073295
20200226,160.8607,164.2256,159.4389,161.2967,56387148
20200227,154.8039,158.3204,149.7423,149.9319,93174906
20200228,144.4628,155.1735,144.0741,153.5622,97073557
20200302,156.6901,163.9033,153.8465,163.7801,71030810
20200303,164.7374,165.8748,153.7991,155.9318,71677019
20200304,159.6996,161.7991,156.9839,161.6569,49814383
20200305,157.3868,161.9602,157.0503,157.6,47817251
20200306,154.1309,154.6048,147.8656,153.1451,72821057
20200309,143.1263,149.5243,142.1784,142.7661,70419274
20200310,149.9129,152.6333,144.6239,152.529,65354385
20200311,148.9366,149.4769,143.2685,145.6191,56504304
20200312,137.7235,145.4675,131.3539,131.8089,93226366
20200313,139.8088,153.4674,133.3918,150.548,92727446
20200316,132.6999,141.5623,127.9606,128.3587,87905868
20200317,132.6999,139.8086,127.9606,138.9273,81059817
20200318,130.8042,138.387,127.9795,133.079,81593173
20200319,135.3254,142.3206,131.752,135.2686,85922661
20200320,138.387,139.4296,128.7757,130.188,84866215
20200323,129.8658,133.2401,125.6099,128.8895,78975176
20200324,136.2543,141.7993,133.9036,140.605,82516727
20200325,141.1453,146.2826,136.9083,139.259,75638224
20200326,140.6619,148.4912,140.6334,147.9698,64694427
20200327,143.8372,146.8134,141.4201,141.8941,57042291
20200330,144.4912,152.2257,142.1879,151.875,63420326
20200331,151.0883,156.1877,148.3964,149.4864,77927186
20200401,145.022,149.5243,142.9557,144.1784,57969926
20200402,143.9414,147.3727,142.5197,147.1642,49630735
20200403,147.0125,149.1736,144.2542,145.8087,41243284
20200406,151.9603,157.8181,149.3632,156.6522,67111697
20200407,160.7422,161.1356,154.747,154.965,62769038
20200408,157.0313,157.9792,154.9745,156.5195,48318234
20200409,157.6854,158.6427,154.8134,156.529,51431775
20200413,155.7802,156.9365,153.8371,156.8797,41905264
20200414,160.1877,164.69,159.2398,164.6426,52874338
20200415,162.273,164.5194,160.4152,162.9175,40940833
20200416,165.2113,168.0359,163.8843,167.8085,50479610
20200417,170.1402,170.6141,166.6995,169.2871,52765625
20200420,167.4198,169.4293,165.8654,165.9317,36669595
20200421,164.453,164.6141,157.4486,159.0692,56203749
20200422,162.4531,164.927,161.9128,164.472,34651604
20200423,165.0312,165.9317,161.9981,162.4815,32790804
20200424,163.0881,165.4578,161.8085,165.4483,34305320
20200427,167.3819,167.6758,164.2635,164.9744,33194384
20200428,166.4341,166.5099,160.5574,160.9555,34392694
20200429,164.1876,168.4151,162.9175,168.1781,51286559
20200430,170.6141,170.9933,167.0407,169.8653,53875857
20200501,166.6331,169.325,164.9365,165.4673,39370474
20200504,165.3914,169.6663,164.7374,169.5146,30372862
20200505,171.2018,174.0738,170.5193,171.3345,36839168
20200506,172.5857,174.5951,172.1597,173.0217,32139299
20200507,174.5667,174.9269,173.0596,174.0264,28315992
20200508,175.3342,175.3534,173.7989,175.0501,30912638
20200511,173.5999,177.7325,173.3155,177.0027,30892660
20200512,177.0595,177.287,172.7942,172.9932,32038199
20200513,173.0311,174.4529,167.3345,170.3772,44711488
20200514,168.2824,171.2681,166.5194,171.1165,41873911
20200515,169.7231,177.306,167.7705,173.6093,46610382
20200518,176.0643,176.4908,174.3676,175.2681,35306620
20200519,175.3818,176.87,173.9221,174.0548,26799116
20200520,175.6611,176.6496,174.8342,176.469,31261334
20200521,176.2219,177.429,174.2164,174.3494,29119513
20200522,174.1213,175.3284,173.5035,174.4255,20826898
20200526,177.1154,177.2675,172.1348,172.5815,36073609
20200527,171.2793,172.9785,167.8575,172.8096,39517146
20200528,171.7926,175.0313,171.4504,172.4199,33831824
20200529,173.6841,175.1478,171.4789,174.1783,42146720
20200601,173.5035,173.9407,172.477,173.7791,22668821
20200602,175.1288,175.8417,172.3724,175.7562,30794585
20200603,175.6659,176.7352,174.492,176.1839,27311016
20200604,175.1764,176.6401,173.2754,173.8647,28761809
20200605,173.5795,178.4366,172.9997,177.9328,39893643
20200608,176.7352,179.216,175.3094,179.0354,33211590
20200609,178.6932,181.2595,177.9903,180.4041,29783916
20200610,181.6635,188.6924,181.5542,187.0956,43872329
20200611,183.5692,186.069,176.8587,177.0488,52854672
20200612,181.1075,182.229,176.0128,178.4461,43373587
20200615,175.4425,181.3736,174.9007,179.5867,32770189
20200616,183.3411,185.898,181.9819,183.9875,42556656
20200617,185.3752,186.6013,184.1015,184.6243,25687822
20200618,184.3962,186.7629,184.3962,186.6013,23061648
20200619,188.7589,189.4243,184.7479,185.4892,44441141
20200622,186.0976,190.8215,185.5654,190.6409,32818929
20200623,192.0857,193.8536,191.4536,191.9146,30917447
20200624,191.624,193.1883,186.8294,188.0461,36740647
20200625,188.0081,190.6789,185.791,190.4223,27803933
20200626,189.8425,189.9946,185.2326,186.6108,54675780
20200629,186.0881,188.7019,183.9684,188.6164,26701586
20200630,188.0856,194.2813,187.951,193.4354,34310283
20200701,193.0837,196.1348,191.7815,194.5665,32061206
20200702,195.498,197.7221,194.8516,196.0492,29315762
20200706,198.4953,200.6782,197.7887,200.2694,31897629
20200707,200.0318,204.0429,197.6936,197.9407,33600732
20200708,199.6706,202.7027,198.359,202.294,33600025
20200709,205.6207,205.6683,201.0013,203.7102,33121681
20200710,203.0449,203.4821,200.6306,203.0924,26177633
20200713,203.8623,205.117,196.2774,196.8191,38135606
20200714,195.9257,198.511,192.0286,198.0358,37591820
20200715,199.1859,200.8683,194.8801,197.7411,32179409
20200716,195.2318,195.517,192.2948,193.8251,29940653
20200717,194.3479,194.8896,191.4203,192.8366,31635281
20200720,194.8516,201.7902,192.9601,201.1249,36884836
20200721,203.0829,203.3491,197.7316,198.416,38105777
20200722,198.8437,201.7902,198.0738,201.2675,49605692
20200723,196.9332,200.4786,192.1427,192.5134,67457035
20200724,190.4984,192.8176,187.7324,191.3348,39826989
20200727,191.4964,193.8726,190.9166,193.7586,30160867
20200728,193.5304,194.5665,191.753,192.0191,23251388
20200729,192.4754,194.5189,192.0096,193.9582,19632602
20200730,191.0496,194.3384,189.6904,193.8061,25079596
20200731,194.2813,194.9467,189.1582,194.8611,51247969
20200803,201.0489,206.8659,200.0223,205.8203,78983009
20200804,203.5677,204.138,199.8988,202.7312,49280056
20200805,204.2615,204.3566,201.0964,202.3986,28858621
20200806,201.8283,205.6592,201.0774,205.6397,32656843
20200807,204.214,205.0219,200.4881,201.9613,27820421
20200810,201.1914,201.391,196.1348,197.9407,36716462
20200811,196.8999,197.3704,193.0837,193.3118,36446459
20200812,195.1273,199.8702,194.614,198.8342,28041364
20200813,199.0718,200.8873,197.8457,198.3685,22588870
20200814,198.4255,199.2144,197.2374,198.5586,17958936
20200817,199.2239,200.7327,198.5728,199.8702,20184757
20200818,200.1079,201.8473,198.8532,201.0203,21336167
20200819,201.5062,202.0874,199.3719,199.8007,27627561
20200820,199.6482,204.8505,199.048,204.4503,26981478
20200821,203.7643,206.0415,202.802,202.9639,36249319
20200824,204.6504,205.3459,202.4018,203.6023,25460147
20200825,203.0402,206.3845,203.0402,206.2511,23043696
20200826,207.5945,211.6058,207.0991,210.7102,39600828
20200827,212.368,220.2381,209.0428,215.8838,57602195
20200828,217.4083,219.756,215.8838,218.1038,26292896
20200831,216.284,217.9037,213.721,214.8834,28774156
20200901,214.8643,216.7127,213.8353,216.5412,25791235
20200902,217.2082,221.8674,216.6175,220.7145,34080839
20200903,218.4468,218.4849,204.8126,207.0419,58400288
20200904,204.9458,208.0518,195.5036,204.1359,59664072
20200908,196.7517,200.1151,192.6547,193.093,52924330
20200909,197.7998,204.6979,196.9423,201.3156,45678986
20200910,203.326,204.6027,194.4746,195.6751,35461514
20200911,197.4187,198.7812,191.74,194.3983,33620073
20200914,194.5984,199.3243,194.3983,195.7132,30375768
20200915,198.5811,199.8769,197.1614,198.9241,21823942
20200916,200.6772,200.7058,194.9795,195.3702,26372464
20200917,190.6062,194.6842,190.5205,193.3312,34011257
20200918,193.2264,194.0363,186.9856,190.9302,55225326
20200921,187.8812,193.1406,187.1095,192.9787,39839657
20200922,195.3797,198.2762,192.5356,197.6283,33517065
20200923,198.0856,198.2762,190.5872,191.1207,30803780
20200924,190.4157,195.8656,189.7963,193.598,31202493
20200925,193.941,199.1718,192.9787,198.0094,29437312
20200928,200.925,202.5352,198.2381,199.5529,32004936
20200929,199.4672,200.1532,197.0471,197.4759,24464472
20200930,197.9237,201.973,196.7898,200.4009,33829088
20201001,203.4118,203.8882,201.3442,202.4304,27158418
20201002,198.1809,201.0298,195.8371,196.4564,33154781
20201005,197.4377,200.4772,197.2091,200.4486,21331561
20201006,198.9622,200.258,195.151,196.1896,28554261
20201007,197.2853,200.1913,196.9613,199.9245,25681054
20201008,200.5724,201.2203,198.4858,200.6391,19925837
20201009,201.2584,205.6699,201.2584,205.6222,26458047
20201012,208.4616,213.2922,206.575,210.9483,40461368
20201013,212.206,214.5785,210.0241,212.3394,28950843
20201014,212.4728,213.6352,208.7855,210.4338,23451713
20201015,206.8513,209.9574,205.8128,209.2905,22733064
20201016,209.7574,211.7963,208.9665,209.2905,26057882
20201019,210.0098,211.8059,203.6309,204.1073,27625841
20201020,205.6127,207.1086,203.0307,204.517,22753511
20201021,203.0592,206.6798,203.0592,204.6599,22724906
20201022,203.831,205.8557,201.7063,204.7457,22351450
20201023,204.8791,206.07,203.0973,206.0224,18879608
20201026,203.7548,206.1271,198.2762,200.1627,37111561
20201027,201.6015,204.5361,200.4,203.1831,36700325
20201028,197.8665,198.9813,192.5594,193.1121,51195593
20201029,194.4364,197.5711,193.7695,195.0558,31432563
20201030,193.8934,194.6461,190.1965,192.912,36980111
20201102,194.6461,195.5893,190.6729,192.7786,30842163
20201103,194.2649,198.2953,193.5313,196.685,27512030
20201104,203.9167,208.0137,202.3908,206.1749,42311777
20201105,211.5581,213.5399,210.7102,212.7491,36080137
20201106,211.7678,213.7686,207.7374,213.1588,25231895
20201109,213.8401,217.3511,207.5945,208.0804,44394950
20201110,204.3741,206.2797,199.8197,201.0488,44045120
20201111,202.3637,207.747,202.1827,206.3273,29440788
20201112,206.9561,208.7665,204.336,205.2697,21616115
20201113,206.1463,207.1562,204.0501,206.2892,18630307
20201116,204.7266,207.4611,204.3931,206.9752,24953344
20201117,205.8985,207.404,203.9739,204.336,24154112
20201118,204.0971,205.5491,201.4987,201.642,28372789
20201119,201.9286,203.5048,200.5434,202.9221,24792746
20201120,202.7119,203.7484,200.6103,200.9829,22843119
20201123,201.5178,202.7979,198.8526,200.7154,25683507
20201124,200.2186,204.6703,199.5213,204.2977,33979731
20201125,205.4918,205.6638,202.9603,204.3073,21012887
20201127,205.2434,206.6,204.4697,205.6065,14512213
20201130,204.527,205.1575,201.408,204.4983,33064753
20201201,204.9186,207.603,203.8105,206.5426,30931318
20201202,205.2721,205.8357,203.2851,205.7402,23724509
20201203,205.0142,206.7009,204.0971,204.6607,25120922
20201204,204.6416,205.7497,203.6481,204.7754,24666039
20201207,204.7849,205.9026,203.4666,204.7085,24619997
20201208,204.4028,207.2495,203.3711,206.3516,23284094
20201209,205.5396,205.6017,201.77,202.3298,32440603
20201210,202.3012,203.5526,200.9542,201.1071,26467017
20201211,200.6581,203.7819,199.7601,203.7245,30979440
20201214,203.5717,206.5426,203.3615,204.6225,28798379
20201215,205.5444,205.788,202.7501,204.5556,27018106
20201216,205.1479,210.2683,205.1193,209.4754,35023253
20201217,210.039,211.0134,208.1762,209.6091,32515784
20201218,208.8162,209.867,206.3611,208.8162,63354922
20201221,207.8227,213.9843,207.5649,212.6374,37181886
20201222,212.7329,215.5414,211.9305,213.927,22643397
20201223,213.1341,213.5629,210.9274,211.1376,18699638
20201224,211.5197,213.6118,211.3095,212.7902,10550572
20201228,214.4142,215.9236,213.0481,214.9014,17933496
20201229,216.191,217.0221,213.5831,214.1276,17403213
20201230,215.1593,215.5414,211.5674,211.7681,20272337
20201231,211.7872,213.029,209.8575,212.475,20942132
20210104,212.5801,213.029,205.2052,207.9565,37130139
20210105,207.5457,208.7493,206.0554,208.1571,23822953
20210106,202.6833,206.81,202.4636,202.7597,35930653
20210107,204.4697,209.5327,204.1544,208.5296,27694480
20210108,208.9022,210.7172,207.3222,209.8002,22956206
20210111,208.7016,209.1219,207.0394,207.7654,23047029
20210112,206.8197,207.3928,203.782,205.3199,23249336
20210113,204.4506,207.068,204.3613,206.6668,20087080
20210114,206.256,207.7367,203.2278,203.4953,29346737
20210115,203.9729,204.9186,202.5495,203.1418,31746512
20210119,204.1926,207.2782,203.1227,206.7624,30480859
20210120,207.966,215.6943,207.5751,214.3091,37777260
20210121,214.653,216.1815,212.475,214.911,30749553
20210122,216.9266,219.7829,215.7038,215.8471,30172663
20210125,218.8754,219.5059,214.1945,219.2671,33152095
20210126,221.4929,223.7091,219.7925,221.9419,49169601
20210127,227.3583,229.6892,219.8498,222.4864,69870638
20210128,225.0752,231.7909,224.5785,228.2468,49111159
20210129,225.4382,227.3774,221.0057,221.5884,42503138
20210201,224.5498,231.6571,222.0374,228.9346,33314193
20210202,230.5108,231.4756,228.0175,228.8008,25916337
20210203,228.8581,234.1313,228.562,232.1348,27158104
20210204,231.81,232.364,229.6224,231.189,25296100
20210205,231.3992,232.4023,229.6701,231.3705,18054752
20210208,232.2781,232.7844,230.0427,231.6285,22211929
20210209,231.0553,233.8161,230.5872,232.8704,23564953
20210210,234.0454,234.9242,230.1191,231.9628,22186706
20210211,233.8352,234.1886,231.3228,233.5582,15751059
20210212,233.0263,234.3319,231.8769,234.0358,16561079
20210216,234.074,235.1248,232.0584,232.8035,26728487
20210217,231.0609,233.9238,230.697,233.8184,21673109
20210218,231.5205,233.5599,230.6204,233.4259,16925563
20210219,233.3876,233.4929,229.9693,230.7258,25262600
20210222,227.3267,227.815,222.5201,224.5404,36446936
20210223,220.5333,224.8468,219.0061,223.3531,30228704
20210224,220.2317,225.2011,219.2646,224.5787,26339746
20210225,222.2137,224.6124,218.1922,219.2551,39542235
20210226,221.6823,225.3638,219.7817,222.5009,37819227
20210301,225.8713,227.3745,223.2382,226.8671,25332837
20210302,226.9341,227.2118,223.5254,223.9276,22812459
20210303,222.2855,223.6498,217.5986,217.8858,34029526
20210304,217.0959,222.6063,214.7261,217.0911,44727785
20210305,219.7592,223.3531,216.8326,221.7541,41872770
20210308,221.5339,223.4441,217.4741,217.7231,35267440
20210309,222.9797,225.3771,221.8211,223.8414,33080531
20210310,226.9245,226.9245,222.1754,222.5392,29746812
20210311,224.9713,229.0023,224.3489,227.049,29907586
20210312,224.0616,225.7947,223.3148,225.7277,22653662
20210315,224.9713,225.1867,221.9552,224.8276,26042669
20210316,226.2351,229.8497,225.9096,227.6043,28092196
20210317,226.1107,228.4086,223.3148,226.9628,29562100
20210318,222.6733,224.234,220.5381,220.9115,34852251
20210319,221.1988,222.5909,219.5994,220.5572,46430730
20210322,220.4806,226.8288,220.3562,225.9575,30127005
20210323,227.3889,230.8024,226.9916,227.4799,31638376
20210324,227.7336,227.882,225.3159,225.45,25620127
20210325,225.2968,226.8671,221.7254,222.4626,34061853
20210326,221.7062,226.6469,221.7062,226.4266,25479853
20210329,226.532,226.733,222.0222,225.2394,25227455
20210330,223.5973,223.9084,221.2754,221.9935,24792012
20210331,223.0084,228.9353,222.5105,225.7468,43623471
20210401,228.332,232.5163,227.93,232.0471,30337982
20210405,232.4397,239.3336,232.3822,238.4814,36910609
20210406,237.0835,238.7974,236.3845,237.3228,22931923
20210407,237.275,240.2623,236.6813,239.2761,22719835
20210408,242.0241,243.3349,241.2868,242.4837,23625197
20210409,242.1199,245.1072,241.7081,244.9732,24326833
20210412,243.8816,246.7158,243.7955,245.0306,27148668
20210413,246.3206,248.1712,245.9115,247.5009,23837469
20210414,246.5291,247.8265,244.3125,244.7242,23070938
20210415,246.9657,248.8797,246.7732,248.468,25627481
20210416,248.4393,249.9042,246.6501,249.6553,24878582
20210419,249.1287,250.3638,246.8604,247.7403,23209260
20210420,246.8594,249.1382,245.9211,247.2807,19722875
20210421,247.9318,249.5978,246.3136,249.5021,24030383
20210422,249.1478,250.6511,244.7721,246.2371,25606152
20210423,246.9169,250.3925,246.3328,250.0479,21499286
20210426,250.5362,251.2782,249.1095,250.4308,19763346
20210427,250.4644,252.0011,249.0616,250.833,31014213
20210428,245.1915,245.6337,242.1965,243.738,46903119
20210429,244.5997,245.2125,238.4144,241.7752,40589023
20210430,239.1229,242.3209,238.9889,241.4592,30945098
20210503,242.6273,243.5369,240.4443,241.1528,19626568
20210504,240.3006,240.5304,235.3121,237.2558,32756052
20210505,238.4718,238.8931,235.3696,235.9919,21901325
20210506,235.9728,239.2378,234.2876,239.1133,26491085
20210507,241.4305,243.4891,240.4921,241.7273,27032912
20210510,240.2049,241.0283,236.6143,236.6718,29299890
20210511,234.1536,236.1164,232.2577,235.7621,33641589
20210512,231.87,233.9908,227.949,228.8395,36684370
20210513,231.5205,235.1589,231.1566,232.6982,29624298
20210514,235.135,238.5867,235.0536,237.6005,23901081
20210517,236.0685,236.1068,233.1673,234.7568,24970168
20210518,235.8004,235.9345,232.5737,232.7461,20167975
20210519,229.6655,233.4275,228.9841,233.3219,25739807
20210520,234.1281,237.9573,234.0321,236.5465,21800716
20210521,237.5878,238.322,234.8766,235.2893,21863058
20210524,237.7989,241.0379,237.535,240.6732,21411547
20210525,241.6224,242.5638,240.7116,241.5753,17704303
20210526,241.297,242.7462,240.6444,241.3546,17771600
20210527,241.0475,241.345,239.2049,239.2625,24426244
20210528,240.8796,241.9208,239.5024,239.6175,18274942
20210601,241.1051,241.1627,237.0072,237.4294,23213310
20210602,238.1252,239.2241,235.9323,237.3335,19406705
20210603,235.3373,236.4122,233.2068,235.8075,25307711
20210604,237.7749,241.5082,237.535,240.6828,25281094
20210607,239.9055,243.8498,239.7423,243.5811,23079167
20210608,244.8767,245.6924,242.3335,242.3911,22454998
20210609,243.5811,245.2318,243.0053,243.37,17937634
20210610,244.0418,247.084,243.4467,246.8729,24563619
20210611,247.5878,248.0694,246.2683,247.4967,18999731
20210614,247.5063,249.4737,246.4506,249.4161,19150507
20210615,249.3057,249.512,247.2951,247.9477,18038931
20210616,248.9458,250.0783,244.1665,247.0072,27219956
20210617,245.7452,251.2011,245.6924,250.3854,27565537
20210618,249.1665,251.7289,248.322,248.9746,37202217
20210621,249.3489,252.8998,247.5255,252.0456,26696119
20210622,252.132,255.0783,251.8249,254.8096,24694090
20210623,255.2702,256.0764,253.7731,254.584,19518681
20210624,255.4334,257.0553,254.7712,255.942,21446867
20210625,255.5006,256.4795,254.0898,254.3393,25611113
20210628,255.4574,258.063,255.1935,257.8902,19590024
20210629,258.0294,260.7021,257.18,260.4622,19937811
20210630,259.7808,260.4236,258.7389,259.9824,21656457
20210701,258.7443,260.8845,258.7347,260.6541,16725323
20210702,261.825,266.7962,261.5179,266.4603,26474408
20210706,266.825,268.1108,263.2453,266.4699,31565560
20210707,268.1398,269.3821,265.9805,268.6484,23260031
20210708,265.7405,267.4968,263.7924,266.2396,24618591
20210709,264.6081,266.8442,264.2242,266.7386,23916665
20210712,267.9066,268.4949,265.4334,266.1436,18931695
20210713,266.3356,271.4485,266.2108,269.6561,26120128
20210714,270.9661,272.2281,269.2434,271.1245,23113662
20210715,270.635,271.1245,268.5525,269.7041,22604227
20210716,270.7022,272.6504,268.1974,269.4354,26186848
20210719,267.6921,269.0707,263.3893,265.8461,32935634
20210720,266.825,269.6465,265.1263,268.063,26259741
20210721,267.6647,270.1744,266.1148,270.0592,24364320
20210722,272.4009,274.8769,271.9978,274.6082,23384059
20210723,275.7886,278.303,274.9537,277.9959,22768071
20210726,277.3529,278.0151,275.0899,277.4009,23176073
20210727,277.7656,277.9047,271.5467,274.992,33604073
20210728,277.3433,278.4566,272.3915,274.6849,33566853
20210729,274.6993,276.9863,274.5506,274.9537,18168294
20210730,273.6773,275.1072,272.468,273.4277,20944846
20210802,274.8193,275.2176,272.3049,273.3414,16267357
20210803,273.9172,275.6542,272.5544,275.5487,17879048
20210804,274.6849,275.9981,273.1782,274.9632,16191301
20210805,275.3183,277.9575,274.5698,277.8519,13900167
20210806,276.8778,277.8327,276.0322,277.7944,16589336
20210809,278.0727,279.8001,276.2109,276.7099,16117629
20210810,277.161,277.5928,273.706,274.8961,18616578
20210811,275.635,277.0266,274.3394,275.3855,13955934
20210812,275.0784,278.2838,274.8001,278.1303,14570391
20210813,277.8136,281.0957,277.6408,281.0477,18249046
20210816,281.374,282.9383,278.3318,282.7272,22516027
20210817,280.6063,281.6044,279.3491,281.2685,20075250
20210818,280.807,283.4801,279.1051,279.5474,21812985
20210819,277.5892,286.0281,277.5378,285.3551,29850461
20210820,288.1916,294.0762,286.5955,292.6531,40817646
20210823,291.581,293.6531,290.2397,292.932,22830157
20210824,293.2877,293.8935,290.3873,290.9801,18175774
20210825,292.5954,292.8743,288.8647,290.3935,20006057
20210826,289.4128,290.7964,287.4512,287.5858,17666084
20210827,287.4868,289.2974,285.4128,288.1916,22605726
20210830,289.5329,292.5185,289.4801,291.9127,16348072
20210831,292.7108,292.7877,289.9031,290.2685,26285338
20210901,291.2156,293.4512,289.8935,290.2204,18983826
20210902,290.5762,291.6918,288.6339,289.5666,16290545
20210903,289.4128,290.9608,288.7108,289.557,14751610
20210907,289.4272,289.5089,286.7301,288.6339,17184083
20210908,288.2493,289.0474,286.0234,288.6628,15046819
20210909,289.2493,290.5185,285.5762,285.8166,19927000
20210910,286.9368,288.3839,284.0185,284.3358,19633363
20210913,286.1051,287.057,282.7685,285.5666,23652949
20210914,288.0378,289.7974,286.6339,288.2589,21853433
20210915,291.5954,293.5762,290.2108,293.0954,28356304
20210916,292.0762,293.5666,289.1916,293.48,19550815
20210917,292.4704,292.7877,288.0089,288.3358,41372457
20210920,284.932,287.2301,278.3839,282.9801,38278661
20210921,284.3166,286.0955,282.7589,283.4608,22364103
20210922,285.3118,288.6724,283.182,287.0954,26626342
20210923,287.3503,289.3262,286.0896,288.0378,18604601
20210924,286.7589,288.2685,285.5089,287.8358,14998978
20210927,284.7493,285.0666,281.6771,282.8551,23571742
20210928,278.6484,279.5955,271.8743,272.6147,43186237
20210929,274.1339,275.7397,272.1243,273.0763,26353696
20210930,274.7205,276.7589,270.7878,271.0763,32343635
20211001,271.2702,278.8262,270.4705,277.9801,30086280
20211004,276.3455,276.682,269.4705,272.2205,31350747
20211005,273.1209,279.2282,273.1209,277.6532,24993024
20211006,274.7878,282.3358,274.5275,281.8358,28002559
20211007,283.8214,285.2301,282.6147,283.5089,20430471
20211008,284.8253,285.2309,282.4608,283.5089,17685700
20211011,281.6532,286.5089,281.4849,282.9128,19298634
20211012,283.9801,284.0762,281.1051,281.6147,17974143
20211013,283.5666,285.8455,282.2012,284.9128,23424025
20211014,287.7012,291.6051,286.3743,291.1051,27262902
20211015,290.7108,292.7397,288.96,292.5089,25384803
20211018,291.8935,296.355,291.0474,295.4704,22729297
20211019,296.4877,297.4031,295.4031,296.3743,17682139
20211020,297.3166,297.7877,294.3358,295.5858,16537069
20211021,295.3552,299.057,294.5762,298.807,16918100
20211022,298.4608,299.1243,295.9608,297.2685,17449332
20211025,297.4608,297.4993,294.6724,296.2781,17554469
20211026,299.0377,300.3791,296.7269,298.182,28107349
20211027,303.8454,313.5543,303.8454,310.7396,52588690
20211028,311.8502,312.3742,308.9993,311.8742,26297943
20211029,311.6627,319.23,311.4415,318.8646,34765982
20211101,318.6098,318.7396,313.8165,316.7011,27073182
20211102,317.605,320.6242,317.3069,320.3165,26487109
20211103,321.0569,322.0184,317.9319,321.1531,21500082
20211104,320.0858,323.5954,316.8358,323.4992,23992202
20211105,325.4896,325.7588,321.5585,323.1338,22570098
20211108,324.3261,324.6627,321.5761,324.0281,20897001
20211109,324.1406,325.6915,321.6627,323.0281,21307370
20211110,321.7011,321.7591,317.23,318.0761,25500938
20211111,318.5088,320.9363,317.7973,319.6434,16849844
20211112,321.0761,324.2588,320.9511,323.7684,23831049
20211115,324.5569,324.8838,321.1858,323.1434,16723009
20211116,322.7684,327.5665,322.605,326.4511,20886832
20211117,326.4992,329.6299,325.5937,326.6726,19053380
20211118,325.7671,329.8804,324.746,328.7437,22463533
20211119,330.0634,332.4331,329.6396,330.5162,21963403
20211122,331.9708,336.8354,327.0868,327.3566,31031113
20211123,324.6786,326.9905,321.3167,325.2855,30427563
20211124,323.9369,325.7479,321.6548,325.507,21661307
20211126,322.0777,325.5263,316.0764,317.5791,24217242
20211129,322.6461,326.5859,322.4534,324.274,28563481
20211130,323.0121,325.3818,316.9144,318.4557,42885609
20211201,322.8291,326.8268,317.2998,317.9644,33401146
20211202,318.1764,321.2493,315.7708,317.3961,30765980
20211203,319.8043,320.4883,306.3567,311.1539,41779279
20211206,312.0594,315.431,307.5127,314.2172,30032556
20211207,319.4672,323.4745,317.9837,322.6268,31021936
20211208,323.0025,323.1855,318.658,322.675,24760988
20211209,322.1355,324.1382,319.9296,320.8736,22214158
20211210,322.6846,330.4102,322.5016,329.9671,38095694
20211213,328.1754,331.1712,326.6341,326.9424,28899431
20211214,320.9892,322.3571,312.2136,316.2883,44438699
20211215,316.5484,322.8869,312.5893,322.3667,35381122
20211216,323.3878,324.3993,311.1636,312.9746,35034831
20211217,309.1021,312.9938,305.6054,311.9149,47983713
20211220,308.3026,310.9517,305.9136,308.1677,28326532
20211221,311.4237,315.7007,308.0618,315.2768,24740597
20211222,316.2498,321.3601,313.7934,320.9699,24831493
20211223,320.5364,324.0428,320.5172,322.4052,19617848
20211227,323.147,329.9093,323.1181,329.8804,19947029
20211228,330.5547,331.1905,327.8286,328.7244,15661467
20211229,328.7726,331.6625,327.2121,329.3988,15041956
20211230,329.3602,330.5354,326.3836,326.8653,15994471
20211231,326.085,326.899,323.5227,323.9754,18000797
20220103,323.041,325.5937,317.6755,322.463,28918013
20220104,322.5401,322.8965,314.1498,316.9337,32674306
20220105,313.8993,314.1016,304.382,304.7673,40054327
20220106,301.6559,307.0021,300.0568,302.3591,39646148
20220107,302.6191,304.8829,298.7082,302.5132,32720018
20220110,298.1254,303.1682,293.5064,302.7347,44289467
20220111,301.8774,304.9889,298.5155,303.4187,29386774
20220112,307.9365,311.5393,305.4416,306.5879,34372217
20220113,308.7031,309.1021,292.8417,293.6123,45365979
20220114,293.0825,299.4114,292.6009,298.8141,39846414
20220118,292.9091,298.4288,290.6647,291.5413,42434112
20220119,295.0477,302.3873,291.5894,292.1963,45933855
20220120,297.7256,300.2103,290.0867,290.5298,35380675
20220121,291.575,292.9477,284.7597,285.1642,57984403
20220124,281.4748,286.2046,265.9176,285.4918,86035393
20220125,280.8198,284.1624,274.7029,277.901,72848638
20220126,296.6804,297.1765,282.2744,285.8193,90428853
20220127,291.5509,296.0206,286.9945,288.8344,53481317
20220128,289.2101,297.1573,283.6422,296.9453,49743698
20220131,297.61,300.9141,295.1247,299.5655,46444536
20220201,299.0164,299.2284,293.9296,297.427,40950396
20220202,298.2651,303.5535,297.5426,301.9545,36635989
20220203,298.1302,299.8063,288.95,290.1926,43729972
20220204,289.1908,297.4655,288.9596,294.7105,35096488
20220207,294.9321,296.5408,288.8922,289.9037,28533286
20220208,290.1926,294.3454,288.9404,293.3811,32421188
20220209,298.4914,300.4806,296.1073,299.7871,31284671
20220210,292.8802,297.7738,289.6628,291.2812,45386199
20220211,292.0614,293.1211,283.4207,284.2106,39175620
20220214,282.9872,285.8674,280.656,284.172,36359487
20220215,288.9962,289.7592,286.1179,289.4413,27379488
20220216,288.0077,290.4257,283.4853,289.1033,29982121
20220217,286.0723,286.497,279.9331,280.6377,32461580
20220218,282.8772,283.6591,276.3663,277.9349,34264008
20220222,275.1066,281.4196,274.624,277.7322,41736117
20220223,280.1068,281.5741,270.3767,270.5408,37811167
20220224,263.0502,284.914,262.0946,284.3637,56989686
20220225,284.8946,287.2982,281.5306,286.9893,32546721
20220228,284.0935,288.7558,282.8289,288.4179,34627457
20220301,286.1109,289.557,282.0084,284.7112,31217778
20220302,285.107,291.0049,283.5027,289.7693,31873007
20220303,292.3756,292.6073,283.8425,285.6476,27314469
20220304,284.0742,285.3966,277.1965,279.7979,32369655
20220307,278.5141,279.6338,268.8612,269.228,43157178
20220308,268.1566,274.1027,260.6273,266.2743,48159475
20220309,273.6008,279.547,271.0331,278.4851,35204480
20220310,273.1954,276.6511,270.8401,275.6762,30628012
20220311,277.9639,279.4601,269.73,270.3478,27209330
20220314,270.6084,275.492,266.2453,266.8438,30660747
20220315,270.6181,277.8288,269.0495,277.182,34245085
20220316,279.074,284.3444,273.3691,284.1707,37826329
20220317,283.1089,285.3483,279.3249,284.9719,30816633
20220318,285.1167,290.5512,282.5683,290.001,43390625
20220321,288.5145,289.7211,284.663,288.7751,28351245
20220322,289.3929,294.4124,288.3986,293.505,27599689
20220323,290.0782,292.7038,287.3852,289.0936,25715377
20220324,288.7558,293.6401,287.9594,293.5436,24484456
20220325,294.6344,294.895,288.8962,293.1382,22566453
20220328,293.7656,300.011,293.7656,299.9145,29578188
20220329,303.0131,304.8568,298.3218,304.461,30393403
20220330,302.8683,304.9823,300.764,302.9648,28163555
20220331,303.0034,304.2004,297.2021,297.6075,33422070
20220401,298.6307,299.3643,294.9336,298.6789,27110529
20220404,299.3257,304.1714,298.9589,304.0363,24335868
20220405,302.3953,303.9349,299.1133,300.0883,23156719
20220406,294.5958,296.3429,286.4101,289.1033,40110372
20220407,286.3619,293.1092,286.0626,290.9084,31411155
20220408,290.0107,290.6671,285.9951,286.6611,24361917
20220411,281.6609,282.4525,275.1066,275.3576,34569264
20220412,279.1946,280.6464,270.7532,272.2687,30966721
20220413,272.9154,278.5624,271.5351,277.6357,21907176
20220414,278.0894,278.2969,269.6238,270.1161,28221607
20220418,269.228,272.6548,268.6778,270.7822,20778000
20220419,269.6817,276.236,268.7454,275.3962,22297720
20220420,279.3539,279.6435,275.464,276.4194,22906667
20220421,278.5624,283.1185,270.3381,271.0621,29454587
20220422,271.9019,273.3691,263.89,264.5175,29405798
20220425,263.8031,271.3517,261.3706,270.9752,35678852
20220426,267.867,268.697,260.6273,260.8397,46518445
20220427,272.3073,280.8694,269.4694,273.3884,63477694
20220428,275.2852,280.8791,271.6859,279.5759,33646570
20220429,278.5913,279.8172,266.9017,267.8863,37073923
20220502,268.0697,275.0487,266.6314,274.595,35151105
20220503,274.1027,274.2668,270.425,271.9984,25978605
20220504,272.7803,280.7825,267.1237,279.9138,33599320
20220505,275.6279,276.4098,264.8167,267.7222,43260386
20220506,265.2655,269.5562,261.8533,265.1932,37780322
20220509,260.6853,262.9054,254.1792,255.3955,47725952
20220510,262.2587,264.2472,255.8685,260.1447,39336424
20220511,256.4573,261.9401,250.2988,251.5054,48975898
20220512,248.7447,250.8586,241.3409,246.4859,51033802
20220513,248.4165,253.909,246.4859,252.0556,34925093
20220516,250.931,256.5924,246.901,252.4224,32550933
20220517,256.8724,259.0153,253.3491,257.5577,28828799
20220518,254.4617,255.0422,244.5638,245.8313,31355985
20220519,245.6571,249.3047,243.7027,244.9218,32692286
20220520,248.8887,250.1465,238.4393,244.3606,39199279
20220523,247.1955,253.0104,245.2024,252.188,33175379
20220524,249.5176,252.8459,245.2701,251.1914,29043904
20220525,249.7595,255.9904,248.7774,253.9973,28547947
20220526,253.7554,258.4383,252.9421,257.2676,25002105
20220527,259.7638,264.466,258.8737,264.3693,26910806
20220531,263.6823,265.8496,260.1992,263.0437,37827695
20220601,266.2608,268.6748,261.2732,263.5759,25292174
20220602,255.8646,265.7335,253.1072,265.6658,44008209
20220603,261.5344,264.5725,259.6961,261.2538,28058958
20220606,263.2276,265.2788,258.5447,260.025,22400342
20220607,257.9787,264.2628,257.3063,263.6533,22860677
20220608,262.8889,264.1371,260.8571,261.6311,17372341
20220609,259.0865,263.8546,256.0388,256.1936,26439728
20220610,252.1203,252.1203,244.3316,244.7767,31445841
20220613,237.1525,240.9396,233.6887,234.395,46135788
20220614,235.9431,237.7621,233.6694,236.5526,28651487
20220615,240.2486,247.0117,238.42,243.5866,33111729
20220616,237.9943,239.385,235.1304,237.0171,33169160
20220617,236.7558,242.3675,236.1076,239.61,43084780
20220621,242.1305,246.4795,241.4097,245.5023,29928297
20220622,243.7124,248.821,242.2417,244.9121,25961215
20220623,247.2729,250.9496,245.3959,250.4561,25861449
20220624,253.3084,259.28,253.2233,259.0091,33923231
20220627,259.4977,259.5896,254.7326,256.2904,24615114
20220628,255.4099,258.2448,247.9986,248.1534,27380247
20220629,249.2273,253.4651,247.4568,251.8107,20069839
20220630,248.7049,251.1044,244.6896,248.492,31730868
20220701,248.0663,251.3366,246.3441,251.1527,22837692
20220705,247.8438,254.4424,246.4699,254.3166,22971634
20220706,255.1874,259.2897,253.8812,257.5675,23824419
20220707,256.5129,260.3201,256.4161,259.6864,20859874
20220708,256.1936,259.3961,254.7375,258.9704,19658751
20220711,257.0257,257.8771,253.6683,255.9227,19519108
20220712,257.2482,257.3063,243.8575,245.4346,35868450
20220713,242.0676,245.3185,240.0551,244.5154,29497423
20220714,242.4352,246.8544,237.9556,245.8313,25102823
20220715,247.4181,251.917,246.5015,248.3856,29774050
20220718,251.3172,252.3718,245.0766,245.9958,20975034
20220719,249.2128,251.2882,245.4443,251.1044,25012562
20220720,251.4624,256.271,250.5045,253.7554,22788282
20220721,251.3559,256.2904,248.6855,256.242,22404675
20220722,256.629,256.7161,250.6593,251.9074,21881290
20220725,252.5218,253.0104,248.4727,250.4271,21055998
20220726,251.4236,251.443,241.4677,243.7221,39347957
20220727,252.6814,261.2828,250.4464,260.0154,45994049
20220728,260.9926,268.8199,259.1736,267.4364,33459327
20220729,268.6845,272.8449,267.6492,271.6258,32152752
20220801,268.8006,272.1482,266.8849,268.9844,21539580
20220802,267.0397,268.8683,263.5372,265.898,22754184
20220803,267.775,274.2962,267.6299,273.2996,23518874
20220804,272.6514,274.5864,271.0721,274.4413,18098668
20220805,270.0874,274.4413,269.6327,273.7253,16774606
20220808,274.8283,276.6376,270.2519,271.2194,18757818
20220809,270.5615,273.8898,268.5974,273.1351,23405238
20220810,278.8146,280.4013,277.6245,279.7724,24687845
20220811,281.4076,281.7559,277.2085,277.7019,20065938
20220812,279.1145,282.4331,277.6245,282.4331,22619675
20220815,281.5527,284.6295,280.6916,283.9425,18085654
20220816,282.5105,284.494,280.9915,283.2072,18102882
20220817,280.9286,284.4288,280.6668,282.4606,18253358
20220818,281.3639,283.0326,280.2887,281.3455,17186192
20220819,280.1141,280.4535,276.8757,277.4478,20570033
20220822,273.5016,273.87,268.7894,269.3032,25061070
20220823,268.0331,270.3795,267.0247,268.0331,17527409
20220824,267.0344,268.799,266.7435,267.4028,18137019
20220825,268.896,270.5346,266.1715,270.3698,16583407
20220826,270.5928,271.8145,259.8304,259.937,27549307
20220829,257.7651,259.268,255.826,257.164,20338544
20220830,258.5602,258.9286,252.733,254.9727,22767071
20220831,257.3191,258.9868,253.3826,253.5183,24791834
20220901,250.9974,252.956,247.6426,252.4809,23263431
20220902,253.7365,256.6889,246.7312,248.2729,22855380
20220906,248.4086,249.989,244.2782,245.5483,21328242
20220907,246.9542,250.9586,245.5192,250.2411,24126700
20220908,249.6788,252.51,247.0415,250.658,20319911
20220909,252.5778,257.164,252.3742,256.4174,22093190
20220912,257.6973,259.3165,257.0961,258.5408,18747690
20220913,250.9683,252.4809,243.9388,244.3266,33353318
20220914,245.8198,246.4985,242.2614,244.5496,23912954
20220915,242.1741,243.7546,236.599,237.9177,31530948
20220916,236.8317,237.8401,234.7012,237.2971,39791768
20220919,235.0913,237.685,233.5254,237.0838,26826931
20220920,234.7035,236.1045,232.3522,235.0768,26660299
20220921,236.8414,240.1283,231.6347,231.6832,28625557
20220922,230.6364,236.4439,230.3452,233.6515,31061162
20220923,232.2553,233.7969,228.0472,230.6845,34176048
20220926,229.8361,234.1072,229.6955,230.2288,27694190
20220927,232.6819,234.4465,227.3685,229.2204,27018732
20220928,229.6083,234.9604,227.5915,233.7387,29029679
20220929,231.625,232.6528,227.2813,230.2773,27484233
20220930,231.0433,233.2248,225.6524,225.8172,35694832
20221003,228.2509,234.2623,227.5237,233.4188,28880357
20221004,237.6365,242.7462,237.525,241.3112,34888416
20221005,238.5091,242.9595,236.6766,241.6215,20347136
20221006,240.3901,242.7268,238.5964,239.2848,20239886
20221007,233.5758,233.9811,226.079,227.1164,37769602
20221010,225.9626,227.4257,219.8348,222.2782,29743608
20221011,220.6978,222.094,217.2945,218.555,30473954
20221012,218.5453,220.9305,217.1491,218.8846,21903937
20221013,213.1641,228.9199,212.466,227.1164,42551818
20221014,228.3769,230.0252,221.3959,221.6092,30198588
20221017,228.6484,231.6929,227.9842,230.3064,28142268
20221018,235.8427,236.5117,228.2121,231.2469,26329591
20221019,229.8313,232.3231,227.1649,229.2883,19985698
20221020,228.5999,233.9714,227.7273,228.9683,21811015
20221021,227.6012,235.61,227.3685,234.7568,26299733
20221024,236.3469,240.3028,233.9569,239.7308,24911212
20221025,239.7405,243.4055,238.354,243.0371,34775505
20221026,224.1398,231.053,223.0636,224.2852,82684846
20221027,224.0138,226.5832,218.9137,219.8542,40424645
20221028,219.3597,229.4047,219.1755,228.6969,40647724
20221031,226.651,227.7758,224.1204,225.0706,28357265
20221101,227.4655,228.5708,220.4117,221.231,30592271
20221102,222.4818,224.2658,213.3483,213.4065,38407008
20221103,213.3968,213.707,207.4726,207.7344,36633922
20221104,210.934,214.8511,206.9403,214.6572,36789063
20221107,215.239,221.4637,214.5506,220.9402,33497979
20221108,221.7449,224.6052,218.9719,221.9097,28192548
20221109,220.4554,221.6797,217.5078,217.6823,27852910
20221110,228.2702,235.93,227.8533,235.5906,46268021
20221111,235.6003,240.4483,234.5726,239.595,34620246
20221114,234.6259,236.4924,231.9353,234.2041,31123340
20221115,238.1891,239.4884,232.7304,234.6114,31390117
20221116,236.0698,237.0518,233.7654,235.0391,24093272
20221117,231.1984,236.517,231.0526,234.9905,23123544
20221118,236.7698,236.9935,232.4138,234.5432,27613523
20221121,234.7474,237.8977,234.5141,235.3503,26394700
20221122,236.8476,238.52,234.0473,238.2478,19665699
20221123,238.3207,241.4078,237.5088,240.7272,19508462
20221125,240.4647,241.8162,239.9007,240.6397,9200772
20221128,239.2687,239.8229,234.1349,235.0683,24810271
20221129,234.7182,236.0698,231.6165,233.6779,17956313
20221130,233.9112,248.2627,233.2209,248.0779,47594239
20221201,246.8431,249.0308,243.9705,247.6404,26041524
20221202,242.9052,248.9725,242.7788,247.9613,21528520
20221205,245.0346,246.7935,241.1939,243.2747,23435294
20221206,243.8775,244.8887,237.0324,238.3353,22463727
20221207,238.0533,239.3465,235.501,237.606,20481522
20221208,238.063,241.8551,236.3323,240.5522,22611757
20221209,237.922,241.437,237.4019,238.627,20609743
20221212,240.5959,245.5499,240.3285,245.5207,30665069
20221213,254.4466,256.6101,246.0652,249.8087,42196884
20221214,250.0129,255.3198,247.2709,250.1004,35410933
20221215,246.6972,247.164,240.4938,242.1176,35568093
20221216,241.6703,242.9246,236.7698,237.9172,86101994
20221219,238.0825,238.4228,232.1027,233.7945,29696436
20221220,232.7736,236.1865,231.8207,235.1072,25150802
20221221,235.0002,238.8166,233.464,237.6644,23690607
20221222,234.5773,235.2919,227.3967,231.5971,28651664
20221223,229.5747,232.2583,227.4675,232.1222,21206982
20221227,232.093,232.3166,229.3024,230.4011,16688648
20221228,230.3331,233.0847,227.6884,228.0384,17457104
20221229,229.1274,235.2239,229.1274,234.339,19770693
20221230,231.6165,233.3181,230.1094,233.182,21938472
20230103,236.3517,238.9478,230.829,232.9486,25740036
20230104,225.8458,226.4244,219.7056,222.7587,50623394
20230105,220.9113,221.2516,215.6221,216.1566,39585623
20230106,216.8275,219.5112,213.2786,218.7041,43613574
20230109,220.1821,224.8362,220.1432,220.8335,27369784
20230110,221.4509,224.9075,221.0377,222.5156,27033881
20230111,224.8881,229.4191,224.7131,229.2441,28669331
20230112,228.7482,233.2598,227.0953,231.9082,27269486
20230113,230.442,232.7444,228.4176,232.6083,21333265
20230117,231.3832,234.2418,230.5275,233.6973,29831257
20230118,234.8787,235.6711,229.001,229.283,30028692
20230119,227.3092,229.001,224.295,225.5104,28623033
20230120,228.3544,234.0765,228.019,233.5709,35389809
20230123,234.4266,238.379,233.0167,235.8656,31933951
20230124,235.7878,237.1977,233.7848,235.3405,40234444
20230125,227.9898,236.5657,224.5089,233.9501,66526641
20230126,236.906,241.437,235.3016,241.1356,33454491
20230127,242.0982,242.9149,239.998,241.2911,26498939
20230130,237.7422,238.802,235.4961,235.992,25867365
20230131,236.7115,241.0869,236.2205,240.9508,26541072
20230201,241.1356,248.1168,238.6756,245.7541,31259912
20230202,251.6561,257.3636,250.1295,257.2761,39940437
20230203,252.3581,256.8872,249.9837,251.1991,29077256
20230206,250.3143,251.1505,247.7279,249.6628,22517997
20230207,253.3187,261.3355,252.8812,260.1542,50841365
20230208,265.6381,269.0995,258.8415,259.3471,54686049
20230209,266.2214,266.3965,255.5259,256.3232,42375102
20230210,254.2911,256.7802,253.4471,255.8176,25818489
20230213,260.2319,266.9993,259.7555,263.8101,44630921
20230214,265.1227,267.3591,261.8266,264.6366,37047924
20230215,261.5465,263.8956,259.4605,262.5212,28962163
20230216,257.355,260.0064,255.2885,255.5322,29603616
20230217,252.8419,253.5242,249.5375,251.5455,30000055
20230221,248.0558,249.0404,245.2388,246.2915,28397444
20230222,247.6757,247.9194,244.0204,245.1608,22491056
20230223,249.1086,250.3563,244.1568,248.3385,29219095
20230224,243.65,244.6637,241.8369,242.9286,24990905
20230227,246.0868,246.4378,243.0943,243.8449,21190042
20230228,242.7824,245.1413,242.451,243.1236,22490950
20230301,244.4298,244.5955,239.5852,240.0531,27565259
20230302,240.326,245.0536,239.4098,244.7709,24833646
20230303,245.8237,249.1671,245.0439,248.8454,30760136
20230306,249.9517,253.5535,249.518,250.3855,24109849
20230307,249.8299,251.1848,246.9934,247.7342,21473179
20230308,247.627,248.116,244.4785,247.2955,17340217
20230309,249.362,253.0076,245.2291,245.9504,26653387
20230310,244.7417,246.4085,241.3495,242.3145,28333930
20230313,241.1546,251.3993,239.5267,247.51,33339721
20230314,250.2685,254.4795,249.401,254.2066,33620293
20230315,253.417,259.7529,252.6664,258.7392,46028047
20230316,258.5101,269.5785,256.6337,269.2275,54832140
20230317,271.2355,276.1776,269.3446,272.376,69527371
20230320,269.9879,270.4752,263.0378,265.3578,43466649
20230321,267.9409,268.0578,262.7153,266.8686,34558704
20230322,266.4982,273.9454,265.309,265.4162,34873330
20230323,270.9236,273.9649,268.2528,270.6507,36610879
20230324,270.2413,273.5457,268.3308,273.4872,28199962
20230327,273.419,274.3537,268.5647,269.403,26840212
20230328,268.8279,269.1691,265.1775,268.282,21878647
20230329,271.9179,274.0426,271.3818,273.4287,25087032
20230330,277.0548,277.279,274.3743,276.8794,25053410
20230331,276.5675,281.9676,275.8559,281.0221,32765976
20230403,279.287,280.9928,276.7819,279.9791,24883342
20230404,279.9791,283.1177,278.4585,279.9304,25824299
20230405,278.6339,279.9011,275.7779,277.1621,22064770
20230406,276.0606,284.7067,274.9104,284.2388,29770334
20230410,281.9072,282.2893,277.5227,282.0846,23102994
20230411,278.5365,278.7607,274.5302,275.6902,27276589
20230412,277.6007,279.7647,274.8421,276.3335,27403432
20230413,276.431,282.5817,276.0216,282.5232,24222678
20230414,279.7549,281.1975,276.5285,278.9166,20987917
20230417,282.6109,284.2388,278.9361,281.5095,23836223
20230418,284.2095,284.3899,279.7647,281.0903,20161845
20230419,278.7704,281.7532,277.357,281.1683,17150271
20230420,278.0491,281.7337,277.8834,278.8874,23244363
20230421,277.8151,279.0433,275.9151,278.5462,21676387
20230424,274.9689,277.7567,271.6839,274.6569,26611014
20230425,272.454,274.4912,268.4185,268.4672,45772236
20230426,289.21,292.0076,285.3403,287.9136,64599182
20230427,288.4985,297.4955,287.7966,297.1348,46462638
20230428,296.3355,301.1313,295.6532,299.5035,36469613
20230501,299.2208,300.8096,297.4467,297.8464,21294115
20230502,299.9908,301.375,296.238,297.7002,26404431
20230503,298.8796,300.8194,296.4135,296.7157,22360754
20230504,298.5092,299.9934,295.7409,297.7002,22519907
20230505,298.0023,304.0946,296.5889,302.8079,28197052
20230508,302.301,302.3692,298.363,300.8584,21318613
20230509,300.2248,302.2133,298.5774,299.25,21340829
20230510,300.8291,305.0986,299.9031,304.426,30078044
20230511,302.2718,303.266,298.5288,302.2815,31680179
20230512,302.7104,302.8079,298.8601,301.1703,19774696
20230515,301.2921,302.0817,299.8251,301.6479,16336547
20230516,302.0086,305.7906,302.0086,303.8704,26730347
20230517,305.0718,307.1624,303.5577,306.7423,24315012
20230518,307.2601,311.6658,306.4688,311.1578,27275991
20230519,309.419,311.3825,309.0575,310.982,27546701
20230522,311.236,315.1338,310.6596,313.7564,24115664
20230523,312.6329,315.2608,307.9634,307.9732,30797173
20230524,307.4554,309.1845,305.3844,306.5958,23384887
20230525,315.7687,319.3442,312.6036,318.3868,43301743
20230526,316.5307,325.6939,316.394,325.1957,36630633
20230530,327.4816,327.9798,322.8805,323.5545,29503070
20230531,324.6096,328.1752,319.7642,320.7997,45950553
20230601,318.3966,325.8209,317.2145,324.8929,26773851
20230602,326.5213,329.6991,324.8636,327.6477,25873769
20230605,327.4718,330.7345,326.9249,328.1752,21307053
20230606,327.5793,327.6184,324.4923,325.9674,20396223
20230607,323.9844,326.7587,315.0459,315.9055,40717129
20230608,316.4477,319.0902,315.8762,317.7421,23277708
20230609,317.4783,322.3627,316.9117,319.2367,22528950
20230612,320.9853,324.4239,317.6444,324.1797,24306753
20230613,326.7343,329.1912,322.7535,326.5633,22951279
20230614,326.6122,331.2036,325.1175,329.5428,26003791
20230615,329.6796,341.7539,329.4061,340.0541,38899075
20230616,343.1997,343.3462,334.0463,334.4175,46551985
20230620,331.4673,334.1733,328.0971,330.2364,26375407
20230621,328.5953,329.9238,324.3947,325.8502,25117799
20230622,326.3973,332.2586,325.6353,331.8581,23556764
20230623,326.6317,330.1485,325.7428,327.2765,23146901
20230626,326.0065,328.3413,320.8974,321.0049,21520582
20230627,324.1895,328.3803,321.6887,326.8369,24354110
20230628,326.9248,330.1681,326.0944,328.0873,20259523
20230629,326.9736,328.3413,324.9319,327.3058,16997042
20230630,329.9434,334.8083,329.4061,332.6689,26832756
20230703,331.3501,333.0206,328.7916,330.1778,12508692
20230705,327.3448,333.7532,326.9908,330.3341,18172378
20230706,329.5038,335.0623,327.7454,333.382,28195534
20230707,331.4771,333.89,329.2107,329.4256,21214824
20230710,326.8662,327.4816,320.0182,324.1602,32791449
20230711,323.408,325.1664,319.4418,324.7854,26698218
20230712,328.8199,333.7552,327.9114,329.4061,29995262
20230713,331.7115,335.7949,331.184,334.7399,20567159
20230714,339.5559,343.3072,336.3517,337.2602,28352729
20230717,337.6881,338.9698,334.2905,337.7389,20363927
20230718,337.8366,358.3024,334.2612,351.1809,64872705
20230719,353.3886,354.0822,344.2889,346.8728,39732901
20230720,345.3977,349.696,337.3872,338.8526,33778395
20230721,341.0799,342.2033,331.9753,335.8242,69405382
20230724,337.8561,338.9014,334.398,337.1333,26719207
20230725,339.087,343.7565,337.0942,342.8676,41637739
20230726,333.5481,336.7034,325.4106,329.9629,58383702
20230727,332.6103,333.4406,321.4445,323.0759,39635262
20230728,325.9577,332.1511,325.4692,330.549,28484868
20230731,329.1326,329.8896,325.6548,328.1557,25446022
20230801,327.4425,330.7151,325.987,328.566,18381253
20230802,325.9186,325.9186,318.8118,319.9303,27761257
20230803,318.465,322.2553,318.4161,319.1097,18360352
20230804,324.209,327.3937,319.6763,320.2038,23741484
20230807,320.7802,323.4568,319.9498,322.48,17741526
20230808,319.4028,321.1514,315.5343,318.5138,22327574
20230809,318.9241,319.5493,313.6293,314.7821,22373268
20230810,318.4796,320.6727,313.7564,315.4659,20113725
20230811,312.8576,314.9579,311.8319,313.5903,24355491
20230814,313.9615,316.5698,312.6818,316.5503,18836139
20230815,315.5343,317.576,313.4862,314.4206,16966285
20230816,314.0487,317.5925,313.0732,313.6571,20698864
20230817,313.7942,315.0962,309.5553,310.2112,21257161
20230818,307.8715,311.6797,304.9942,309.8196,24755012
20230821,311.2391,315.9773,310.3679,315.106,24039956
20230822,318.6498,319.2127,314.6948,315.6738,16102024
20230823,317.0052,322.2719,316.6527,320.1182,21166382
20230824,325.8451,325.9724,313.2264,313.2362,23281434
20230825,314.7046,318.5128,312.0909,316.1829,21684104
20230828,318.8064,319.2861,314.9513,316.8877,14808482
20230829,315.106,322.06,315.106,321.4986,19284590
20230830,321.7531,322.8691,319.5749,321.8706,15222110
20230831,322.2719,323.9459,319.9029,320.8623,26410954
20230901,324.3375,325.0032,319.9029,321.7433,14942024
20230905,322.0762,327.803,321.7433,326.5304,18553859
20230906,326.364,327.4213,323.2313,325.8745,17535773
20230907,324.318,326.0703,322.1055,322.967,18380995
20230908,323.1432,329.0855,322.5265,327.2353,19548165
20230911,330.1427,331.2979,328.3708,330.828,16583324
20230912,328.7477,329.7022,324.504,324.7879,17565482
20230913,324.3375,329.761,324.2005,328.9876,16544412
20230914,332.0106,333.6866,329.4868,331.572,20267048
20230915,329.8295,330.2969,322.7125,323.2705,37679792
20230918,320.9014,323.4467,319.4917,322.1349,16834208
20230919,319.3057,322.458,317.6807,321.7335,16514487
20230920,322.5754,322.6537,313.7648,314.0194,21436525
20230921,312.5411,318.5029,308.3708,312.8055,35560362
20230922,314.5578,314.685,309.4966,310.3385,21447887
20230925,309.9273,310.9846,308.3708,310.8573,17835964
20230926,308.4981,309.2323,303.4956,305.571,26297573
20230927,305.7276,307.6845,303.1725,306.2073,19410082
20230928,304.4452,308.8407,302.9376,307.0394,19683564
20230929,311.0629,312.7467,308.3512,309.105,24147298
20231002,309.6239,315.1138,308.547,315.0277,20570006
20231003,314.0781,314.6263,304.6654,306.7947,21033492
20231004,307.4212,313.3047,307.3918,312.2426,20720144
20231005,312.3747,313.246,308.2729,312.639,16965629
20231006,309.8882,322.2622,309.6434,320.3728,25673630
20231009,317.9156,323.3488,316.3786,322.8789,19891180
20231010,323.9949,324.132,320.7741,321.479,20557094
20231011,324.2396,325.8158,322.2132,325.4242,20063246
20231012,323.6082,326.6086,321.8021,324.1907,19313098
20231013,325.385,326.8045,319.4917,320.8329,21085695
20231016,324.083,329.0659,323.6425,325.6396,22158048
20231017,322.6537,326.4423,320.5196,325.0718,18338523
20231018,325.4927,328.5275,321.3909,323.1628,23153602
20231019,325.1599,329.7903,323.946,324.3473,25052071
20231020,324.7389,324.9347,318.6009,319.7952,25027715
20231023,318.6204,325.7228,317.5632,322.3894,24374748
20231024,324.3278,324.8564,320.7056,323.574,31153571
20231025,337.759,338.9142,330.5147,333.5006,55053828
20231026,333.3733,334.4404,320.0595,320.9895,37828543
20231027,323.4712,329.6337,321.4895,322.8691,29856522
20231030,326.3933,332.3062,324.8466,330.2113,22828082
20231031,331.7189,331.8657,327.6464,330.9944,20265282
20231101,332.6391,340.1085,332.502,338.7869,28158819
20231102,339.9323,341.4888,337.5143,340.9896,24348072
20231103,342.272,346.9318,340.0204,345.3753,23637673
20231106,346.0116,350.0155,345.9137,349.0268,23828301
20231107,351.8364,354.832,350.1036,352.9426,25833931
20231108,354.0684,356.2123,352.9622,355.5564,26767828
20231109,354.6754,357.113,352.7781,353.0992,24847331
20231110,353.8824,362.3112,353.4712,361.8903,28065164
20231113,360.4708,360.7155,358.1996,358.9632,19986506
20231114,363.2021,364.1223,359.6146,362.4776,27683862
20231115,364.2042,366.019,360.1137,362.6249,26860095
20231116,363.8903,369.1776,363.1252,369.0011,27182315
20231117,366.4898,367.2354,360.0058,362.8015,40325371
20231120,364.1454,371.6496,363.9296,370.2469,52528964
20231121,368.5106,369.0516,364.0473,365.9601,28423145
20231122,370.7962,372.552,367.819,370.649,23361184
20231124,370.1389,370.7668,367.9858,370.237,10176649
20231127,369.5994,373.3859,369.0305,371.3946,22179228
20231128,371.1395,375.7009,370.9531,375.4066,20453112
20231129,376.4464,376.9761,370.2469,371.63,28963399
20231130,371.2768,372.8464,368.3144,371.6888,30554415
20231201,369.5798,370.9531,364.2337,367.3727,33040472
20231204,362.0658,362.4778,355.984,362.105,32063305
20231205,359.4663,365.965,358.6531,365.4206,23065035
20231206,366.4212,367.049,361.0162,361.7715,21182072
20231207,361.2124,364.3737,359.3388,363.8805,23118864
20231208,362.1639,367.3236,361.2124,367.098,20154366
20231211,361.4576,364.5182,359.123,364.2239,27708757
20231212,363.7824,367.2844,363.3999,367.2452,24838253
20231213,368.8539,370.4392,363.704,367.2354,30955531
20231214,366.1956,366.637,357.1905,358.9562,43277461
20231215,359.8587,365.3029,359.2995,363.6647,78502324
20231218,362.4091,365.8915,361.6538,365.5481,21802878
20231219,364.4102,366.1465,362.7917,366.1465,20603658
20231220,367.8534,368.8637,363.4685,363.5568,26316650
20231221,365.4599,367.2746,362.9879,366.4212,17708006
20231222,366.5585,368.0299,365.607,367.4414,17107484
20231226,367.8534,369.7564,366.3819,367.5198,12673050
20231227,366.5683,367.9122,365.7067,366.9411,14905412
20231228,368.2163,369.2836,367.0294,368.128,14327013
20231229,368.8343,369.9722,366.3623,368.8735,18730838
20240102,366.7351,368.7362,359.7812,363.8021,25258633
20240103,361.9775,366.1428,361.487,363.5372,23083465
20240104,363.601,365.9896,360.1726,360.9279,20901502
20240105,361.9383,364.9694,359.5153,360.7415,21004575
20240108,362.262,368.0495,361.9775,367.5493,23133967
20240109,364.9203,368.8245,364.116,368.6283,20829953
20240110,369.1972,376.8486,369.1482,375.4753,25514245
20240111,378.6437,383.2345,373.1308,377.2998,27850846
20240112,378.1434,381.2726,377.3194,381.0666,21661153
20240116,386.1577,386.5207,380.2357,382.8323,27202268
20240117,380.586,382.6754,377.4764,382.0476,22234108
20240118,384.2547,386.4814,382.6852,386.3637,23392068
20240119,388.2177,391.0723,386.0008,391.0723,29331136
20240122,392.3965,392.9851,386.0891,388.9534,27016902
20240123,388.2079,391.7687,386.4226,391.2979,20525882
20240124,393.8876,397.8996,392.8183,394.8881,24866953
20240125,396.6146,399.2533,394.8581,397.1541,21021155
20240126,396.6636,398.4293,394.7606,396.232,17803271
20240129,398.3214,402.1667,396.6244,401.9117,24510236
20240130,404.4033,405.1782,398.7041,400.8032,33477610
20240131,399.2043,407.4049,389.6401,390.003,47871097
20240201,394.172,400.2244,394.1426,396.0849,30657726
20240202,396.1143,404.7858,395.8691,403.3831,28256670
20240205,402.0882,403.3242,396.2909,397.9192,25352286
20240206,398.1449,400.195,395.2315,397.7623,18382624
20240207,399.6751,406.4044,399.6359,406.1592,22340526
20240208,406.1592,407.6404,404.6681,406.218,21225257
20240209,407.3363,412.8001,407.1793,412.5353,22032844
20240212,412.5402,412.7217,406.8458,407.3461,21202921
20240213,397.2228,402.256,395.7023,398.5765,27824936
20240214,401.0334,402.7729,397.5938,402.4289,20401190
20240215,401.1022,402.0751,397.3186,399.5495,21825525
20240216,400.9253,401.2496,396.4833,397.0926,22296495
20240220,396.2867,397.5152,391.1469,395.8445,24307915
20240221,393.2696,395.3531,390.3705,395.245,18631072
20240222,403.1169,405.7113,401.5248,404.5517,27009869
20240223,408.5024,408.6891,401.9179,403.2643,16295879
20240226,404.3601,405.0529,400.3357,400.5126,16193505
20240227,400.9548,401.2791,396.8862,400.4536,14835827
20240228,401.1366,402.2422,398.3309,400.6895,13183125
20240229,401.5936,407.0577,398.9205,406.5074,31947263
20240301,404.1782,408.6989,403.795,408.3353,17823445
20240304,406.3108,410.1534,405.2101,407.7653,17595956
20240305,406.8219,407.1069,393.7315,395.7069,26919177
20240306,396.0214,398.1736,391.5203,395.1565,22344149
20240307,399.117,402.7139,395.304,402.085,18718479
20240308,400.9253,403.3429,397.3579,399.2153,18002186
20240311,396.7997,398.6846,394.3409,397.5446,16120752
20240312,400.5912,408.4041,399.7755,408.1191,22457003
20240313,410.8905,410.9691,404.3551,407.9422,17115931
20240314,412.9936,420.4429,410.7824,417.8877,34157299
20240315,412.06,415.3129,405.672,409.2394,45079903
20240318,407.1069,413.4751,406.645,410.1239,20105977
20240319,410.6251,414.3946,408.3844,414.1434,19837915
20240320,414.7232,418.6149,413.4063,417.8975,17860085
20240321,422.4182,423.3911,419.7942,421.9661,21296222
20240322,422.2904,422.4477,418.723,421.347,17648473
20240325,417.9074,420.0399,414.3399,415.5684,18060450
20240326,418.271,418.6444,414.0844,414.3793,16725647
20240327,417.1211,417.131,411.7848,414.163,16704978
20240328,413.7012,414.5955,411.8929,413.4653,21871161
20240401,416.6396,420.5117,414.9394,417.2489,16315961
20240402,412.8658,415.0967,410.635,414.1729,17911992
20240403,412.4924,415.9615,411.8585,413.1999,16502264
20240404,417.6617,421.2782,410.3696,410.6743,19370875
20240405,412.7675,419.1555,411.1067,418.1825,16554761
20240408,417.8386,419.9122,416.0008,417.2686,14272387
20240409,419.0867,420.3642,414.3498,418.9294,12512289
20240410,414.9099,416.7182,412.4629,415.9615,16216581
20240411,418.4774,421.9661,415.077,420.551,17966423
20240412,416.7379,417.8478,412.5317,414.6249,19253750
20240415,419.2439,419.4601,406.301,406.5074,20273538
20240416,407.4213,411.1853,406.5959,407.4312,16765616
20240417,410.0551,411.657,403.2545,404.7384,15855485
20240418,403.5493,404.7876,396.9845,397.2989,21029917
20240419,397.0631,398.4881,390.911,392.2378,30565789
20240422,393.1812,395.9034,388.9259,394.046,20286875
20240423,397.2646,401.1612,396.1098,400.542,15734501
20240424,402.4977,405.3576,399.7657,402.0064,15065330
20240425,387.2355,392.9944,381.339,392.1591,40586450
20240426,405.0627,405.8784,398.7634,399.3136,29694654
20240429,398.262,399.3136,392.3065,395.3138,19582091
20240430,394.5669,395.2253,382.4593,382.6166,28781374
20240501,385.84,394.7928,383.5797,388.1298,23562481
20240502,390.8029,393.0338,387.8463,390.9798,17709364
20240503,395.3433,400.1293,394.9305,399.6477,17446724
20240506,401.7115,406.7924,399.3628,406.4091,16996639
20240507,407.5098,407.5196,402.0358,402.2815,20018228
20240508,401.1317,405.1217,399.7,403.4608,11792308
20240509,403.4903,405.6032,402.0457,405.2101,14689727
20240510,405.8145,408.2174,404.6991,407.5884,13402281
20240513,410.802,411.1342,403.736,406.586,15440226
20240514,404.9153,410.291,404.4534,409.377,15109306
20240515,411.4345,417.2531,410.8142,416.5344,22239533
20240516,415.2742,418.8382,413.8466,414.4767,17530050
20240517,416.0027,416.3768,411.5576,413.7088,15352239
20240520,413.7088,420.1673,413.4922,418.7594,16272137
20240521,420.2214,426.2713,418.277,422.4021,21453255
20240522,423.4359,425.72,420.5217,423.8593,18073698
20240523,426.2713,426.8916,418.8421,420.3937,17211689
20240524,420.5808,424.386,417.8438,423.5048,11855285
20240528,422.983,424.1546,419.9999,423.6623,15718024
20240529,419.104,424.2728,419.104,422.5301,15517130
20240530,417.7355,417.7355,407.8311,408.2545,28424847
20240531,410.3023,410.3023,398.2517,408.7074,47995250
20240603,409.0962,409.9872,402.5968,407.1223,17484675
20240604,406.0491,409.9971,403.3368,409.6328,14348917
20240605,411.3459,417.5189,409.8593,417.45,16988038
20240606,417.45,418.7299,414.073,417.9521,14861251
20240607,419.6061,419.6849,416.4556,417.2924,13621650
20240610,418.1293,421.457,417.3318,421.2503,14003034
20240611,418.8923,426.1237,418.6708,425.9858,14551101
20240612,428.585,436.54,426.547,434.2362,22366233
20240613,434.0294,436.5301,432.5723,434.7481,15960565
20240614,431.4943,436.2816,429.9643,435.7228,13581985
20240617,435.7376,443.9633,433.9014,441.4331,20790030
20240618,442.7474,443.1757,438.0069,439.4345,17112504
20240620,439.3951,439.6216,434.4429,438.8044,19877378
20240621,440.4584,443.6089,439.6019,442.8213,34486172
20240624,442.841,445.7453,439.5034,440.7439,15913719
20240625,441.3149,444.4359,439.8382,443.9732,16747529
20240626,442.0533,446.5822,441.2559,445.1645,16507030
20240627,445.1792,449.1124,444.7805,445.8438,14806324
20240628,446.0604,448.3346,439.5034,440.0351,28362271
20240701,441.7186,450.2938,438.765,449.6637,17662818
20240702,446.1884,452.4795,446.1027,452.1743,13979779
20240703,451.1012,453.8874,450.796,453.6412,9932830
20240705,452.4992,461.104,451.8642,460.3262,16000290
20240708,459.3318,460.464,457.2742,459.0266,12962321
20240709,459.7749,460.0997,450.9141,452.4303,17228507
20240710,454.0843,459.2432,451.7559,459.0365,18196100
20240711,455.8171,457.5892,444.5639,447.6652,23111175
20240712,447.296,449.2995,443.6729,446.5329,16324274
20240715,446.2868,450.1855,444.4457,446.9366,14429447
20240716,447.1926,447.2713,439.7495,442.5653,17175679
20240717,435.7425,437.9675,432.3853,436.6581,21754021
20240718,437.4654,437.7706,427.6792,433.5569,20794822
20240719,426.3993,434.3149,425.3164,430.3473,20940417
20240722,434.9549,437.7214,432.1219,436.0871,15808755
20240723,437.0273,441.4528,436.2446,437.9675,13107050
20240724,433.6356,434.6497,420.9697,422.2643,26805800
20240725,422.1659,423.1504,411.0505,411.9268,29943795
20240726,411.7299,422.2791,410.8142,418.6905,23583839
20240729,424.9029,425.464,418.1334,420.1279,15125836
20240730,421.1026,422.412,410.9029,416.3768,32687578
20240731,413.9894,415.2495,405.8325,411.8775,42891366
20240801,414.2749,420.8466,406.699,410.6567,30296400
20240802,406.1082,408.5794,398.0843,402.1701,29437900
20240805,383.149,394.8353,379.6145,389.0365,40709238
20240806,393.8114,399.3937,392.3346,393.4275,24946525
20240807,402.3128,403.7355,391.3206,392.2657,20650906
20240808,396.2137,399.5808,393.7531,396.4598,20203030
20240809,397.7791,401.7369,396.0388,399.7383,19276666
20240812,400.7622,402.4359,397.9892,400.5161,16762883
20240813,403.2531,408.5301,403.2334,407.6047,19414271
20240814,408.3825,411.2573,406.0645,410.4106,18266980
20240815,414.05,415.342,411.9393,415.2631,20752144
20240816,414.839,415.5689,411.5842,412.7382,22775593
20240819,413.2215,415.9733,410.7557,415.7563,15233957
20240820,415.924,420.027,415.8648,418.9815,16387581
20240821,418.2664,420.5596,415.9437,418.3305,16067298
20240822,418.5475,420.9441,408.9311,409.8582,19361901
20240823,411.2686,413.5174,406.4456,411.0812,18493784
20240826,410.662,411.5644,405.7059,407.8264,13152830
20240827,407.205,408.6845,404.6308,408.1716,13492911
20240828,409.1974,409.3157,401.7311,404.976,14882660
20240829,409.2565,416.2692,404.976,407.4615,17045241
20240830,409.9075,411.7716,406.485,411.4264,24308324
20240903,412.1859,414.1289,401.4549,403.8319,20313603
20240904,400.3502,405.6072,398.8313,403.2993,15135806
20240905,402.0368,407.4418,400.5672,402.7963,14195516
20240906,403.4571,405.0253,395.3102,396.1979,19609526
20240909,401.662,403.0527,396.6417,400.1628,15295134
20240910,402.6089,410.6275,402.1157,408.5267,19594287
20240911,409.8089,418.1826,403.97,417.2456,19266923
20240912,417.5119,421.5155,414.0007,421.1514,17418759
20240913,419.9925,425.9152,419.6325,424.6922,15874555
20240916,424.7021,427.5919,422.3547,425.4319,13834697
20240917,434.2002,435.798,426.3492,429.1897,18874231
20240918,429.0418,430.0577,424.5147,424.9092,18898042
20240919,435.1815,435.4528,430.9158,432.6812,21706559
20240920,431.2314,433.2237,428.2725,429.3081,55167106
20240923,428.3316,430.4818,424.4938,427.5722,15128891
20240924,427.0692,427.4144,420.2637,423.2916,17015754
20240925,423.9426,427.1866,422.6999,426.1914,13396364
20240926,429.1256,429.3377,423.2522,425.4023,14492044
20240927,425.6095,425.9349,421.6149,422.1574,14896131
20240930,422.3448,424.5245,419.5437,424.4062,16854606
20241001,422.5815,422.6111,413.0735,414.9278,19092945
20241002,416.7919,417.0286,411.0023,411.4166,16582257
20241003,411.9097,413.8034,408.6155,410.8346,13686421
20241004,412.5113,414.0007,409.2861,410.3612,19190913
20241007,410.302,411.3968,403.3979,403.9305,20919761
20241008,405.2719,409.9667,402.5793,409.0297,19229261
20241009,410.1639,414.622,408.6253,411.742,14974257
20241010,409.5376,411.6335,407.4911,410.1442,13848376
20241011,410.4352,411.4166,407.5897,410.6176,14144944
20241014,412.0478,418.2319,411.8012,413.399,16653086
20241015,416.3974,416.6933,409.5722,413.0045,18900201
20241016,409.4834,410.6571,404.8576,410.4204,15508932
20241017,416.5749,416.713,409.8976,411.0122,14820004
20241018,411.4264,413.902,410.5586,412.4324,17145317
20241021,410.4204,413.2215,408.0829,413.044,14206115
20241022,412.7579,424.6816,412.3141,421.6544,25482197
20241023,424.9536,425.1755,416.7426,418.7842,19654379
20241024,419.4993,420.1436,416.6144,418.9125,13581631
20241025,420.9146,426.5958,420.7223,422.2856,16899064
20241028,425.7426,426.0237,420.461,420.747,14882444
20241029,422.1377,427.2369,419.9679,426.0336,17644080
20241030,431.4434,432.4938,426.1815,426.6056,29749149
20241031,409.6708,410.4598,400.7349,400.7842,53970981
20241101,403.4078,409.8089,401.9185,404.7491,24230442
20241104,404.187,404.7935,400.0162,402.8653,19672286
20241105,402.7765,409.2171,402.4905,405.8242,17626011
20241106,406.7711,414.6911,404.8971,414.4248,26681842
20241107,415.5097,421.0034,414.1289,419.6029,19901782
20241108,419.4944,420.6582,416.0029,416.7525,16891414
20241111,416.7278,418.9914,410.302,412.2845,24503321
20241112,412.5212,418.6264,411.4856,417.2357,19401204
20241113,415.8648,423.4445,412.4818,419.376,21502185
20241114,419.1788,422.3053,414.2472,421.0429,30246881
20241115,414.0697,417.0089,407.9744,409.3157,28247644
20241118,409.1875,412.6728,406.4554,410.0653,24742013
20241119,407.4516,412.2155,405.913,412.0675,18133529
20241120,411.1601,411.5744,404.9563,409.799,19191655
20241121,414.5824,414.8591,405.4791,408.0301,20780162
20241122,406.5428,412.507,406.2414,412.1117,24814626
20241125,413.4756,416.1439,409.9869,413.8807,27691090
20241126,414.6664,424.012,413.94,422.9729,23458889
20241127,420.1217,422.2217,417.0729,418.0315,18332444
20241129,415.1655,419.9042,412.9024,418.496,16271921
20241202,416.6282,427.9242,416.3712,425.9279,20207223
20241203,424.8012,427.4004,422.7258,426.1453,18301987
20241204,427.9538,434.516,427.5585,432.2924,26009429
20241205,432.7865,439.4475,431.058,437.4314,21697775
20241206,437.1152,440.8706,436.5917,438.3703,18821002
20241209,437.4116,443.0745,435.3363,440.7915,19144388
20241210,439.1807,444.3493,436.4234,438.1331,18469459
20241211,438.8446,445.0708,438.8446,443.7267,19200208
20241212,443.8453,450.8174,443.8453,444.29,20834779
20241213,443.1782,446.1381,440.3567,442.0269,20177833
20241216,442.0269,446.8793,440.0602,446.2963,23598834
20241217,445.7231,449.9529,444.2999,449.1326,22733494
20241218,446.0294,447.3438,431.897,432.2627,24444545
20241219,436.4431,437.9882,431.2053,431.9069,22963681
20241220,428.0329,438.5383,423.6054,431.482,64263694
20241223,431.6203,432.5197,427.7562,430.1478,19152519
20241224,429.5548,434.4468,429.1002,434.18,7164543
20241226,433.9329,435.7711,431.5116,432.9743,8199927
20241227,429.5054,430.1181,421.3521,425.4831,18117713
20241230,421.0655,422.5381,416.9543,419.8499,13158703
20241231,421.1051,421.7277,415.7288,416.559,13246509
20250102,420.5417,421.0754,409.9869,413.6732,16896469
20250103,416.1439,419.0593,414.622,418.3873,16662943
20250106,422.9828,429.2287,420.4898,422.8345,20573648
20250107,423.9711,425.6017,415.8672,417.4188,18139065
20250108,418.496,421.9649,416.5985,419.5831,15054575
20250110,419.6523,419.7314,410.1549,414.0389,20201132
20250113,410.3674,413.5941,407.4569,412.2995,17604780
20250114,412.9122,414.8196,405.9053,410.7973,16935856
20250115,414.2168,423.131,413.3619,421.3126,19637838
20250116,423.6696,424.4553,419.4151,419.6029,15300023
20250117,428.9965,429.3868,423.1508,424.0007,26197507
20250121,425.157,425.8487,420.606,423.4769,26085703
20250122,432.4307,442.0269,430.889,440.9694,27803811
20250123,436.8187,441.513,436.3293,441.4735,18389270
20250124,439.9416,441.4142,436.2257,438.8545,15549453
20250127,419.0396,430.0984,418.5355,429.4659,35647805
20250128,429.5054,443.1239,426.3232,441.9577,23491703
20250129,441.4537,441.6415,435.2374,437.1448,23581370
20250130,413.861,417.903,408.3167,410.1253,54586260
20250131,414.0685,415.7585,410.0462,410.1945,34223388
20250203,406.775,410.5404,403.8695,406.103,25679149
20250204,407.8473,409.0677,404.9368,407.536,20532096
20250205,407.5162,408.9759,405.5891,408.4452,16336188
20250206,409.1469,413.2977,409.1469,410.9456,16309755
20250207,411.5978,413.7424,403.3161,404.9467,22886844
20250210,408.8603,410.5922,406.103,407.3878,20817919
20250211,404.838,407.6546,404.502,406.6169,18140592
20250212,402.4365,405.935,399.6271,404.245,19121734
20250213,402.229,406.1821,401.5965,405.7275,23891731
20250214,403.0097,404.1166,401.1221,403.6422,22758464
20250218,403.2172,405.7838,401.7348,404.838,21423051
20250219,403.0986,410.6194,402.8713,409.9079,24114197
20250220,411.2447,415.2255,408.5215,412.0765,23508728
20250221,413.2698,413.9758,403.9168,404.2336,27524799
20250224,404.5307,405.3823,395.4302,400.0647,26443656
20250225,397.1929,398.0,392.8358,394.0241,29387402
20250226,394.133,399.6686,390.4047,395.8362,19618954
20250227,397.3563,401.7877,388.3499,388.7064,21127406
20250228,388.8302,393.7567,382.8044,393.1229,32845658
20250303,394.9351,394.9351,382.3935,384.7057,23007726
20250304,379.6653,388.7559,377.2887,384.8246,29342923
20250305,385.5475,397.7574,385.0226,397.1137,23433132
20250306,390.4393,398.2327,388.8526,393.0239,23304625
20250307,388.4984,390.9543,381.7845,389.4788,22034087
20250310,382.0815,382.6361,373.5455,376.4569,32840134
20250311,375.3082,382.24,373.2385,376.7441,30380177
20250312,379.2197,381.4641,375.2594,379.5366,24253567
20250313,379.4227,381.5666,373.7733,375.0804,20473017
20250314,376.0756,386.4288,375.8132,384.7751,19952846
20250317,382.9332,388.8797,381.8142,384.9137,22474272
20250318,383.2996,383.5966,377.3877,379.7841,19486850
20250319,381.7696,385.8841,380.2595,384.0423,19185532
20250320,381.9776,387.9686,379.5465,383.0718,18470542
20250321,379.4821,387.9241,379.0712,387.4488,39675928
20250324,391.5484,391.5484,386.0129,389.251,21004548
20250325,390.0779,392.4991,388.8153,391.3108,15774968
20250326,391.1523,391.4593,384.785,386.1713,16132906
20250327,386.3298,388.4192,383.6214,386.7754,13766761
20250328,384.2997,385.3395,373.2583,375.1101,21632016
20250331,368.9062,373.397,363.6627,371.7333,35184676
20250401,371.0006,379.1207,369.5944,378.4671,19689503
20250402,374.2833,381.329,372.9514,378.4176,16092555
20250403,371.1342,373.803,365.7522,369.4756,30197997
20250404,360.5781,370.9411,355.9783,356.3348,49209854
20250407,347.4621,367.386,341.4314,354.3741,50424998
20250408,364.6678,370.0103,346.8382,351.1062,35868918
20250409,350.0912,389.3946,349.6605,386.6863,50199696
20250410,378.3384,380.1604,364.2173,377.6353,38024368
20250411,376.9273,386.2505,375.1992,384.6661,23839220
20250414,389.3897,390.8057,380.4674,384.0324,19251172
20250415,384.7206,388.0726,380.4178,381.9726,17199890
20250416,376.9619,377.8928,364.4153,367.9902,21967826
20250417,370.1044,370.6753,363.3161,364.1975,21120192
20250421,359.2808,360.9296,352.2054,355.6218,20807279
20250422,359.8354,364.1876,356.3548,363.2468,19484993
20250423,372.3968,376.6846,369.3864,370.7431,20545526
20250424,372.0354,384.6661,371.5353,383.5273,22232289
20250425,383.2302,388.34,380.8536,388.033,18973165
20250428,388.137,388.9143,382.8718,387.3497,16579430
20250429,387.4884,391.2513,386.5773,390.2017,14973976
20250430,386.4981,392.7962,380.6952,391.4098,36461075
20250501,426.9106,432.7333,420.7611,421.2562,58938100
20250502,427.5344,435.1594,425.7965,431.04,30757434
20250505,428.6534,435.2188,427.9008,431.9213,20136053
20250506,427.99,433.4661,426.97,429.0891,15104204
20250507,429.614,433.8523,426.9109,429.1288,23307241
20250508,433.6641,439.3482,431.4163,433.9018,23491330
20250509,435.714,436.4468,431.6341,434.4564,15324233
20250512,441.5961,444.9927,435.4961,444.8838,22821935
20250513,443.4182,446.2833,441.0218,444.7649,23618819
20250514,443.7747,449.4786,443.7747,448.5279,19902796
20250515,447.1934,452.5754,446.8611,449.5396,21992323
20250516,448.4682,450.7599,445.1745,450.6706,23849781
20250519,447.3025,455.9435,447.2281,455.2342,21336509
20250520,451.9801,454.7084,450.7203,454.5397,15441808
20250521,450.9682,454.1528,448.2341,448.9841,19216906
20250522,451.3452,456.6032,450.3035,451.2559,18025612
20250523,446.4146,450.0952,445.3531,446.613,16883509
20250527,452.8631,457.2977,452.501,457.0397,20974293
20250528,457.5655,458.8552,453.3095,453.7361,17086261
20250529,457.8929,458.0616,451.7029,455.0457,13982211
20250530,456.0725,458.0219,451.9305,456.7124,34770475
20250602,453.5179,458.4485,453.2698,458.3096,16626495
20250603,457.8136,460.4624,457.2106,459.3017,15743760
20250604,460.3235,462.0001,459.3514,460.1945,14162688
20250605,461.2709,465.9287,460.3533,463.9744,20154460
20250606,466.3603,469.5845,465.0656,466.653,15285624
20250609,465.9783,469.6788,464.9069,469.0042,16469932
20250610,467.4516,469.0538,463.2601,467.1887,15375944
20250611,466.2958,471.7026,465.9337,468.8752,16399176
20250612,471.2562,476.6084,469.7681,475.0757,18950582
20250613,472.6352,475.3832,469.0141,471.1967,16814456
20250616,471.4447,476.8855,471.2364,475.3435,15626104
20250617,471.6282,474.9466,470.3236,474.2523,15414128
20250618,474.2126,477.1888,470.7006,476.4348,17526452
20250620,478.4091,479.6293,473.0915,473.6173,37576206
20250623,474.4209,483.8853,468.7661,482.1492,24863952
20250624,485.0758,487.9518,482.9379,486.2266,22305642
20250625,488.1413,490.637,485.5123,488.3695,17495099
20250626,489.0739,494.0938,488.9052,493.5085,21578853
20250627,493.6077,495.3438,489.1235,492.0104,34539236
20250630,493.1017,496.7922,491.4053,493.4688,28368991
20250701,492.5362,494.1037,487.0897,488.1513,19945375
20250702,486.1076,489.5898,484.8278,487.1989,16319641
20250703,489.8973,496.1672,489.5302,494.8875,13984829
20250707,493.439,494.7982,491.3011,493.7763,13981605
20250708,493.3001,494.2525,490.1949,492.685,11846586
20250709,496.3359,502.7645,495.7803,499.5205,18659538
20250710,499.0641,500.4431,493.8061,497.5065,16498740
20250711,494.5204,501.0284,493.8507,499.332,16459512
20250714,497.5413,499.9768,497.0601,499.0343,12058848
20250715,499.0343,504.2725,498.8062,501.8121,14927202
20250716,501.1772,502.705,497.9133,501.6137,15154374
20250717,501.6733,509.3023,501.6137,507.6456,17503129
20250718,510.4035,510.5623,503.4094,506.0086,21209666
20250721,502.6901,508.0325,501.5443,506.0186,14066805
20250722,506.9213,507.1495,501.2665,501.2665,13868644
20250723,502.7348,502.7745,496.7327,501.8618,16396585
20250724,504.7388,509.6,503.2804,506.8321,16107000
20250725,508.4045,514.1833,506.3154,509.6396,19125699
20250728,510.0067,510.9194,506.0781,508.4392,14308027
20250729,511.4452,513.5187,507.5067,508.5087,16469235
20250730,511.0881,511.8619,505.3985,509.1734,26380434
20250731,550.8257,551.0489,527.6855,529.2728,51617326
20250801,530.7609,531.5546,516.733,519.9572,28977628
20250804,524.0843,533.9852,523.9454,531.3959,25349004
20250805,532.9237,533.0427,523.0624,523.5684,19171569
20250806,526.6934,527.4871,519.8779,520.7807,21355702
20250807,522.6259,523.9057,513.4503,516.7131,16079144
20250808,518.4592,520.5029,515.2945,517.9036,15531009
20250811,518.1616,523.4097,515.602,517.6358,20194372
20250812,519.6001,526.7728,518.5584,525.0466,18688921
20250813,527.8938,528.4792,515.2548,516.4552,19619160
20250814,518.4195,521.7826,516.0187,518.3401,20269074
20250815,518.6278,521.9315,514.9671,516.0484,25213272
20250818,517.4522,518.6775,509.9472,513.0028,23760583
20250819,510.9194,511.0822,504.5205,505.7309,21481016
20250820,505.8251,506.9511,500.4431,501.7129,27723025
20250821,500.5204,504.4356,499.5566,501.0669,18443254
20250822,501.0769,507.5161,499.2484,504.0381,24324161
20250825,503.4419,504.9921,500.9477,501.0868,21638579
20250826,501.1812,501.8001,495.373,498.8808,30835709
20250827,498.841,504.0977,496.7542,503.5512,17277893
20250828,503.899,507.8738,502.319,506.4329,18015593
20250829,505.4591,506.3932,501.3168,503.5015,20961569
20250902,497.3157,502.8158,493.6837,501.9414,18127995
20250903,500.6198,504.5946,499.159,502.1699,16345078
20250904,501.1265,504.9523,499.9838,504.7734,15509486
20250905,505.8665,508.7483,489.2716,491.8851,31994846
20250908,494.9705,498.0411,491.9149,495.0649,16771015
20250909,498.2746,499.0894,494.5681,495.2736,14410542
20250910,499.8148,500.0632,493.5942,497.2213,21611816
20250911,499.0894,500.0037,494.7469,497.8572,18881608
20250912,503.4618,509.3246,500.6794,506.6913,23624884
20250915,505.5883,512.2263,503.8096,512.1169,17143786
20250916,513.6274,513.9752,505.3995,505.8367,19711922
20250917,507.4068,508.0726,502.7463,506.8105,15816585
20250918,508.2713,509.8414,504.4654,505.2504,18913696
20250919,507.3471,516.0321,507.0987,514.6708,52474093
20250922,512.3455,514.482,509.3197,511.2127,20009314
20250923,510.5668,511.3517,504.1176,506.0255,19799580
20250924,507.1683,509.2551,503.7301,506.9397,13533711
20250925,505.1014,506.8006,501.8619,503.8394,15786468
20250926,506.8503,510.7059,503.4319,508.2415,16213129
20250929,508.2812,513.5926,505.6777,511.3617,17617775
20250930,510.0103,514.8993,506.4528,514.6906,19728229
20251001,511.5605,517.2296,508.47,516.4396,22632336
20251002,514.3826,518.3177,507.4655,512.4946,21222886
20251003,513.846,517.2147,511.7592,514.0944,15112321
20251006,515.3465,527.6883,514.9391,525.2438,21388581
20251007,524.9606,526.4661,518.1587,520.6827,14615208
20251008,519.9871,523.634,519.7983,521.5472,13363447
20251009,519.0481,521.0255,514.1441,519.1126,18343602
20251010,516.37,520.2852,506.423,507.7446,24133840
20251013,513.1603,513.1603,508.4601,510.8152,14284238
20251014,507.0143,512.0394,502.8158,510.3382,14684300
20251015,511.7145,513.9354,506.7907,510.1991,14694654
20251016,509.3544,513.5976,504.9324,508.3905,15559565
20251017,505.8367,512.2362,504.1176,510.3481,19867765
20251020,511.3717,515.4359,510.1991,513.5379,14665620
20251021,514.2435,515.426,509.8115,514.4025,15586204
20251022,517.8705,521.9248,514.4522,517.2643,18962694
20251023,519.1723,520.6529,515.3465,517.2842,14023532
20251024,519.5002,522.0391,517.4333,520.315,15532360
20251027,528.4336,531.216,525.681,528.1753,18734716
20251028,546.539,550.2356,537.367,538.6589,29986683
20251029,541.5108,542.8324,533.3512,538.1421,36023004
20251030,527.1418,531.6035,518.8344,522.4515,41023088
20251031,525.5469,525.9891,511.8586,514.5515,34006424
20251103,516.534,521.6565,511.3518,513.7764,22374742
20251104,508.5396,512.3057,504.6443,511.0934,20958663
20251105,510.0699,511.5903,503.3872,503.9685,23024342
20251106,502.478,502.5177,492.69,493.9718,27406496
20251107,493.8178,496.2345,490.1461,493.6936,24019764
20251110,496.8884,503.6605,495.6612,502.8158,26101480
20251111,501.6234,506.3932,499.1876,505.479,17980020
20251112,506.1497,508.4502,495.9792,507.9235,26574851
20251113,507.0987,510.2686,498.1355,500.1229,25273114
20251114,495.0947,508.3806,494.3097,506.9695,28505746
20251117,505.2504,508.8973,501.7327,504.2965,19092752
20251118,492.2478,499.8148,483.7168,490.6827,33815114
20251119,487.0159,492.0711,479.7916,484.0547,23245314
20251120,490.5258,491.382,473.3921,476.3091,26802542
20251121,476.3788,476.7969,466.1941,470.0271,31769248
20251124,472.8943,474.7859,465.9452,471.8987,34421046
20251125,471.9684,477.0259,462.8291,474.8755,28019793
20251126,484.1541,486.1453,479.0668,483.3477,25709079
20251128,485.4335,490.4461,484.4926,489.8289,14386730
20251201,486.2697,487.6883,482.499,484.5822,23963993
20251202,484.5574,491.3122,484.1641,487.8278,19562722
20251203,474.2084,482.0933,473.0934,475.6122,34615102
20251204,477.6332,479.1883,474.3777,478.7084,22318155
20251205,480.376,481.257,476.7572,481.0181,22608710
20251208,482.7355,490.1176,482.2327,488.8433,21965900
20251209,486.9318,489.9384,486.3345,489.8388,14696078
20251210,481.8843,482.1033,472.9739,476.4385,35756229
20251211,474.5171,483.8754,473.7505,481.3267,24669180
20251212,477.6929,480.3113,474.2283,476.4086,21248102
20251215,477.9717,478.5894,470.4253,472.7151,23727694
20251216,469.813,475.7715,468.7926,474.2781,20705560
20251217,474.7908,477.8721,472.8943,474.0093,24527176
20251218,476.0701,487.4296,475.7715,481.8345,28573545
20251219,485.1995,485.6873,480.3511,483.7659,70836105
20251222,483.965,486.5634,480.5502,482.7703,16963019
20251223,482.83,485.6674,482.5911,484.6918,14683582
20251224,483.5269,486.994,482.6807,485.8566,5855880
20251226,484.5474,485.9561,483.8057,485.5479,8842175
20251229,482.7056,486.1851,482.0336,484.9406,10893408
20251230,483.7758,487.5092,483.3477,485.319,13944512
20251231,485.6774,485.976,481.1575,481.4761,15601554
20260102,482.2377,482.5115,468.0757,470.8434,25571567
20260105,471.9535,473.9595,467.4187,470.7538,25250260
20260106,471.6996,476.6144,467.6676,476.3887,23037665
20260107,477.6282,487.5291,475.8312,481.3267,25564196
20260108,479.1066,480.5203,473.7505,475.9905,18162616
20260109,471.9585,477.6929,470.1068,477.1553,18491036
20260112,474.5569,478.8577,473.5716,475.0646,23519895
20260113,472.5707,473.6707,463.8844,468.5835,28545800
20260114,464.3921,466.1244,455.1434,457.3435,28184302
20260115,462.0625,462.1919,453.879,454.6356,23225839
20260116,455.8004,461.1366,454.4564,457.8214,34246650
20260120,449.2147,454.775,447.2883,452.5051,26129992
20260121,450.5886,450.6832,436.7353,442.1412,37980510
20260122,445.6357,450.8325,442.7286,449.1401,25349378
20260123,449.8668,469.0116,448.5328,463.8844,38000159
20260126,463.2423,472.1476,459.9519,468.1952,29291235
20260127,471.6001,480.7294,471.0624,478.4496,29213923
20260128,481.0679,481.5955,475.881,479.4949,36875403
20260129,438.0395,440.5384,419.1536,431.5783,128855323
20260130,437.2231,437.6512,424.5595,428.3825,58566819
20260202,428.3277,428.8265,420.3781,421.4932,42219858
20260203,420.1392,420.179,406.7488,409.3871,61424123
20260204,409.178,417.939,407.4258,412.3539,45012374
20260205,405.6338,406.49,390.5808,391.9248,66289247
20260206,397.3955,400.0088,391.1782,399.3617,53515311
20260209,403.0553,413.0508,399.0929,411.7665,45480526
20260210,417.7598,421.8018,410.8705,411.4379,44857850
20260211,414.3301,414.6138,399.2323,402.5774,42491012
20260212,403.2046,404.3993,396.2456,400.0586,40802362
20260213,402.657,403.7422,396.2854,399.5409,34091553
20260217,397.4502,398.7445,392.776,395.1007,32078794
20260218,396.3651,400.7754,394.5631,397.8285,23223417
20260219,399.8241,403.556,395.8128,397.5989,28234001
20260220,395.254,399.2512,394.3061,396.3716,34015249
20260223,394.1464,394.5056,382.2721,383.6392,43238273
20260224,383.3099,388.5186,380.8851,388.1594,33884653
20260225,389.6811,400.6024,389.3169,399.7343,43625483
20260226,403.8354,406.6094,397.8783,400.8519,34405869
20260227,390.0353,395.9625,389.0375,391.8913,51367196
20260302,392.006,400.323,389.7858,397.6887,35474907
20260303,392.2904,405.8211,391.8214,403.0571,38199209
20260304,400.3979,410.1444,399.4449,404.3244,35807990
20260305,403.546,410.7205,403.5261,409.7925,39001315
20260306,408.3157,412.1574,407.6273,408.0762,31123859
20260309,404.04,409.3235,402.628,408.5253,30131854
20260310,409.1439,409.3136,402.0593,404.8832,31706375
20260311,404.6936,408.1261,400.7222,404.0051,25512139
20260312,403.7556,405.2424,400.8419,400.9916,27263886
20260313,400.1334,403.9252,393.398,394.6952,26848000
20260316,397.2098,399.7642,393.9369,399.0857,27733721
20260317,399.405,403.5261,396.8855,398.5469,26228279
20260318,396.2668,397.1399,390.155,390.9433,25908484
20260319,389.257,391.6418,386.2236,388.1793,25138772
20260320,385.9541,386.1637,379.2986,381.0448,50853154
20260323,383.0704,386.3732,380.8552,382.1723,29680059
20260324,381.5337,381.6435,371.0464,371.9345,42733625
20260325,376.1055,376.2452,368.8312,370.2382,31181163
20260326,370.0137,373.9101,364.4008,365.1791,36836574
20260327,361.1179,361.6667,355.7396,355.999,37883400
20260330,361.1129,364.5705,355.5101,358.1843,44797002
20260331,363.7622,372.0942,362.2854,369.3701,45244365
20260401,372.6829,373.1818,367.4043,368.5718,29417206
20260402,366.4115,372.8326,363.3631,372.653,24099067
20260406,372.6829,372.9224,368.7029,372.0742,16146572
20260407,369.5397,371.6451,365.7679,371.4855,21443349
20260408,384.1481,384.168,370.6074,373.5211,33064818
20260409,371.695,372.6929,366.2568,372.2638,30435297
20260410,372.174,374.8282,369.2304,370.0685,28111128
20260413,372.7976,383.709,370.2182,383.5394,35745781
20260414,387.0767,393.8371,385.6847,392.2605,37504486
20260415,397.1399,413.4744,395.8727,410.3314,45063389
20260416,418.9527,419.9106,411.2494,419.3518,41642361
20260417,423.902,430.6474,419.7809,421.8764,48568190
20260420,420.2349,422.4152,415.4004,417.1666,27582237
20260421,419.3319,426.2569,416.2984,423.2434,32048495
20260422,425.264,432.7628,422.7544,431.9845,29378173
20260423,418.9776,422.7445,410.521,414.8516,38307959
20260424,416.0689,424.0317,414.9015,423.7024,27457404
20260427,421.4622,426.187,416.1688,423.902,30867303
20260428,423.6525,428.9909,420.9883,428.3224,30438087
20260429,423.6575,425.8976,419.3818,423.5427,38288316
20260430,409.9222,413.5244,397.1499,406.8988,70909408
20260501,411.9079,416.2086,409.548,413.5444,31372361
20260504,410.6507,419.8707,409.9123,412.7262,28066528
20260505,414.4225,415.8792,407.9166,410.491,25700891
20260506,407.1183,417.5186,404.2346,413.0654,30285898
20260507,419.2021,427.0551,417.8551,419.8607,34942445
20260508,416.483,417.7253,413.1053,414.2229,33383790
20260511,406.9886,411.7982,404.6237,411.7682,35657943
20260512,413.5843,414.6021,405.7613,406.8888,38594221
20260513,402.3287,405.432,400.1634,404.3343,29667073
20260514,403.6059,410.95,400.0137,408.5452,27077542
20260515,413.3748,427.2447,412.0177,421.0082,50771160
20260518,415.7197,424.2013,414.7119,422.6247,32564130
20260519,428.971,431.7649,415.59,416.518,33018678
20260520,413.27,421.1878,410.4113,420.1501,27864016
20260521,424.75,426.34,415.71,419.09,31393469
20260522,419.535,424.4,416.33,418.57,22390344
20260526,416.43,419.77,413.02,416.03,30398049
20260527,411.01,415.94,409.58,412.67,28901479
20260528,412.975,429.49,412.67,426.99,47250541
20260529,432.545,450.33,432.36,450.24,79654376
20260601,464.84,466.32,458.27,460.52,53628910
20260602,446.88,453.5,440.43,441.31,37036801
20260603,438.45,440.39,424.25,427.34,39037007
20260604,435.81,436.15,426.41,428.05,26899511
20260605,428.34,429.47,414.4,416.67,34782164
20260608,414.14,417.1599,408.56,411.74,32086714
20260609,409.03,411.98,398.48,403.41,35317302
20260610,398.55,405.04,397.16,397.36,32576041
20260611,395.205,396.85,384.0,390.34,47224135
20260612,391.43,391.74,382.27,390.74,34922036
20260615,396.795,401.75,392.845,399.76,32266437
20260616,395.79,396.84,390.69,393.83,31506846
20260617,390.25,390.37,377.32,378.91,41987834
20260618,377.82,381.37,373.28,379.4,59714157
20260622,375.74,381.63,367.07,367.34,45171106
20260623,372.38,377.22,370.67,373.94,40647605
20260624,371.57,378.88,364.78,365.46,44509854
20260625,362.77,364.23,349.2,352.83,66360473
20260626,357.15,376.61,355.43,372.97,186201631
20260629,377.5,380.5,359.9,368.57,51229885
20260630,371.03,374.15,367.45,373.02,44945696
20260701,380.825,388.83,374.89,384.28,48065801
20260702,384.48,392.2,383.7,390.49,42194409
20260706,387.04,389.15,381.22,386.74,34224543
20260707,392.49,395.57,388.22,388.84,29297524
20260708,384.03,385.31,381.33,383.34,25908255
20260709,374.45,384.65,373.35,384.36,31083197
20260710,387.8,391.91,381.5,385.1,24644605
20260713,387.745,393.65,384.15,390.99,28914877
20260714,382.82,388.19,378.65,384.93,27863916
20260715,387.8,398.96,386.4,395.63,36253745
20260716,398.31,405.99,392.0501,401.1,37047443
20260717,394.855,398.39,389.39,393.82,33049842
20260720,391.41,403.18,389.65,402.29,27915762
20260721,398.805,401.47,396.32,397.75,24126632
20260722,399.58,401.0,386.96,390.34,28142511
20260723,389.965,391.78,377.39,381.58,30351752
20260724,387.05,389.03,380.65,381.7,27659388
20260727,390.08,394.2,387.99,389.1,27856160
20260728,393.16,400.32,391.3,393.35,32367546
