date,open,high,low,close,volume
20180102,4.8346,4.9265,4.803,4.9228,8890417
20180103,5.0401,5.2772,5.0315,5.2468,22867591
20180104,5.328,5.3846,5.2522,5.2745,14581720
20180105,5.2893,5.3564,5.2125,5.3191,14503103
20180108,5.4426,5.5562,5.3977,5.4821,22030422
20180109,5.4876,5.5271,5.3992,5.4806,12424995
20180110,5.3883,5.5271,5.334,5.5236,14566626
20180111,5.5562,5.5876,5.512,5.5335,10150767
20180112,5.5216,5.556,5.4658,5.5063,8997902
20180116,5.5328,5.6182,5.351,5.4355,17558687
20180117,5.45,5.5592,5.3562,5.5493,13460222
20180118,5.53,5.5967,5.4989,5.5424,10215841
20180119,5.6325,5.7066,5.6056,5.6824,15234486
20180122,5.6903,5.7725,5.6328,5.7708,13773561
20180123,5.8241,5.9224,5.8056,5.8997,11880705
20180124,5.9029,5.9388,5.7673,5.8229,14499309
20180125,5.8772,5.9205,5.8217,5.8365,10247091
20180126,5.8802,6.0091,5.8674,6.0089,12908854
20180129,5.9943,6.1269,5.9417,6.0958,11377853
20180130,5.954,6.0852,5.8874,5.9938,14270844
20180131,6.0691,6.1555,6.0365,6.0699,11964444
20180201,5.8901,6.097,5.8787,5.939,12980572
20180202,5.8525,5.8765,5.7086,5.7666,17961555
20180205,5.6056,5.7594,5.0623,5.2772,29130140
20180206,5.0475,5.5735,5.0376,5.5705,27870031
20180207,5.6693,5.8024,5.5982,5.6501,20073316
20180208,5.7755,5.8086,5.3713,5.3715,28599976
20180209,5.8834,5.8992,5.3715,5.731,41865077
20180212,5.8119,5.815,5.557,5.631,27329342
20180213,5.5947,5.7908,5.5624,5.7446,15638119
20180214,5.7044,5.9906,5.6933,5.9617,18624749
20180215,6.0448,6.1333,5.9642,6.0871,17472515
20180216,6.06,6.1736,6.0123,6.0215,15941426
20180220,6.0439,6.2197,6.0402,6.1509,17155962
20180221,6.2153,6.2222,5.9602,5.9639,22307344
20180222,5.9978,6.0694,5.918,5.9834,13359133
20180223,6.0432,6.0768,5.9926,6.0768,10382510
20180226,6.123,6.1275,6.0306,6.0929,11732844
20180227,6.0662,6.1505,6.0571,6.08,11385899
20180228,6.0909,6.1305,5.9681,5.9797,13077878
20180301,5.9775,6.0314,5.6369,5.7378,26002972
20180302,5.6303,5.8512,5.4818,5.8448,22835685
20180305,5.7947,5.8624,5.6714,5.8228,15519413
20180306,5.9081,6.003,5.8651,5.9837,15920243
20180307,5.8809,6.0279,5.8797,5.9758,14530226
20180308,6.0032,6.0032,5.9153,5.9595,10297761
20180309,6.0069,6.0749,5.9909,6.062,12638148
20180312,6.1033,6.2515,6.0952,6.1715,15126541
20180313,6.2142,6.2886,6.0796,6.1208,15494309
20180314,6.1638,6.191,6.084,6.1463,12637361
20180315,6.1599,6.2421,6.1191,6.1611,10048837
20180316,6.1774,6.2083,6.1398,6.1893,9986432
20180319,6.1324,6.1613,5.8562,5.955,17844338
20180320,5.958,6.2058,5.958,6.167,13867409
20180321,6.1606,6.2268,6.1114,6.1418,10967216
20180322,6.0786,6.125,5.9387,5.976,13779919
20180323,5.9896,5.9963,5.7455,5.7566,18390461
20180326,5.8809,6.0422,5.829,6.041,15285640
20180327,6.1218,6.1774,5.4323,5.5725,35225012
20180328,5.5382,5.6681,5.362,5.4695,23647648
20180329,5.5375,5.8191,5.4534,5.7225,22915692
20180402,5.6521,5.7981,5.3743,5.4621,23052315
20180403,5.6289,5.6919,5.4695,5.5683,16685759
20180404,5.3128,5.6007,5.2879,5.5903,19729161
20180405,5.6486,5.6617,5.3988,5.4702,17530973
20180406,5.3677,5.4757,5.265,5.294,16574720
20180409,5.357,5.4848,5.3027,5.3227,12488120
20180410,5.5527,5.6585,5.4957,5.6316,19118807
20180411,5.6167,5.6579,5.5577,5.5903,11506057
20180412,5.6832,5.8147,5.6391,5.7969,14847950
20180413,5.8604,5.8688,5.6721,5.7203,12575892
20180416,5.727,5.7534,5.6259,5.72,8769776
20180417,5.7722,5.8908,5.7166,5.8695,11180638
20180418,5.8191,5.9118,5.7517,5.8406,9784058
20180419,5.7263,5.7598,5.6041,5.6595,11799933
20180420,5.6508,5.7351,5.6202,5.6513,9654966
20180423,5.6691,5.7203,5.506,5.532,10687723
20180424,5.5577,5.6536,5.4005,5.4658,10364894
20180425,5.4361,5.475,5.1964,5.3536,14712343
20180426,5.5152,5.5733,5.4492,5.5651,9395574
20180427,5.6709,5.6906,5.5503,5.5925,10021245
20180430,5.6088,5.6585,5.5379,5.5572,8196067
20180501,5.549,5.6153,5.4905,5.6125,6344727
20180502,5.6091,5.6536,5.5658,5.592,6706185
20180503,5.6239,5.7833,5.5787,5.7571,11078640
20180504,5.7284,5.9103,5.7111,5.9071,10016538
20180507,6.0117,6.2019,6.0017,6.1448,17190378
20180508,6.145,6.19,6.0961,6.1873,12665374
20180509,6.2073,6.3225,6.1801,6.3202,14918980
20180510,6.3731,6.4369,6.3553,6.4277,24852029
20180511,6.2461,6.4193,6.1907,6.2893,30361406
20180514,6.3274,6.3872,6.2861,6.3098,13078477
20180515,6.2463,6.2491,5.9674,6.0677,24088210
20180516,6.0291,6.1408,5.9923,6.0788,13845706
20180517,6.0806,6.2145,6.0645,6.1208,12994605
20180518,6.1727,6.236,6.0721,6.0771,12092942
20180521,6.1744,6.1781,5.9424,6.0351,16015620
20180522,6.0484,6.0736,5.9365,5.997,12956637
20180523,5.9409,6.1216,5.9402,6.1204,11073926
20180524,6.1167,6.1664,6.0636,6.1241,10934295
20180525,6.1367,6.1797,6.1011,6.1634,7302782
20180529,6.1454,6.2144,6.0996,6.1464,8817083
20180530,6.18,6.2638,6.1553,6.2552,9774864
20180531,6.2233,6.3098,6.2126,6.2354,12346709
20180601,6.2801,6.3758,6.2715,6.3696,10549248
20180604,6.4037,6.5704,6.3716,6.5484,16050641
20180605,6.5516,6.5914,6.5069,6.5538,9792801
20180606,6.4638,6.559,6.4475,6.5558,9283856
20180607,6.5521,6.5639,6.4099,6.5002,9236216
20180608,6.4275,6.5274,6.4087,6.4848,9011443
20180611,6.4722,6.5138,6.4309,6.4438,6634253
20180612,6.4703,6.5044,6.4201,6.4923,7978985
20180613,6.4937,6.5687,6.4787,6.4878,8455159
20180614,6.5328,6.6559,6.518,6.5993,10750411
20180615,6.5422,6.6134,6.5113,6.5585,10806488
20180618,6.5145,6.5719,6.4873,6.5543,8906674
20180619,6.4512,6.5185,6.3053,6.4327,14873324
20180620,6.4738,6.5385,6.4354,6.4856,9244494
20180621,6.5175,6.5358,6.3494,6.357,8987906
20180622,6.3778,6.3911,6.1894,6.2047,10853954
20180625,6.0984,6.1021,5.8237,5.9122,16645431
20180626,6.0255,6.0737,5.9318,5.9832,11972137
20180627,6.0267,6.093,5.8227,5.8282,11347303
20180628,5.8183,5.9671,5.8106,5.9552,8450297
20180629,6.0203,6.0329,5.8561,5.8573,9807477
20180702,5.7879,5.9931,5.7675,5.9894,8939348
20180703,6.024,6.0299,5.8474,5.8558,5568325
20180705,5.911,6.0064,5.8722,6.0015,7655448
20180706,5.977,6.1235,5.9557,6.1152,7408822
20180709,6.1894,6.199,6.0841,6.1627,7597022
20180710,6.175,6.2836,6.1347,6.2616,9000390
20180711,6.1689,6.2035,6.1095,6.1202,9187660
20180712,6.1654,6.2596,6.1555,6.2116,8637673
20180713,6.2302,6.2302,6.1224,6.1644,6179078
20180716,6.1367,6.1896,6.1244,6.1367,4925926
20180717,6.0875,6.2875,6.0621,6.2725,9053395
20180718,6.265,6.2789,6.1723,6.2233,6941041
20180719,6.2045,6.265,6.1894,6.2314,5893783
20180720,6.2289,6.2678,6.1924,6.2032,5562161
20180723,6.1768,6.1785,6.0151,6.1666,7539621
20180724,6.2146,6.3011,6.1318,6.1493,8865545
20180725,6.1587,6.2401,6.1009,6.2275,8004551
20180726,6.2074,6.3377,6.1906,6.3009,8128128
20180727,6.3375,6.3444,6.1773,6.2312,7385535
20180730,6.2453,6.2512,6.0012,6.0361,8508539
20180731,6.0257,6.1288,5.9869,6.0541,7099696
20180801,6.0855,6.1407,6.0301,6.0939,7088889
20180802,6.0227,6.2005,5.9639,6.1966,6741689
20180803,6.221,6.2569,6.2042,6.2331,5357202
20180806,6.2205,6.2843,6.174,6.2809,5187665
20180807,6.3296,6.3716,6.3029,6.3531,6453260
20180808,6.3543,6.4344,6.3194,6.3894,6552462
20180809,6.4072,6.4099,6.3333,6.3409,5106962
20180810,6.2591,6.332,6.248,6.2997,6415668
20180813,6.3083,6.4532,6.3066,6.3325,9380158
20180814,6.4379,6.4779,6.3548,6.4638,11655486
20180815,6.4846,6.5184,6.3271,6.4057,14778394
20180816,6.4755,6.4779,6.3051,6.3652,20031476
20180817,6.2539,6.2547,6.0262,6.0532,28579694
20180820,6.0126,6.2603,5.9023,6.1278,21359655
20180821,6.1441,6.2678,6.1244,6.2633,16849710
20180822,6.2307,6.5031,6.2272,6.4982,18746422
20180823,6.4596,6.6629,6.4458,6.5976,18017114
20180824,6.606,6.7452,6.6015,6.7306,13287762
20180827,6.7603,6.8958,6.7288,6.8216,12644437
20180828,6.8157,6.8384,6.6641,6.784,11884595
20180829,6.7764,6.9144,6.7556,6.8894,10502741
20180830,6.8582,6.9692,6.8357,6.8726,8665230
20180831,6.8525,6.9564,6.8427,6.9436,7664750
20180904,6.9305,7.0559,6.902,7.0183,9793027
20180905,7.0007,7.0361,6.8068,6.8877,9828919
20180906,6.8713,6.8738,6.7138,6.7467,8069889
20180907,6.6546,6.8508,6.6099,6.7254,7385468
20180910,6.7479,6.8261,6.7041,6.7964,5503457
20180911,6.7501,6.8377,6.7293,6.7486,6077818
20180912,6.7088,6.7284,6.4795,6.6348,10477259
20180913,6.7007,6.8031,6.6834,6.7125,7638387
20180914,6.8028,6.9045,6.766,6.8384,9673380
20180917,6.813,6.8619,6.7573,6.7766,5138189
20180918,6.7806,6.8832,6.6979,6.7046,7488023
20180919,6.6861,6.7461,6.6361,6.7284,5621465
20180920,6.6064,6.6487,6.5334,6.5874,10764569
20180921,6.5992,6.6447,6.4842,6.5173,10878157
20180924,6.4864,6.5765,6.3993,6.573,7347826
20180925,6.6391,6.665,6.5535,6.64,7009746
20180926,6.645,6.6853,6.5874,6.6032,6713688
20180927,6.6383,6.6596,6.5836,6.6151,5360717
20180928,6.7469,6.9741,6.719,6.952,17734914
20181001,7.0297,7.2251,6.9911,7.1583,15551453
20181002,7.1309,7.2424,7.0648,7.0871,9599118
20181003,7.1573,7.1647,6.9893,7.0933,8013769
20181004,7.0571,7.0814,6.8323,6.9092,9780489
20181005,6.8845,6.9466,6.6185,6.6759,10665861
20181008,6.5928,6.7081,6.434,6.5747,10215265
20181009,6.5542,6.6487,6.5013,6.569,6837493
20181010,6.4632,6.5089,6.0758,6.078,17123454
20181011,5.9909,6.1242,5.7953,5.8167,18135929
20181012,6.0734,6.1733,5.9286,6.099,15205917
20181015,6.0857,6.0857,5.8219,5.8229,11244032
20181016,5.9355,6.0926,5.8863,6.0814,10217795
20181017,6.1435,6.1816,5.9639,6.0129,8241701
20181018,6.0822,6.1205,5.8652,5.9256,13100548
20181019,5.9808,6.0003,5.6329,5.6693,15340249
20181022,5.7215,5.8214,5.6174,5.72,9221091
20181023,5.4531,5.5461,5.3611,5.4687,15660945
20181024,5.4303,5.4768,4.9192,4.9331,22107199
20181025,4.8356,5.1889,4.7914,5.1416,23793040
20181026,4.9059,5.0675,4.7775,4.9054,16619628
20181029,5.0464,5.0499,4.3542,4.5919,18950441
20181030,4.615,5.0318,4.5919,5.0219,20179768
20181031,5.1864,5.2591,5.0469,5.2156,18644304
20181101,5.252,5.4051,5.1256,5.3957,14163208
20181102,5.3863,5.4919,5.2003,5.3168,11324002
20181105,5.3037,5.3269,5.0783,5.2389,9483260
20181106,5.2309,5.3151,5.1843,5.2213,7475259
20181107,5.2878,5.3784,5.2243,5.2888,12095301
20181108,5.2297,5.2304,5.0424,5.0959,12783823
20181109,5.0071,5.1782,4.9734,5.088,10331049
20181112,4.9967,5.0187,4.6672,4.6889,15427947
20181113,4.7866,5.0518,4.7804,4.9306,16117775
20181114,5.1035,5.1179,4.7703,4.8782,13164471
20181115,4.8722,5.0788,4.8364,5.0068,21017716
20181116,4.0403,4.2219,3.998,4.0677,49087977
20181119,4.0024,4.0032,3.5779,3.5797,42445505
20181120,3.3164,3.8162,3.2979,3.688,42300828
20181121,3.8251,3.8419,3.5527,3.5799,25637350
20181123,3.5453,3.7006,3.5324,3.5871,10299211
20181126,3.708,3.7966,3.6257,3.7862,20370806
20181127,3.7602,3.8842,3.7244,3.803,18451506
20181128,3.9205,3.9651,3.7881,3.9599,20113137
20181129,3.9621,3.9993,3.8665,3.8967,13729340
20181130,3.9064,4.0577,3.8561,4.047,18239114
20181203,4.2741,4.3256,4.1439,4.2107,22270109
20181204,4.1662,4.1711,3.8754,3.8905,20302787
20181206,3.7501,3.9248,3.7345,3.9198,17307741
20181207,3.924,3.9341,3.6059,3.6553,17041949
20181210,3.6105,3.7853,3.6068,3.7605,15736835
20181211,3.8522,3.8603,3.5907,3.6697,16797832
20181212,3.6754,3.7833,3.5862,3.6872,16353398
20181213,3.734,3.7982,3.6511,3.687,11784624
20181214,3.6454,3.7291,3.603,3.6266,11795531
20181217,3.5966,3.6687,3.4976,3.5555,16571683
20181218,3.5993,3.7227,3.5721,3.6387,14109251
20181219,3.605,3.6586,3.3784,3.43,18634147
20181220,3.4215,3.5114,3.2858,3.3455,18739697
20181221,3.372,3.4049,3.1811,3.2086,21593525
20181224,3.1323,3.2187,3.083,3.1469,11595978
20181226,3.193,3.297,3.082,3.296,17377484
20181227,3.2437,3.2782,3.0999,3.2482,15926080
20181228,3.2687,3.4022,3.2269,3.3096,15712319
20181231,3.3529,3.3854,3.2752,3.3059,11628503
20190102,3.2351,3.4292,3.2205,3.3732,12718840
20190103,3.3131,3.347,3.1621,3.1694,17638786
20190104,3.2425,3.4106,3.2118,3.3725,14640483
20190107,3.4297,3.5879,3.3784,3.551,17728980
20190108,3.6325,3.6347,3.3901,3.4626,19650429
20190109,3.5139,3.578,3.4634,3.5307,15431475
20190110,3.5114,3.605,3.451,3.5964,13078906
20190111,3.5741,3.7083,3.5463,3.6855,21869066
20190114,3.6333,3.7506,3.6097,3.7254,18254249
20190115,3.7581,3.7974,3.6929,3.7113,15425251
20190116,3.7385,3.7714,3.6802,3.6858,11752592
20190117,3.6528,3.7969,3.6256,3.7571,12335905
20190118,3.8068,3.9121,3.7553,3.8861,16283423
20190122,3.8559,3.8675,3.6538,3.684,16538776
20190123,3.7392,3.8279,3.6657,3.6969,14775545
20190124,3.7813,3.9262,3.7766,3.9086,17724261
20190125,3.8492,3.9839,3.7467,3.9658,28880547
20190128,3.3814,3.5075,3.244,3.4176,62788169
20190129,3.3715,3.4198,3.2442,3.2588,28848347
20190130,3.3349,3.4166,3.2554,3.4022,24355739
20190131,3.399,3.5954,3.3773,3.5597,21071338
20190201,3.5783,3.635,3.5307,3.584,15626175
20190204,3.5998,3.7313,3.5778,3.6942,13215018
20190205,3.7061,3.7499,3.6724,3.7132,13560625
20190206,3.7464,3.8532,3.741,3.7888,17561647
20190207,3.7424,3.7447,3.6078,3.6506,15928000
20190208,3.5835,3.6798,3.5691,3.6692,11540137
20190211,3.6251,3.6793,3.5783,3.6266,12379515
20190212,3.665,3.7591,3.6506,3.7435,14776513
20190213,3.7729,3.8588,3.7593,3.7858,15134302
20190214,3.7848,3.8548,3.7417,3.8267,20681574
20190215,4.0352,4.0579,3.8735,3.8962,37918734
20190219,3.8856,3.9594,3.8665,3.8789,13797316
20190220,3.9081,3.9933,3.897,3.9262,13524737
20190221,3.9388,3.9633,3.8428,3.8574,11213668
20190222,3.9091,3.9609,3.8955,3.9421,10043531
20190225,4.0255,4.0929,3.921,3.9297,16400481
20190226,3.925,3.9809,3.8569,3.8903,12211571
20190227,3.8759,3.9024,3.7915,3.8484,12506381
20190228,3.8423,3.8646,3.8016,3.8239,8123565
20190301,3.8737,3.9203,3.8155,3.8782,8929678
20190304,3.9166,3.9394,3.8299,3.8864,10249750
20190305,3.8708,3.918,3.8165,3.8799,9073119
20190306,3.871,3.8794,3.7664,3.7691,10088149
20190307,3.7456,3.7552,3.6539,3.7,11252633
20190308,3.6107,3.7448,3.5894,3.7342,10560371
20190311,3.7577,4.0173,3.7106,3.9945,21493150
20190312,4.0222,4.075,3.9461,4.0287,14489368
20190313,4.0661,4.2091,4.0587,4.1799,19222518
20190314,4.189,4.2009,4.0963,4.104,12984630
20190315,4.1472,4.252,4.1437,4.2094,16536482
20190318,4.2409,4.2946,4.161,4.1881,12174829
20190319,4.2825,4.4,4.2656,4.3556,21374310
20190320,4.3846,4.4379,4.2885,4.3232,17978715
20190321,4.3462,4.5859,4.3413,4.5596,20607767
20190322,4.5324,4.5809,4.3861,4.4,18691087
20190325,4.3593,4.4235,4.2416,4.3078,13130301
20190326,4.4493,4.5054,4.328,4.3844,17587678
20190327,4.4099,4.4563,4.3058,4.3752,11859294
20190328,4.4012,4.4595,4.3408,4.3938,12006602
20190329,4.4605,4.4754,4.4102,4.4511,11422379
20190401,4.5428,4.5487,4.4713,4.5185,12095612
20190402,4.5425,4.5807,4.4997,4.5363,11022996
20190403,4.5859,4.7346,4.581,4.6757,19719468
20190404,4.6603,4.7091,4.604,4.6667,11434419
20190405,4.7099,4.7508,4.6734,4.7334,12043649
20190408,4.7029,4.7793,4.6789,4.7542,10604848
20190409,4.7208,4.7319,4.6494,4.6915,10999320
20190410,4.6908,4.7877,4.6863,4.7619,11119307
20190411,4.7644,4.7959,4.6987,4.748,9365037
20190412,4.7867,4.7907,4.7014,4.7101,11792664
20190415,4.7024,4.7074,4.5388,4.5785,11002345
20190416,4.6176,4.6843,4.585,4.6655,9874091
20190417,4.7004,4.7213,4.6204,4.6427,8775068
20190418,4.6494,4.6833,4.5904,4.6181,9524704
20190422,4.5946,4.6875,4.5631,4.6719,6998388
20190423,4.6851,4.7577,4.6754,4.7265,8671381
20190424,4.7369,4.7795,4.6761,4.7389,7955120
20190425,4.6987,4.721,4.5537,4.6333,12482437
20190426,4.4796,4.484,4.2959,4.4146,21724729
20190429,4.4226,4.4731,4.3504,4.4454,9797983
20190430,4.4131,4.5123,4.3941,4.4868,9073040
20190501,4.5391,4.5812,4.4734,4.4736,8857031
20190502,4.4833,4.5827,4.44,4.541,9867135
20190503,4.5495,4.5594,4.4751,4.5366,8420587
20190506,4.3504,4.4704,4.3132,4.4583,10554445
20190507,4.4099,4.4099,4.2431,4.2912,13880458
20190508,4.2637,4.3913,4.2518,4.3113,10479154
20190509,4.2423,4.252,4.1001,4.2188,16506164
20190510,4.1881,4.2535,4.0654,4.1848,14237451
20190513,4.053,4.076,3.9119,3.9278,16422819
20190514,3.9674,4.052,3.9288,4.0168,13121972
20190515,3.9612,3.9922,3.902,3.9558,12558001
20190516,3.9503,4.0134,3.9079,3.9709,19527204
20190517,3.929,4.0582,3.8408,3.8802,25551698
20190520,3.7815,3.8366,3.7369,3.7617,14301634
20190521,3.8224,3.8596,3.7838,3.8437,9046247
20190522,3.8051,3.8311,3.7619,3.7728,8146740
20190523,3.7106,3.7106,3.5922,3.6519,14796109
20190524,3.6707,3.7059,3.5914,3.5981,8939632
20190528,3.6157,3.6484,3.551,3.553,10708852
20190529,3.5054,3.5403,3.4441,3.4789,13995037
20190530,3.4821,3.5178,3.4141,3.4523,9857490
20190531,3.4034,3.4359,3.36,3.3617,9742992
20190603,3.3729,3.4116,3.2907,3.32,11966080
20190604,3.384,3.554,3.3619,3.5488,16045885
20190605,3.6225,3.628,3.4699,3.5061,12790385
20190606,3.5104,3.5928,3.5079,3.5682,10203462
20190607,3.5741,3.6451,3.555,3.6109,8721438
20190610,3.667,3.7521,3.667,3.6836,10069522
20190611,3.7434,3.7811,3.7017,3.7412,9596751
20190612,3.6977,3.7039,3.6131,3.6282,8972298
20190613,3.6503,3.6977,3.6327,3.6794,7702027
20190614,3.5863,3.6106,3.5448,3.5895,9860656
20190617,3.5878,3.6362,3.565,3.5992,6901037
20190618,3.6605,3.8494,3.6496,3.794,14547950
20190619,3.8293,3.8406,3.774,3.8,8291099
20190620,3.8906,3.9045,3.8099,3.8243,8754182
20190621,3.8094,3.8586,3.7598,3.7662,10860672
20190624,3.7876,3.8181,3.7404,3.7886,7073718
20190625,3.7935,3.8685,3.7566,3.7593,7796661
20190626,3.8866,4.0134,3.8737,3.9524,14601825
20190627,4.038,4.07,4.002,4.0509,11136038
20190628,4.0948,4.104,4.029,4.0757,9941659
20190701,4.2827,4.3169,4.0864,4.1238,17788327
20190702,4.1072,4.1283,4.0129,4.0261,10005688
20190703,4.0494,4.0551,3.9792,4.039,6165856
20190705,3.9807,3.9851,3.9131,3.9764,9913847
20190708,3.9169,3.9357,3.8715,3.9015,8244669
20190709,3.8593,3.932,3.8466,3.904,8571512
20190710,3.9474,4.0295,3.9335,3.9722,11301899
20190711,4.0452,4.1673,4.0079,4.1266,17063964
20190712,4.1544,4.2306,4.1544,4.1596,12659816
20190715,4.1807,4.1967,4.1229,4.1511,7245993
20190716,4.1363,4.1735,4.0909,4.1464,8536098
20190717,4.1482,4.2186,4.119,4.2117,8705107
20190718,4.222,4.2861,4.1655,4.2234,11079474
20190719,4.2616,4.268,4.1742,4.1802,8622395
20190722,4.2015,4.2646,4.1941,4.2517,7898498
20190723,4.2909,4.3613,4.2752,4.3594,10704414
20190724,4.4025,4.4395,4.3266,4.4338,9155937
20190725,4.3924,4.405,4.2794,4.3028,9817453
20190726,4.3298,4.3914,4.3298,4.3447,6853997
20190729,4.3375,4.3546,4.2504,4.3385,6204049
20190730,4.2921,4.3663,4.2777,4.3541,4944261
20190731,4.3226,4.3235,4.1449,4.1871,8985391
20190801,4.1976,4.2879,4.0407,4.0928,10530314
20190802,4.0003,4.0695,3.9529,4.0003,10708732
20190805,3.8169,3.8181,3.6953,3.7422,14728936
20190806,3.8169,3.8623,3.7332,3.7809,9031767
20190807,3.7201,3.831,3.7027,3.8191,9314045
20190808,3.8767,3.9288,3.8193,3.9275,7732472
20190809,3.8866,3.8901,3.7759,3.8263,8545418
20190812,3.7742,3.8263,3.7367,3.7585,6980012
20190813,3.757,3.9186,3.7181,3.8727,9012811
20190814,3.7847,3.7958,3.6806,3.7243,10497033
20190815,3.7432,3.763,3.6579,3.692,13861551
20190816,3.9546,4.0089,3.8933,3.9598,25384628
20190819,4.073,4.2541,4.0568,4.2383,20408061
20190820,4.2328,4.2333,4.1449,4.166,11588040
20190821,4.232,4.3045,4.2105,4.2494,10697773
20190822,4.2591,4.3015,4.2165,4.2556,7593918
20190823,4.1792,4.2335,4.0114,4.0313,14237433
20190826,4.1099,4.134,4.0678,4.106,7964854
20190827,4.1442,4.1469,3.9861,4.0154,7288739
20190828,3.9891,4.0576,3.9498,4.005,6395703
20190829,4.0964,4.1808,4.0929,4.1485,8959326
20190830,4.1948,4.2444,4.1431,4.1612,7272712
20190903,4.0884,4.1215,4.0554,4.0782,7412770
20190904,4.1389,4.1997,4.1389,4.1923,5703009
20190905,4.2942,4.4712,4.2926,4.465,17412125
20190906,4.4417,4.4986,4.3999,4.4379,9424419
20190909,4.469,4.5704,4.4675,4.4839,10438133
20190910,4.4511,4.5771,4.4414,4.5505,8820305
20190911,4.5651,4.6272,4.5361,4.5791,9037782
20190912,4.6255,4.6802,4.5696,4.5776,8196025
20190913,4.511,4.548,4.476,4.5197,8114787
20190916,4.4447,4.5112,4.4342,4.4767,5795796
20190917,4.4834,4.5022,4.437,4.4981,5711828
20190918,4.4911,4.5068,4.3845,4.471,6600942
20190919,4.477,4.4953,4.3848,4.3955,6408569
20190920,4.3945,4.4181,4.2797,4.2899,8931295
20190923,4.2901,4.3888,4.2864,4.3433,6395647
20190924,4.3746,4.4042,4.2504,4.2859,8031045
20190925,4.2854,4.4471,4.2407,4.4275,7827672
20190926,4.4178,4.4265,4.3545,4.4054,5945648
20190927,4.3637,4.4144,4.2062,4.2668,9148974
20190930,4.2926,4.3344,4.2613,4.3242,4829977
20191001,4.3473,4.4963,4.3177,4.3224,9189150
20191002,4.3006,4.3125,4.2263,4.2986,7391544
20191003,4.3031,4.5102,4.2728,4.504,11568265
20191004,4.5063,4.5497,4.4412,4.5204,6699005
20191007,4.5853,4.6787,4.5766,4.5791,12207839
20191008,4.4874,4.4874,4.3845,4.4027,11233566
20191009,4.4794,4.5386,4.4506,4.4891,7697082
20191010,4.4869,4.5977,4.4817,4.5468,8187889
20191011,4.6307,4.7035,4.6118,4.6203,11271668
20191014,4.6116,4.6546,4.5804,4.6337,5258394
20191015,4.7239,4.9507,4.71,4.8781,16699633
20191016,4.8441,4.9489,4.8131,4.8245,10818828
20191017,4.869,4.914,4.7721,4.8265,6607924
20191018,4.827,4.8595,4.6578,4.7321,7690605
20191021,4.7934,4.8826,4.7746,4.8692,6674181
20191022,4.9261,5.0312,4.8516,4.8593,8434228
20191023,4.7773,4.8605,4.7455,4.8463,7144250
20191024,4.8876,4.9239,4.8535,4.8903,5975933
20191025,4.9708,5.102,4.9631,5.0811,10577288
20191028,5.1248,5.1894,5.0954,5.137,8269791
20191029,5.1231,5.1295,5.0215,5.0409,5280920
20191030,5.0677,5.0734,4.9748,5.0428,5149038
20191031,5.022,5.0428,4.9139,4.9937,5243315
20191101,4.9584,5.065,4.9334,5.0327,7090956
20191104,5.1136,5.2416,5.0905,5.2292,9417905
20191105,5.2289,5.255,5.1591,5.207,7521712
20191106,5.1829,5.2085,5.0704,5.1579,6725335
20191107,5.2442,5.259,5.1308,5.1755,7008498
20191108,5.1586,5.1931,5.1211,5.1616,4735187
20191111,5.1608,5.1946,5.0746,5.1715,6094736
20191112,5.2098,5.2629,5.1748,5.207,7095971
20191113,5.1757,5.2033,5.1149,5.1812,7559124
20191114,5.1902,5.2138,5.1302,5.2115,13175171
20191115,5.2093,5.2609,4.9842,5.0724,26355409
20191118,5.065,5.3,5.062,5.2734,14382963
20191119,5.2424,5.2659,5.1087,5.1668,10384506
20191120,5.1439,5.3298,5.1314,5.246,11825438
20191121,5.2416,5.2972,5.1996,5.2212,7209730
20191122,5.2438,5.2903,5.2152,5.2388,5602470
20191125,5.3668,5.5002,5.3539,5.4952,12683686
20191126,5.4776,5.4823,5.3842,5.3906,9642023
20191127,5.4361,5.4704,5.3991,5.4254,5410718
20191129,5.3946,5.4229,5.3643,5.3881,3538924
20191202,5.3812,5.3946,5.1868,5.2019,9346742
20191203,5.0185,5.1664,4.9812,5.1624,11853653
20191204,5.2459,5.2683,5.1776,5.2062,6840459
20191205,5.228,5.2437,5.1586,5.1893,4628444
20191206,5.2584,5.3073,5.2484,5.2745,5810457
20191209,5.2517,5.3292,5.243,5.2745,5378320
20191210,5.3046,5.3712,5.2519,5.3195,6417228
20191211,5.33,5.4085,5.3275,5.4031,5850247
20191212,5.3742,5.5885,5.3653,5.5704,10152084
20191213,5.5733,5.6924,5.5144,5.5684,11374183
20191216,5.6159,5.6697,5.5878,5.5972,8032684
20191217,5.6159,5.6979,5.6064,5.6753,8081598
20191218,5.7101,5.766,5.7016,5.7056,8606969
20191219,5.7402,5.8669,5.7352,5.8535,11327674
20191220,5.9199,5.9761,5.9006,5.9507,15084607
20191223,5.9793,6.0114,5.9264,5.937,8884815
20191224,5.9216,5.9492,5.8873,5.9321,3471597
20191226,5.9356,5.9743,5.9167,5.9462,4580451
20191227,5.9614,5.9748,5.8622,5.8886,6370251
20191230,5.8667,5.8719,5.7441,5.7755,6456178
20191231,5.7402,5.8589,5.721,5.8495,5780283
20200102,5.9353,5.9641,5.8848,5.9641,5941969
20200103,5.8446,5.9124,5.8197,5.8687,5144308
20200106,5.7755,5.8985,5.7494,5.8933,6572812
20200107,5.9216,6.0104,5.8766,5.9646,7980144
20200108,5.9604,6.0171,5.9204,5.9758,6931017
20200109,6.0621,6.1138,5.9876,6.0415,6386053
20200110,6.1486,6.1789,6.0596,6.0738,7911560
20200113,6.1568,6.2893,6.1342,6.2642,8008451
20200114,6.2214,6.2468,6.1342,6.1474,8989483
20200115,6.16,6.1824,6.079,6.1048,6577636
20200116,6.1583,6.1943,6.1348,6.1884,7104791
20200117,6.2075,6.215,6.1496,6.1971,6344764
20200121,6.1604,6.1973,6.1297,6.1638,5447925
20200122,6.209,6.3042,6.1901,6.2162,5980967
20200123,6.2577,6.2945,6.169,6.2861,6112861
20200124,6.4014,6.4511,6.1727,6.2269,9337839
20200127,5.9226,6.0223,5.7732,5.9714,11763354
20200128,6.0372,6.1968,5.9841,6.1645,7774401
20200129,6.1501,6.1861,6.0643,6.1041,6486279
20200130,6.0064,6.1242,5.9515,6.1108,7262590
20200131,6.0651,6.077,5.8359,5.8776,9260493
20200203,5.8595,5.994,5.8533,5.9746,6398205
20200204,6.1163,6.1628,6.0663,6.1436,6788589
20200205,6.2644,6.2746,6.1506,6.2339,5205502
20200206,6.2682,6.3206,6.1871,6.3205,5457051
20200207,6.2806,6.3027,6.2292,6.2545,4743803
20200210,6.2771,6.5382,6.2722,6.5374,13240194
20200211,6.6456,6.7743,6.5837,6.6597,15963922
20200212,6.7124,6.7818,6.6736,6.7753,9366118
20200213,6.7174,6.7987,6.6901,6.7316,13200384
20200214,7.1413,7.3329,7.1099,7.2042,26048093
20200218,7.1011,7.3911,7.0816,7.3727,15547025
20200219,7.495,7.8411,7.4949,7.8234,17358281
20200220,7.7753,7.8637,7.3672,7.6743,20251259
20200221,7.5621,7.5872,7.2258,7.3106,19232331
20200224,6.7169,7.0073,6.6625,6.7937,21422873
20200225,6.8689,6.9307,6.4129,6.5145,26387442
20200226,6.5148,6.8477,6.5133,6.6538,18741536
20200227,6.3406,6.6416,6.1911,6.2834,22660373
20200228,6.031,6.7774,6.0145,6.7179,28366882
20200302,6.8878,6.905,6.4923,6.8761,22268639
20200303,6.9318,6.9916,6.5286,6.614,16319828
20200304,6.7212,7.0866,6.6465,7.0771,14935184
20200305,6.8779,7.0445,6.7535,6.798,13508187
20200306,6.6187,6.6761,6.4177,6.6177,12885307
20200309,5.9675,6.4525,5.9247,6.1053,15353960
20200310,6.3814,6.4943,6.1189,6.4943,14516218
20200311,6.3544,6.3829,6.0339,6.1309,12551693
20200312,5.6083,5.8734,5.368,5.3807,20413535
20200313,5.7336,5.9953,5.4628,5.9908,15870943
20200316,5.2837,5.6242,4.8257,4.8854,18174303
20200317,4.9976,5.4938,4.7511,5.4045,20840799
20200318,4.9773,5.2222,4.4944,5.0451,21856657
20200319,5.0237,5.3911,4.8105,5.2976,19137847
20200320,5.4476,5.7292,5.1026,5.118,20115854
20200323,5.117,5.3849,4.9381,5.2906,16096866
20200324,5.6963,6.2849,5.6727,6.1983,27541095
20200325,6.3132,6.5127,6.061,6.1097,19835767
20200326,6.3167,6.5227,6.2187,6.3988,17439692
20200327,6.2187,6.545,6.1859,6.2866,15970744
20200330,6.352,6.6157,6.308,6.6065,15056253
20200331,6.6465,6.8505,6.4115,6.557,23749014
20200401,6.3592,6.5055,6.0018,6.0463,16422828
20200402,6.0754,6.3679,6.0274,6.3548,16894113
20200403,6.3172,6.3587,5.9299,6.0672,16580346
20200406,6.349,6.7132,6.2916,6.6764,18197062
20200407,6.8978,6.9214,6.4003,6.4433,19613047
20200408,6.5523,6.6652,6.4824,6.6403,13561113
20200409,6.7659,6.7888,6.4779,6.5408,13156195
20200413,6.4811,6.7212,6.3928,6.7125,9960182
20200414,6.8406,7.0973,6.8129,7.0632,13273667
20200415,6.8953,7.0686,6.85,6.9858,9153721
20200416,7.1411,7.4376,7.1279,7.3306,18640510
20200417,7.4127,7.4341,7.1376,7.2714,13478049
20200420,7.145,7.3007,7.096,7.1403,11234705
20200421,7.0224,7.0836,6.6443,6.704,18378996
20200422,6.896,7.1607,6.8505,7.1179,12118228
20200423,7.16,7.2917,7.0396,7.0647,10603988
20200424,7.0545,7.2055,6.9799,7.2035,8816137
20200427,7.3378,7.5495,7.3132,7.3898,11984699
20200428,7.5371,7.5669,7.242,7.2475,11072603
20200429,7.3821,7.4769,7.307,7.4241,9479047
20200430,7.3702,7.4241,7.2565,7.2704,9397943
20200501,7.0731,7.1863,6.9859,7.0341,8552445
20200504,6.9868,7.2595,6.9868,7.2457,7938880
20200505,7.3498,7.4692,7.2458,7.3067,9222391
20200506,7.3861,7.5122,7.3483,7.4075,8086639
20200507,7.5465,7.6468,7.4953,7.5836,9343263
20200508,7.6552,7.7796,7.6214,7.7734,8497678
20200511,7.7684,8.0719,7.7398,8.0251,11726504
20200512,8.0828,8.1316,7.7537,7.7634,12326482
20200513,7.8778,8.038,7.5567,7.741,15646252
20200514,7.8023,7.9958,7.649,7.9903,15057809
20200515,7.8502,8.4579,7.8346,8.4482,24691543
20200518,8.7166,8.8718,8.637,8.7064,19410086
20200519,8.7462,9.042,8.7189,8.7614,17933049
20200520,8.946,8.9977,8.8442,8.9251,14688405
20200521,9.0062,9.0071,8.6937,8.7313,19026741
20200522,8.781,9.0475,8.6696,8.981,25969125
20200526,9.1109,9.1358,8.6286,8.6741,19269476
20200527,8.5818,8.5895,7.9567,8.4826,29397306
20200528,8.3701,8.7166,8.3373,8.4445,18403204
20200529,8.5117,8.831,8.4425,8.831,18647994
20200601,8.789,8.7965,8.646,8.7621,9762775
20200602,8.7522,8.793,8.6146,8.781,9783014
20200603,8.7781,8.8218,8.6564,8.7256,9135972
20200604,8.6882,8.9025,8.638,8.7266,10606960
20200605,8.7544,8.956,8.6683,8.8794,12043651
20200608,8.8368,8.8491,8.6462,8.7649,9693431
20200609,8.7599,9.0683,8.7114,9.0048,11712221
20200610,9.126,9.4567,9.1118,9.3241,15804537
20200611,9.1083,9.2191,8.746,8.7562,14591256
20200612,9.1208,9.1454,8.6637,8.8918,14272704
20200615,8.7751,9.1404,8.7039,9.132,10000054
20200616,9.183,9.2245,8.7985,9.0272,13392875
20200617,9.0722,9.2566,9.0289,9.1939,10207641
20200618,9.185,9.2402,9.073,9.176,6360238
20200619,9.2004,9.402,9.1853,9.2191,13104013
20200622,9.2576,9.4878,9.2311,9.4834,9961662
20200623,9.5075,9.5986,9.3647,9.407,9377685
20200624,9.4331,9.5129,9.1029,9.1934,11234272
20200625,9.3131,9.4617,9.1404,9.4468,9401800
20200626,9.4567,9.4567,9.0834,9.1133,14802144
20200629,9.128,9.1626,8.8595,9.1581,8556203
20200630,9.2716,9.4829,9.2243,9.4545,9197300
20200701,9.4774,9.5321,9.3701,9.4866,8166170
20200702,9.5951,9.6931,9.5346,9.5685,9101352
20200706,9.6974,9.8636,9.6683,9.7944,7897343
20200707,9.9009,10.0241,9.8059,9.8268,8944993
20200708,9.9482,10.1784,9.9201,10.1695,9137013
20200709,10.333,10.5219,10.1869,10.4611,12363680
20200710,10.5405,10.6067,10.3315,10.4315,12441869
20200713,10.5467,10.7431,9.9793,10.0065,11426874
20200714,10.0291,10.3554,9.7409,10.3297,13566855
20200715,10.3668,10.3855,10.0099,10.1807,10099623
20200716,9.9694,10.1603,9.8504,10.0886,8624118
20200717,10.1789,10.2018,10.0418,10.155,6657116
20200720,10.2275,10.4833,10.1105,10.4629,7121271
20200721,10.4651,10.5118,10.2399,10.2815,6941671
20200722,10.3203,10.5542,10.2447,10.3912,9182271
20200723,10.4024,10.499,9.9856,10.0836,10291532
20200724,9.83,10.3175,9.7325,10.1481,11832300
20200727,10.1856,10.3942,10.1712,10.374,7303255
20200728,10.327,10.3347,10.1628,10.169,6790901
20200729,10.3435,10.4684,10.2999,10.4178,7112692
20200730,10.3277,10.5747,10.2484,10.5657,7722004
20200731,10.5151,10.7175,10.3855,10.5664,9657150
20200803,10.6836,11.0482,10.6664,10.9601,10325456
20200804,10.9997,11.1766,10.8563,11.1766,7758390
20200805,11.1928,11.3199,11.1154,11.2353,6262493
20200806,11.2981,11.3063,11.1278,11.2839,6107892
20200807,11.261,11.4524,10.9872,11.1485,8562899
20200810,11.2826,11.3563,10.8071,11.1141,10694898
20200811,11.0233,11.086,10.7466,10.8006,8862763
20200812,10.9407,11.4148,10.9083,11.3881,11623573
20200813,11.4934,11.6684,11.304,11.3909,9361489
20200814,11.4775,11.6514,11.3884,11.5113,9160904
20200817,11.7973,12.3532,11.7634,12.2808,15532523
20200818,12.3933,12.4391,12.0312,12.2049,12586155
20200819,12.2405,12.2589,12.0429,12.0832,15565558
20200820,11.9205,12.3186,11.8246,12.0857,23034656
20200821,12.1462,12.7504,12.1396,12.6257,24996738
20200824,12.8251,12.8537,12.4505,12.6623,12264105
20200825,12.5732,12.7031,12.5165,12.6919,7226920
20200826,12.7409,12.8099,12.62,12.7148,8031073
20200827,12.7233,12.7915,12.5092,12.5707,7940073
20200828,12.6172,13.0881,12.5849,13.0879,13428963
20200831,13.1227,13.5132,12.9784,13.3136,12521030
20200901,13.4226,13.9342,13.3793,13.7622,12811849
20200902,14.6412,14.6641,13.8408,14.2854,21850322
20200903,13.7698,13.8254,12.8239,12.9601,23628151
20200904,12.7293,13.1189,11.6549,12.5688,36592071
20200908,11.6845,12.4966,11.6544,11.8623,19893237
20200909,12.3472,12.7547,12.1797,12.6609,18404957
20200910,12.934,13.0096,12.1152,12.2593,17467111
20200911,12.4324,12.5986,11.8451,12.1127,15923172
20200914,13.0253,13.2583,12.5774,12.8175,30043624
20200915,13.2235,13.2421,12.7731,12.9357,18188914
20200916,12.9021,13.037,12.4605,12.4612,13939985
20200917,12.0806,12.5362,11.9835,12.4104,19812794
20200918,12.5401,12.5787,11.9377,12.1374,17461548
20200921,11.8742,12.4692,11.8538,12.464,18026061
20200922,12.5215,12.5942,12.1038,12.584,16161302
20200923,12.522,12.6728,12.0278,12.0721,16175308
20200924,12.0209,12.516,11.9629,12.2954,18281008
20200925,12.3945,12.8287,12.1936,12.8189,14700407
20200928,12.9847,12.9962,12.6957,12.9795,14345228
20200929,12.8824,13.3855,12.8782,13.1694,15575124
20200930,13.1015,13.5645,13.0943,13.4729,17229603
20201001,13.6994,13.7042,13.4035,13.5565,13125059
20201002,13.1687,13.4619,12.9954,13.0066,13812397
20201005,13.1797,13.5862,13.1665,13.5844,11995457
20201006,13.7711,14.0818,13.6068,13.678,19610496
20201007,13.9402,14.0591,13.8045,13.9046,10452129
20201008,14.0151,14.0245,13.6994,13.7798,9472522
20201009,13.7084,13.7654,13.6026,13.7042,8672273
20201012,13.9299,14.2859,13.8533,14.1654,10868595
20201013,14.2356,14.2874,13.9589,14.1876,8615078
20201014,14.2297,14.2817,13.9006,14.0352,6916178
20201015,13.7519,13.9461,13.7091,13.9105,6680628
20201016,13.977,14.0614,13.7338,13.7527,6065990
20201019,13.8437,13.924,13.3497,13.4403,7451714
20201020,13.5257,13.741,13.4495,13.5874,5730301
20201021,13.567,13.7328,13.4201,13.4672,5489933
20201022,13.4649,13.5538,13.1754,13.3041,7261986
20201023,13.3927,13.5354,13.2347,13.5324,5837107
20201026,13.3698,13.6345,12.983,13.0853,8422358
20201027,13.2494,13.3848,13.1353,13.3397,6262992
20201028,13.1418,13.2036,12.5553,12.5732,9412952
20201029,12.7838,13.1366,12.6957,12.9686,8002046
20201030,12.7953,12.8813,12.2476,12.4806,10434900
20201102,12.6039,12.782,12.3422,12.5272,7491316
20201103,12.6544,13.0492,12.5491,12.9641,6822527
20201104,13.3323,13.7686,13.2801,13.7355,10255732
20201105,14.1022,14.278,13.9314,14.0997,7975708
20201106,14.0497,14.5266,13.8359,14.5,9583732
20201109,14.4906,14.629,13.5528,13.5727,14574447
20201110,13.5486,13.5486,12.5745,12.7156,16101680
20201111,12.9982,13.3777,12.8931,13.3609,10118586
20201112,13.4215,13.7074,13.2593,13.3995,9165875
20201113,13.5693,13.6106,13.0037,13.2404,8669058
20201116,13.1164,13.5914,13.1,13.4577,10344370
20201117,13.4948,13.5384,13.2472,13.3651,7800699
20201118,13.4079,13.5478,13.1289,13.3716,12773133
20201119,13.1565,13.4301,13.0442,13.383,14148355
20201120,13.3967,13.4371,13.0094,13.032,8527245
20201123,13.1151,13.3255,12.9601,13.0841,9033855
20201124,13.0866,13.106,12.8301,12.9026,8662499
20201125,12.977,13.2129,12.9646,13.1784,6497910
20201127,13.3181,13.3504,13.1145,13.2048,4181880
20201130,13.2085,13.3554,12.9171,13.3445,7173800
20201201,13.4348,13.4712,13.1719,13.333,7439282
20201202,13.2937,13.6152,13.1779,13.4868,7084030
20201203,13.5337,13.6059,13.2762,13.3429,4988016
20201204,13.3952,13.5063,13.3356,13.5045,5056085
20201207,13.5473,13.6768,13.4465,13.5528,5581081
20201208,13.5312,13.5449,13.2289,13.2971,6798022
20201209,13.2478,13.3608,12.8172,12.8795,10032530
20201210,12.818,13.017,12.7985,12.9208,5194118
20201211,12.9159,12.9684,12.7722,12.9617,5231641
20201214,13.036,13.3357,13.0257,13.256,6753947
20201215,13.3865,13.4106,13.1345,13.3076,4837148
20201216,13.3693,13.384,13.1601,13.19,5577867
20201217,13.3138,13.3265,13.1263,13.2884,5784597
20201218,13.326,13.3519,13.0187,13.2194,8551616
20201221,13.0229,13.317,12.9161,13.2794,7558304
20201222,13.2665,13.2844,13.0021,13.2256,4657872
20201223,13.2035,13.2224,12.9535,12.9577,4478569
20201224,12.9856,13.0805,12.8875,12.9423,2447088
20201228,13.0107,13.0107,12.7126,12.8489,5314141
20201229,12.8738,13.0207,12.7914,12.892,4259304
20201230,12.9388,13.1614,12.8456,13.0937,5634929
20201231,13.0844,13.099,12.8638,13.0033,4810610
20210104,13.0523,13.5984,12.9111,13.0615,14016045
20210105,13.0478,13.3902,13.0351,13.3516,8068998
20210106,13.1701,13.1925,12.5361,12.5645,14510575
20210107,12.9161,13.3247,12.8354,13.2911,11537037
20210108,13.3095,13.3678,12.9903,13.2241,7313215
20210111,13.3656,13.9057,13.3095,13.5675,12975720
20210112,13.698,13.7,13.2921,13.4313,7286943
20210113,13.4365,13.571,13.332,13.4781,5250711
20210114,13.5212,13.5459,13.1283,13.1479,7078007
20210115,13.1756,13.2724,12.7976,12.8085,6944532
20210119,12.9647,13.0421,12.7931,12.9736,5654672
20210120,13.0598,13.3773,13.005,13.3128,6464272
20210121,13.3654,13.9439,13.2005,13.8125,8458490
20210122,13.6856,13.7869,13.5732,13.6582,6170464
20210125,13.7271,13.7737,13.184,13.5991,6277779
20210126,13.5266,13.5907,13.3344,13.382,4099510
20210127,13.1776,13.1803,12.743,12.8666,9281821
20210128,12.9447,13.2869,12.9091,12.9993,5707899
20210129,13.0232,13.2819,12.8603,12.9383,6788801
20210201,13.0016,13.2182,12.8516,13.1845,5430108
20210202,13.3456,13.5182,13.2328,13.503,5510957
20210203,13.582,13.8765,13.4629,13.4769,6135232
20210204,13.4774,13.6193,13.285,13.6101,5033462
20210205,13.6706,13.6828,13.4921,13.5371,4228841
20210208,13.6728,14.4164,13.6728,14.3815,10865571
20210209,14.2838,14.5255,14.1661,14.2067,7189003
20210210,14.4059,14.8459,14.2845,14.7057,12133808
20210211,14.9209,15.2117,14.8659,15.1903,11270693
20210212,14.9904,15.2305,14.7164,14.902,9368937
20210216,15.0045,15.3116,14.8908,15.2695,8048988
20210217,15.1109,15.1632,14.7214,14.8469,6892467
20210218,14.6706,14.8143,14.5172,14.7702,5852020
20210219,14.965,15.1168,14.7879,14.8673,6793103
20210222,14.7162,15.0733,14.2682,14.2989,8147139
20210223,14.0195,14.1823,13.3364,14.086,9794483
20210224,14.0668,14.4493,13.7015,14.4415,11207977
20210225,13.9898,14.3178,13.1639,13.2548,20610901
20210226,13.698,13.7996,13.308,13.6601,12523260
20210301,13.82,13.8698,13.4995,13.7869,8829575
20210302,13.8449,13.8653,13.3429,13.3531,6602853
20210303,13.373,13.3982,12.748,12.754,9439757
20210304,12.75,12.9236,12.0359,12.3212,14333629
20210305,12.5003,12.5003,11.633,12.4121,13570971
20210308,12.4007,12.4218,11.5207,11.5473,13577792
20210309,12.0863,12.5711,12.0156,12.4749,13045638
20210310,12.794,12.933,12.4124,12.4231,9609414
20210311,12.9031,12.999,12.6884,12.9465,7497857
20210312,12.6025,12.8421,12.5444,12.8095,6099099
20210315,12.8182,13.159,12.7209,13.1435,5563011
20210316,13.3082,13.4636,13.0693,13.2431,6803240
20210317,12.9926,13.4046,12.9425,13.293,6096605
20210318,13.089,13.1363,12.671,12.6765,7354702
20210319,12.7039,12.8747,12.5669,12.7993,7480174
20210322,12.866,13.346,12.86,13.1385,7445077
20210323,13.2063,13.2962,12.9741,13.0234,5551152
20210324,13.1037,13.1115,12.591,12.5972,6145963
20210325,12.4543,12.6687,12.2276,12.4899,7378614
20210326,12.5091,12.8097,12.3287,12.7928,9099224
20210329,12.7738,13.0152,12.654,12.9014,6837997
20210330,12.7955,12.9283,12.659,12.8252,5005062
20210331,12.9684,13.4217,12.9355,13.2999,7869438
20210401,13.5231,13.8198,13.4623,13.7618,7706865
20210405,13.8173,13.9632,13.6833,13.9369,6391785
20210406,13.949,14.0033,13.7238,13.8113,4793649
20210407,13.8305,14.1919,13.6619,14.0923,6282109
20210408,14.2012,14.4191,14.1974,14.2652,6110373
20210409,14.1626,14.3559,14.1237,14.3479,4879272
20210412,14.238,15.2969,14.0881,15.154,21733050
20210413,15.1764,15.6432,15.071,15.6228,16905297
20210414,15.5684,15.6636,15.1724,15.2217,9637548
20210415,15.6058,16.1555,15.5749,16.0788,14962017
20210416,15.995,16.1072,15.8078,15.8549,8380189
20210419,15.4803,15.7503,15.1779,15.3062,10110452
20210420,15.2678,15.4409,14.9088,15.1163,8353326
20210421,15.064,15.3069,15.0476,15.3049,5419426
20210422,15.3194,15.3827,14.73,14.7965,6944657
20210423,14.8803,15.2794,14.8463,15.21,5694305
20210426,15.1301,15.423,15.0703,15.422,4944927
20210427,15.5221,15.6138,15.2989,15.3261,4114325
20210428,15.3089,15.476,15.1604,15.2215,5235405
20210429,15.3443,15.3806,15.017,15.2693,4329912
20210430,15.1196,15.3094,14.9427,14.9552,5047752
20210503,15.0703,15.1916,14.734,14.7831,5097796
20210504,14.5843,14.5845,13.9595,14.2993,10133120
20210505,14.6558,14.7599,14.3354,14.4062,7300576
20210506,14.4428,14.5185,14.1666,14.4704,4834523
20210507,14.7547,14.9166,14.6186,14.7586,5733183
20210510,14.7337,14.7524,14.1984,14.2141,6722595
20210511,13.775,14.3028,13.7002,14.2545,7139634
20210512,13.9588,14.2086,13.6596,13.7087,7585233
20210513,13.983,14.0298,13.4103,13.6158,7143187
20210514,13.8397,14.2762,13.6987,14.1914,6465375
20210517,14.1058,14.118,13.8034,14.1142,5424521
20210518,14.2154,14.3521,13.9533,13.965,4656356
20210519,13.5174,14.0285,13.4942,14.0148,8599984
20210520,14.2507,14.6306,14.2189,14.5596,8039798
20210521,15.1089,15.1669,14.8156,14.9375,16824800
20210524,15.1574,15.688,15.1211,15.5555,13870405
20210525,15.7089,15.7612,15.4265,15.5911,10885172
20210526,15.6773,15.7366,15.5298,15.6432,9260966
20210527,15.6429,15.693,15.404,15.4319,14536880
20210528,15.4449,16.2186,15.4449,16.1857,16113390
20210601,16.2111,16.3288,15.8457,16.2056,11820075
20210602,16.1934,16.8576,16.1767,16.7175,14854189
20210603,16.6403,17.1965,16.523,16.9083,14500170
20210604,17.0506,17.5971,17.0336,17.5146,15428007
20210607,17.5075,17.748,17.1305,17.5552,14393873
20210608,17.4638,17.5578,17.1886,17.3938,8096169
20210609,17.4564,17.5154,17.1972,17.2994,9541437
20210610,17.2912,17.4327,17.1178,17.3659,7194261
20210611,17.4202,17.8784,17.3846,17.7648,10407691
20210614,17.8453,17.9783,17.6029,17.9576,8034357
20210615,17.8542,17.9552,17.6678,17.7282,6075761
20210616,17.7304,17.8938,17.5248,17.7499,7678065
20210617,17.7143,18.7711,17.696,18.594,20241372
20210618,18.7203,19.3093,18.521,18.5755,24221357
20210621,18.3727,18.4736,17.7622,18.3648,16809554
20210622,18.4089,18.8994,18.3235,18.8227,14503639
20210623,18.9433,19.0878,18.8436,18.9926,8308926
20210624,19.1625,19.3541,19.0235,19.1404,8023060
20210625,19.2151,19.2799,18.8303,18.9665,6959148
20210628,19.2956,20.0107,19.2535,19.9172,12385914
20210629,19.8151,20.0306,19.5902,19.9588,9190846
20210630,19.9313,20.0941,19.7964,19.9347,8164154
20210701,20.0568,20.3866,19.9511,20.1435,12003374
20210702,20.3708,20.4357,20.219,20.4175,8584917
20210706,20.6672,20.7713,20.2812,20.6283,11167687
20210707,20.7828,20.8042,20.2631,20.3027,10460682
20210708,19.7892,20.0647,19.6339,19.8353,12582492
20210709,19.8948,20.012,19.6873,19.9823,7415567
20210712,20.1714,20.4631,20.1193,20.4429,8049619
20210713,20.3313,20.3919,20.0458,20.1813,7267658
20210714,20.2887,20.3485,19.6858,19.7742,9502480
20210715,19.7446,19.7797,18.7946,18.9019,13764113
20210716,18.966,19.0921,18.0117,18.0994,17205566
20210719,17.8545,18.9774,17.8049,18.7161,18726469
20210720,18.6665,18.7741,18.1024,18.5489,43468654
20210721,18.818,19.4608,18.6784,19.3442,37101736
20210722,19.5754,19.8196,19.2106,19.5276,32382595
20210723,19.5897,19.6332,19.1847,19.4917,19567198
20210726,19.2455,19.3761,18.8499,19.2286,20394316
20210727,19.1997,19.5555,18.6774,19.1429,24886258
20210728,19.2537,19.5794,18.9306,19.4369,20219115
20210729,19.4528,19.7857,19.2625,19.5953,19078088
20210730,19.3522,19.5634,19.1977,19.4329,18349746
20210802,19.6332,19.8933,19.2953,19.683,21744397
20210803,19.6731,20.1534,19.1548,19.7478,30181074
20210804,19.9222,20.2491,19.7608,20.2052,23130940
20210805,20.4305,20.6627,20.273,20.567,21143537
20210806,20.4544,20.5002,20.1415,20.2969,17849661
20210809,20.3767,20.4384,20.0747,20.2262,14644310
20210810,20.2531,20.3607,19.7673,19.8684,17923778
20210811,19.975,19.981,19.3641,19.6322,18592484
20210812,19.8026,19.9611,19.5535,19.8375,15186155
20210813,19.8375,20.1453,19.7837,20.1195,18306286
20210816,20.0667,20.2182,19.387,19.8823,21115280
20210817,19.6182,19.703,19.2017,19.392,20458485
20210818,19.4339,19.5671,18.9356,18.9754,28591348
20210819,19.4279,20.4255,18.6984,19.7309,76655477
20210820,19.9232,20.7943,19.8654,20.7454,67574131
20210823,20.8999,21.9224,20.879,21.8835,57580658
20210824,21.6792,21.8845,21.462,21.7191,29729892
20210825,21.6633,22.3938,21.6483,22.1377,34770104
20210826,22.1247,22.2642,21.7161,21.9932,23794042
20210827,22.1088,22.6449,22.0918,22.5592,30472219
20210830,22.7526,22.9649,22.4745,22.6111,26257990
20210831,22.622,22.622,22.0489,22.313,25984968
20210901,22.4127,22.624,22.2846,22.3688,20176695
20210902,22.4456,22.5203,22.2228,22.324,18810957
20210903,22.2532,22.9121,22.1286,22.7695,28083198
20210907,22.7596,22.8254,22.45,22.5891,19810716
20210908,22.4406,22.5373,21.9063,22.2672,25443421
20210909,22.2403,22.4655,22.0598,22.1057,19685601
20210910,22.2764,22.5532,22.1984,22.4057,24837574
20210913,22.6111,22.8902,21.7877,22.0808,29749990
20210914,22.2034,22.3379,22.015,22.1705,19975460
20210915,22.2373,22.2951,21.8954,22.2692,16653801
20210916,22.1121,22.2054,21.8565,22.1705,15603344
20210917,22.2283,22.2492,21.7598,21.8296,29450284
20210920,21.078,21.3641,20.5956,21.0451,34944045
20210921,21.3476,21.3561,20.8826,21.1777,20468810
20210922,21.2968,21.8894,21.1278,21.8704,26872556
20210923,22.0688,22.462,21.8196,22.4097,24855491
20210924,21.999,22.0778,21.7907,22.01,21765545
20210927,21.6405,21.7289,21.2564,21.5903,24521514
20210928,21.1453,21.3501,20.5846,20.6324,34306895
20210929,20.8722,20.9494,20.4012,20.451,21839363
20210930,20.7016,20.9983,20.6215,20.6494,22100912
20211001,20.6833,20.7919,20.138,20.6753,24097796
20211004,20.4381,20.4757,19.4921,19.6685,34563497
20211005,19.8858,20.5816,19.7902,20.3852,27928165
20211006,20.0553,20.6534,20.0154,20.6334,29720175
20211007,21.0242,21.2534,20.9046,21.0072,25691893
20211008,21.0331,21.1378,20.7082,20.764,15125791
20211011,20.5088,20.9953,20.445,20.6285,16338754
20211012,20.7605,20.9893,20.462,20.6045,16213354
20211013,20.8507,20.9225,20.6464,20.8717,18065188
20211014,21.2195,21.685,21.0541,21.6761,24358881
20211015,21.7399,21.8605,21.5923,21.7917,22699401
20211018,21.6791,22.2193,21.5744,22.1505,18949356
20211019,22.2044,22.307,21.9661,22.2183,16147329
20211020,22.2328,22.3609,21.9113,22.0319,14627594
20211021,22.0259,22.638,22.012,22.619,18759032
20211022,22.7496,23.0556,22.4885,22.6529,24938379
20211025,22.8991,23.2799,22.6968,23.0915,23023483
20211026,23.9119,25.1778,23.8471,24.6375,48589830
20211027,24.3953,25.0093,24.2039,24.3724,24598989
20211028,24.798,24.8698,24.4441,24.8608,23420431
20211029,24.9201,25.6263,24.9196,25.4848,29250284
20211101,25.5665,25.8107,25.1459,25.7439,26573976
20211102,25.739,26.5922,25.717,26.3161,29411239
20211103,26.5842,26.6979,26.1506,26.5125,23991033
20211104,27.1414,31.2641,27.0308,29.7052,115363115
20211105,30.0899,31.299,29.3154,29.6563,85126015
20211108,30.0521,31.0,29.8108,30.7049,50310093
20211109,32.1782,32.2061,29.8676,30.5584,64674621
20211110,29.2616,30.7508,28.6855,29.3643,63620572
20211111,30.37,30.4916,29.6813,30.2923,33217211
20211112,29.9135,30.5813,29.5347,30.2923,41305428
20211115,30.4538,30.5455,29.153,29.9284,38490900
20211116,29.6633,30.2923,29.6103,30.1059,26448367
20211117,30.3202,30.4109,28.7074,29.1669,42850799
20211118,32.2629,32.6547,31.2203,31.5731,78171075
20211119,32.1393,32.9816,31.8024,32.8789,53386665
20211122,33.4092,34.5356,31.7974,31.8532,75433524
20211123,31.4336,32.2559,30.7807,31.6439,53216270
20211124,31.3598,32.7493,30.8285,32.5689,43516226
20211126,32.4952,32.6048,31.2492,31.4017,28306886
20211129,32.2619,33.3046,31.933,33.2687,45496398
20211130,33.0623,33.2457,31.7615,32.5709,62206647
20211201,33.1167,33.1863,31.2829,31.3377,48580204
20211202,31.1174,32.3775,30.929,32.0266,47289033
20211203,31.901,32.0296,30.0368,30.598,54432505
20211206,29.7876,30.1474,27.9512,29.9441,65893845
20211207,30.8612,32.3486,30.5562,32.3267,59305348
20211208,31.9,32.1901,31.3238,31.7275,47555145
20211209,31.6358,32.1054,30.3339,30.3957,48850716
20211210,31.0536,31.2081,29.7686,30.1046,48882509
20211213,30.1554,30.2003,28.029,28.0739,59834366
20211214,27.6133,28.5893,27.1657,28.2493,66703537
20211215,28.3121,30.4056,27.7519,30.3648,69829688
20211216,31.0556,31.0636,28.0061,28.2992,70736595
20211217,27.8984,28.8325,27.6741,27.715,71662239
20211220,27.2205,28.0569,27.061,27.6332,46184676
20211221,28.2862,29.0299,27.3162,28.985,52438494
20211222,28.8016,29.4636,28.361,29.309,39518438
20211223,29.6629,29.966,29.3399,29.5483,34302174
20211227,29.5682,30.9903,29.5483,30.8493,40368587
20211228,31.2151,31.2331,29.919,30.2282,42059121
20211229,30.1788,30.4535,29.2751,29.9082,34313928
20211230,29.7347,30.3628,29.4486,29.4945,30886422
20211231,29.5822,29.9371,29.2398,29.32,26652991
20220103,29.7228,30.616,29.6928,30.0278,39240294
20220104,30.1833,30.3737,28.2613,29.1994,52715440
20220105,28.8594,29.325,27.4478,27.5186,49806388
20220106,27.5545,28.35,26.9813,28.0908,45418637
20220107,28.0539,28.3341,26.9733,27.1627,40993851
20220110,26.4988,27.384,25.5645,27.3152,59468095
20220111,27.238,27.9782,26.756,27.7309,40408929
20220112,27.9797,28.5065,27.5226,27.9124,38341348
20220113,28.2912,28.3919,26.416,26.4928,53886809
20220114,26.2186,27.1128,26.1289,26.8586,39583235
20220118,26.1788,26.5556,25.6903,25.8229,42530617
20220119,25.9983,26.461,24.9745,24.9894,48831451
20220120,25.2257,25.4999,24.0035,24.0753,43518073
20220121,23.4343,24.7462,23.191,23.3017,71895784
20220124,22.2609,23.3077,20.8234,23.2997,91581063
20220125,22.4762,22.872,21.9319,22.2549,66461636
20220126,23.1681,23.9826,22.231,22.7015,75595873
20220127,23.4951,23.9208,21.6079,21.8761,57335272
20220128,21.944,22.7873,21.2301,22.7693,54377425
20220131,23.1103,24.4332,22.9807,24.4102,56467968
20220201,25.0263,25.0672,23.8161,24.5618,51892517
20220202,25.7142,25.7371,24.477,25.1639,54341941
20220203,24.3823,24.9994,23.7064,23.8739,41017778
20220204,23.8978,24.5588,23.5589,24.2438,35482850
20220207,24.2966,25.1041,24.1271,24.6515,37686750
20220208,24.2836,25.1519,23.9058,25.0303,41035864
20220209,25.5427,26.6423,25.2746,26.6224,52428166
20220210,25.9146,26.8417,25.5208,25.7441,51319972
20220211,25.8358,26.0711,23.6994,23.8749,60547198
20220214,23.8599,24.798,23.6815,24.1919,44042443
20220215,24.8718,26.4629,24.7073,26.413,70175280
20220216,26.1778,26.4998,25.4729,26.429,73267633
20220217,25.5507,25.7052,24.0902,24.4312,81059508
20220218,24.5912,24.9087,23.0285,23.5689,76125491
20220222,22.9637,23.9895,22.9288,23.3176,63342244
20220223,23.7284,24.0803,22.232,22.3177,56651077
20220224,20.95,23.7264,20.8254,23.6745,73580063
20220225,23.6476,24.1421,23.3087,24.0823,52886551
20220228,23.9178,24.5887,23.6337,24.3096,47731861
20220301,24.2158,24.3016,23.0604,23.4044,41205598
20220302,23.6865,24.3376,23.3465,24.1492,38964185
20220303,24.1905,24.2548,23.4004,23.6446,36509504
20220304,23.3156,23.6107,22.4163,22.8689,43201070
20220307,22.7503,22.9656,21.2676,21.2896,45082089
20220308,21.2467,22.3076,20.5896,21.4511,55746719
20220309,22.3215,23.1521,22.1819,22.9467,49274195
20220310,22.4651,22.7214,21.818,22.5917,42806565
20220311,22.9547,23.0773,21.9815,22.0354,36720857
20220314,21.805,22.1969,21.0971,21.2676,38535424
20220315,21.4551,22.9706,21.2597,22.9058,49199569
20220316,23.4313,24.5251,23.1042,24.4244,67142174
20220317,24.0495,24.7693,23.8361,24.6936,47194119
20220318,24.7265,26.4913,24.552,26.3756,73071856
20220321,26.4295,27.0726,25.8911,26.6558,59172708
20220322,26.6488,27.1583,25.9958,26.4464,54700710
20220323,26.0496,26.5337,25.5002,25.559,50211986
20220324,26.0895,28.2372,25.8312,28.0677,87737914
20220325,27.8044,28.2751,27.1912,27.611,57901618
20220328,27.6743,28.1674,27.1264,28.1365,42549392
20220329,28.6106,28.8613,27.8982,28.5722,48898440
20220330,28.2212,28.4122,27.4226,27.609,46348713
20220331,27.7008,28.1654,27.1902,27.2062,52344022
20220401,27.2949,27.4156,26.1902,26.6339,51723511
20220404,26.6498,27.4774,26.5352,27.28,39770782
20220405,27.1743,27.2391,25.7445,25.8552,43661473
20220406,24.8611,25.226,23.9328,24.3356,70383256
20220407,24.3695,24.6497,23.4093,24.1372,55799236
20220408,23.8471,23.853,22.9946,23.0514,52478064
20220411,22.149,22.2547,21.5967,21.8529,57520684
20220412,22.4711,22.6585,21.2198,21.4411,66225807
20220413,21.6645,22.4342,21.3923,22.1381,51694344
20220414,22.4392,22.7104,21.1011,21.1958,56909685
20220418,21.138,22.0234,21.0174,21.7193,52570061
20220419,21.6565,22.3076,21.2517,22.1331,51278058
20220420,22.4512,22.6041,21.138,21.4192,46897444
20220421,21.6457,22.3265,19.9415,20.124,65620944
20220422,20.2436,20.4261,19.443,19.4579,62471343
20220425,19.1458,19.8867,19.0402,19.8438,64156561
20220426,19.6603,19.7301,18.6154,18.7331,65314250
20220427,18.5436,19.1109,18.2365,18.3611,49946017
20220428,18.9115,19.9784,18.4355,19.7241,57032671
20220429,19.3453,20.0696,18.4628,18.4928,50043491
20220502,18.4863,19.5168,18.3372,19.4759,57204868
20220503,19.3433,19.767,19.077,19.5447,47575084
20220504,19.8647,20.3403,18.6962,20.2745,64885463
20220505,19.8089,19.8667,18.4459,18.7889,62633141
20220506,18.6812,19.4549,17.9374,18.6204,63329672
20220509,17.9813,18.2016,16.7778,16.9004,64445451
20220510,17.6373,18.1448,16.9752,17.5435,76147429
20220511,17.2963,17.7011,16.5195,16.5814,67016703
20220512,16.1717,16.7389,15.5215,16.1277,70872837
20220513,16.7389,17.876,16.544,17.6542,67043651
20220516,17.4578,17.736,17.056,17.2135,52144598
20220517,18.0211,18.3173,17.5824,18.1238,58582971
20220518,17.6532,18.065,16.8147,16.8885,54516106
20220519,16.8875,17.6353,16.6851,17.0739,62130959
20220520,17.2813,17.3591,15.7089,16.6452,73910526
20220523,16.2264,16.8655,16.1317,16.8486,63988869
20220524,16.4617,16.5485,15.7339,16.1068,58855002
20220525,15.9731,17.0609,15.9532,16.9254,78113190
20220526,15.9891,18.0391,15.9751,17.7988,99657452
20220527,18.1328,18.8258,18.0471,18.756,73837935
20220531,18.9245,19.1438,18.2963,18.6174,66409951
20220601,18.6692,18.9975,18.069,18.2664,54451390
20220602,18.2385,19.5616,18.1448,19.5347,64865580
20220603,19.0257,19.2758,18.4674,18.6653,59877870
20220606,19.083,19.2804,18.5099,18.7311,42240615
20220607,18.418,18.9444,18.1348,18.8707,38891411
20220608,18.748,19.1279,18.4847,18.5974,36325246
20220609,18.4308,18.8816,17.992,17.999,39557379
20220610,17.5522,17.649,16.8232,16.9279,46564966
20220613,15.9566,16.2677,15.5636,15.6045,60415338
20220614,15.6883,16.0224,15.3702,15.793,46967952
20220615,16.0513,16.8222,15.8828,16.4821,56393565
20220616,15.817,15.8991,15.3592,15.5587,54574867
20220617,15.6055,15.9516,15.2864,15.8369,63033397
20220621,16.4298,16.9618,16.3625,16.521,48308888
20220622,16.182,16.6168,16.1361,16.3156,43799744
20220623,16.4737,16.54,15.81,16.181,46367959
20220624,16.4552,17.0935,16.2657,17.0795,47215283
20220627,17.265,17.283,16.5804,16.8232,42796788
20220628,16.8541,17.1553,15.9017,15.9386,46185936
20220629,15.7711,15.7771,15.1288,15.4998,48235228
20220630,15.3193,15.5247,14.8217,15.1179,68607003
20220701,14.8586,15.022,14.3529,14.4836,57761008
20220705,14.1365,14.9304,14.0169,14.9234,65220761
20220706,14.9693,15.2774,14.7489,15.0889,52906586
20220707,15.4136,15.9017,15.3472,15.815,49290276
20220708,15.3881,15.9935,15.3472,15.795,46797176
20220711,15.4839,15.4848,14.9972,15.1109,43838873
20220712,15.2266,15.3891,14.8366,15.0411,45848310
20220713,14.5504,15.3333,14.4257,15.1228,52191834
20220714,15.067,15.431,14.688,15.3303,45623484
20220715,15.6165,15.7392,15.4031,15.7192,38593547
20220718,16.2578,16.8511,15.9586,16.0573,67051745
20220719,16.4413,17.0636,16.1281,16.9459,70236608
20220720,16.901,17.8838,16.7554,17.7587,76053779
20220721,17.8365,18.0948,17.4969,18.001,55704928
20220722,17.8444,17.9182,17.09,17.272,53667088
20220725,16.9728,17.0775,16.6038,16.9778,48074751
20220726,16.8432,16.8731,16.4333,16.4881,39786491
20220727,16.9858,17.8873,16.8671,17.7417,56977623
20220728,17.9262,18.0908,17.3927,17.9352,47464628
20220729,17.7647,18.1945,17.644,18.1137,43546042
20220801,18.1327,18.7948,17.9412,18.3909,47646904
20220802,18.0728,18.8861,18.0429,18.4757,48952692
20220803,18.1346,18.9165,18.0878,18.8417,41814557
20220804,18.7978,19.2217,18.7091,19.1628,40965227
20220805,18.7589,19.1767,18.6153,18.9375,38606829
20220808,17.4545,18.1895,17.1952,17.7447,98378318
20220809,17.2052,17.3998,16.6786,17.0396,66826265
20220810,17.65,18.0688,17.27,18.0479,59742246
20220811,18.0818,18.6562,17.8275,17.8933,50932655
20220812,18.1107,18.6672,17.9043,18.6582,47809415
20220815,18.6502,19.112,18.5625,18.9803,45766556
20220816,18.8682,19.09,18.4508,18.8278,45123964
20220817,18.4727,18.6373,18.0958,18.2852,44679911
20220818,18.2513,18.8138,18.1336,18.722,41544656
20220819,18.356,18.4697,17.7218,17.8006,44158833
20220822,17.4425,17.5103,16.92,16.9878,40959271
20220823,16.9424,17.4176,16.9239,17.1344,36998577
20220824,16.9658,17.3588,16.8491,17.1753,52266071
20220825,16.7983,17.8983,16.7873,17.8644,77069133
20220826,17.8085,17.8754,16.1929,16.2159,76912743
20220829,15.9765,16.2937,15.7242,15.7581,49613194
20220830,15.9167,15.9955,15.1408,15.426,53018069
20220831,15.3422,15.4978,14.9179,15.053,57370986
20220901,14.1704,14.341,13.2342,13.8992,117886514
20220902,14.0617,14.1325,13.5541,13.61,74315746
20220906,13.6937,13.7416,13.3148,13.4285,53575118
20220907,13.5302,13.8045,13.3137,13.6808,51265746
20220908,13.4265,13.9741,13.3367,13.9562,62487312
20220909,14.1228,14.439,14.0918,14.3522,48712842
20220912,14.3343,14.5118,14.1637,14.4699,48415924
20220913,13.7686,13.8883,13.0673,13.0993,71495563
20220914,13.222,13.2579,12.8818,13.0963,58850654
20220915,12.9837,13.201,12.7591,12.8977,52362516
20220916,12.7107,13.1801,12.5865,13.1661,67075140
20220919,12.9805,13.4304,12.9785,13.3496,56968528
20220920,13.1825,13.4502,13.0254,13.1441,52481775
20220921,13.1811,13.9971,13.0783,13.2289,80767940
20220922,13.0384,13.1172,12.398,12.5306,75916216
20220923,12.39,12.5805,12.2274,12.4857,66330931
20220926,12.4608,12.6284,12.1845,12.1984,54734269
20220927,12.4768,12.7052,12.2284,12.383,55385406
20220928,12.38,12.792,12.324,12.7052,54241388
20220929,12.4179,12.4698,11.9171,12.1905,53276312
20220930,12.0578,12.6025,12.0458,12.1096,56563842
20221003,12.3171,12.6473,12.0757,12.4817,54747847
20221004,12.8479,13.188,12.8479,13.1352,58418167
20221005,12.8795,13.2888,12.5905,13.1771,50713073
20221006,13.188,13.623,13.0713,13.0983,64415689
20221007,12.4748,12.6394,11.9929,12.0468,67247816
20221010,12.0079,12.095,11.3805,11.6418,69869925
20221011,11.533,11.8174,11.2557,11.558,66748163
20221012,11.551,11.7066,11.3176,11.4722,49259019
20221013,10.9445,12.0488,10.7869,11.9311,85010301
20221014,12.0278,12.0817,11.1769,11.1999,71343199
20221017,11.4902,11.9191,11.4892,11.8593,58077417
20221018,12.3142,12.4618,11.5899,11.9381,65936206
20221019,11.8503,12.3201,11.8054,12.0219,52313061
20221020,12.0837,12.7381,12.0757,12.1645,65239761
20221021,12.0689,12.4678,11.8583,12.4359,60949441
20221024,12.4778,12.6793,12.0348,12.5685,51745740
20221025,12.6628,13.2678,12.6334,13.2289,50548233
20221026,12.8379,13.3556,12.6773,12.8648,53553329
20221027,13.597,13.8045,13.0903,13.1441,58311308
20221028,13.0723,13.8165,13.0294,13.8006,52103993
20221031,13.7447,13.8045,13.2649,13.4644,48634099
20221101,13.7776,13.8913,13.4863,13.5103,43281690
20221102,13.8165,14.1756,13.1793,13.187,67262784
20221103,13.0115,13.7477,12.9247,13.3886,50006486
20221104,13.9522,14.1946,13.6639,14.1218,61257591
20221107,14.1936,14.3772,13.9203,14.2664,41006095
20221108,14.7652,14.855,14.1816,14.5667,59529199
20221109,14.1273,14.1766,13.7257,13.7427,45441366
20221110,14.7642,15.7349,14.5118,15.7119,70081925
20221111,15.7693,16.3494,15.4446,16.2875,65548747
20221114,16.1788,16.5,15.8835,16.2556,52785245
20221115,16.6811,16.9569,16.3424,16.6257,54587550
20221116,16.1224,16.3224,15.8346,15.8715,64954684
20221117,15.677,16.2267,15.4974,15.6391,71089356
20221118,15.9274,15.9633,15.0835,15.3717,49207165
20221121,15.1104,15.4396,15.0435,15.28,40473931
20221122,15.2909,16.0187,15.085,15.9992,47286607
20221123,16.0591,16.487,16.0092,16.4791,42724093
20221125,16.2785,16.4471,16.1329,16.2307,16793430
20221128,15.9873,16.3175,15.687,15.7887,30415201
20221129,15.7887,15.8935,15.4825,15.6012,29838449
20221130,15.6631,16.8934,15.5633,16.8864,56529822
20221201,16.9622,17.2277,16.599,17.0979,47097657
20221202,16.623,16.896,16.4094,16.8395,37138858
20221205,16.6429,16.9583,16.4364,16.5741,35225517
20221206,16.4943,16.5372,15.7848,15.9524,35269427
20221207,15.7379,16.151,15.6331,16.0851,37238758
20221208,16.2378,17.1419,15.9245,17.1319,51545554
20221209,17.1229,17.545,16.9383,16.9642,46533819
20221212,17.0002,17.5001,16.7607,17.4971,45732780
20221213,18.4909,18.7494,17.6727,18.0329,65658876
20221214,17.9481,18.2125,17.3823,17.6358,49688810
20221215,17.1089,17.2825,16.6639,16.9153,47854210
20221216,16.8277,17.0042,16.3745,16.5352,47823193
20221219,16.5362,16.5731,16.1101,16.2189,35403877
20221220,16.0293,16.2747,15.8177,16.0502,40325979
20221221,16.0792,16.591,16.0672,16.4653,32502538
20221222,16.0587,16.1031,14.8498,15.3058,56504527
20221223,15.1631,15.3058,14.8508,15.1731,34932563
20221227,15.0414,15.0673,14.0256,14.0905,46490226
20221228,13.8969,14.2312,13.854,14.0056,35106645
20221229,14.3709,14.6512,14.1962,14.5714,35492324
20221230,14.303,14.5974,14.2022,14.5824,31048983
20230103,14.8189,14.9636,14.0655,14.284,40127658
20230104,14.5355,14.8209,14.2102,14.7171,43132360
20230105,14.4597,14.5325,14.1174,14.2342,38916811
20230106,14.4427,14.9775,14.0037,14.8269,40504362
20230109,15.251,16.0213,15.1083,15.5942,50423056
20230110,15.4735,15.9275,15.4385,15.8746,38410126
20230111,15.8053,15.9933,15.5293,15.9664,35328493
20230112,16.0652,16.601,15.4585,16.4753,55140906
20230113,16.2428,16.8854,16.13,16.8625,44728706
20230117,16.8625,17.6897,16.8625,17.6637,51110216
20230118,17.6288,17.8344,17.2446,17.3394,43962355
20230119,16.9992,17.1598,16.6948,16.7287,45293160
20230120,16.9742,17.8174,16.7886,17.8004,56496712
20230123,18.0249,19.2034,17.779,19.1515,65516259
20230124,18.7863,19.4528,18.7793,19.2233,49620410
20230125,18.8716,19.3281,18.5398,19.2812,44953711
20230126,19.6584,20.1224,19.2363,19.7592,48953542
20230127,19.4199,20.5834,19.363,20.321,54214198
20230130,19.9069,20.0964,19.1086,19.1206,48861115
20230131,19.128,19.6444,18.909,19.4948,49801658
20230201,19.6484,21.1462,19.5686,20.8977,66047704
20230202,20.9546,21.9015,20.6552,21.6621,56427580
20230203,20.9546,21.698,20.744,21.0544,42936595
20230206,20.761,21.5234,20.7411,21.0434,45219709
20230207,21.3358,22.2109,21.1043,22.1251,66414961
20230208,22.3386,22.8285,21.9604,22.157,55965122
20230209,22.5571,22.9702,22.0722,22.2887,52387578
20230210,21.6431,22.0299,20.766,21.219,55073675
20230213,21.4914,22.0003,20.9167,21.7409,47491862
20230214,21.5313,22.999,21.3198,22.9213,67547350
20230215,22.5002,22.8056,22.0582,22.7148,42118826
20230216,22.0851,22.5012,21.8794,21.9544,41202628
20230217,21.5842,21.693,20.9296,21.3418,46588764
20230221,20.9546,21.4473,20.5734,20.6103,41001455
20230222,20.6622,21.0584,20.3768,20.7091,51318432
20230223,23.3893,23.8363,22.9752,23.6128,111799541
20230224,23.1748,23.4232,22.8974,23.2356,58971591
20230227,23.6188,23.8283,23.4033,23.4502,45299367
20230228,23.3215,23.7735,23.1558,23.1658,45596280
20230301,23.1418,23.2053,22.4593,22.6489,46002562
20230302,22.4394,23.3298,22.3835,23.2636,39007465
20230303,23.2696,23.8483,23.08,23.8383,41239330
20230306,23.8393,24.1956,23.4362,23.5031,43742923
20230307,23.553,24.0769,23.1947,23.2416,51515388
20230308,23.4402,24.1518,23.3768,24.1328,51357339
20230309,24.1268,24.4053,23.3362,23.3893,50125699
20230310,23.3624,23.5799,22.6807,22.9192,47486565
20230313,22.7067,23.2516,22.2526,22.9202,42189032
20230314,23.4492,24.1707,23.4133,24.015,47491013
20230315,23.7137,24.2376,23.3134,24.1797,52448574
20230316,23.9791,25.537,23.8464,25.4901,58494626
20230317,25.9302,26.3464,25.6169,25.6737,84854656
20230320,25.564,25.9721,25.0798,25.8484,43274719
20230321,26.1278,26.3394,25.3304,26.1468,54740776
20230322,26.3723,27.534,26.1847,26.4153,79729511
20230323,27.0615,27.4442,26.6368,27.1368,56488876
20230324,26.9771,27.1129,26.3025,26.7256,45541407
20230327,26.7835,26.9462,26.3125,26.4781,36102574
20230328,26.3943,26.4602,25.7985,26.3574,35610378
20230329,26.7715,27.024,26.544,26.9302,39369387
20230330,27.1747,27.4442,27.048,27.3284,36451574
20230331,27.0859,27.7788,27.051,27.7216,43393277
20230403,27.4542,27.9442,27.2815,27.9093,39871560
20230404,27.9103,27.9442,27.2526,27.3983,36859153
20230405,26.7755,26.9442,26.3424,26.8274,51501474
20230406,26.531,27.026,26.3743,26.9831,39765434
20230410,26.7695,27.5659,26.6159,27.524,39527855
20230411,27.6683,27.7346,27.0719,27.1149,31437817
20230412,27.3155,27.4133,26.3948,26.4422,44625895
20230413,26.6807,26.8333,26.2765,26.4103,35361528
20230414,26.4512,26.8294,26.1678,26.7047,39566013
20230417,26.5126,26.9522,26.3805,26.9482,32147130
20230418,27.4786,28.054,27.3025,27.6119,60481154
20230419,27.3065,27.9442,27.1777,27.8753,35866041
20230420,27.6159,27.9741,26.9462,27.05,42771326
20230421,26.8983,27.1288,26.6688,27.065,34510277
20230424,26.9592,27.3115,26.6179,26.9881,33928186
20230425,27.024,27.1927,26.1727,26.1887,37852716
20230426,26.9482,27.2755,26.6519,26.9023,40633681
20230427,27.3085,27.4402,26.572,27.1717,37716119
20230428,27.1707,27.7027,27.0175,27.6937,29221614
20230501,27.7845,29.0005,27.7246,28.8524,57032853
20230502,28.6228,28.7785,28.027,28.1538,40272957
20230503,27.7845,28.3105,27.4173,27.7466,38338740
20230504,27.5959,27.8035,27.1857,27.5071,32185041
20230505,27.7701,28.6977,27.6757,28.6228,36149408
20230508,28.4652,29.1618,28.2935,29.0929,34497890
20230509,28.8414,28.9153,28.3933,28.5141,31486946
20230510,28.9472,29.055,28.4046,28.8274,36934998
20230511,28.8384,28.8923,28.1897,28.5211,32214903
20230512,28.4721,28.7226,27.9901,28.2835,27422225
20230515,28.4517,28.9113,28.0959,28.8953,29392587
20230516,28.7835,29.8105,28.7745,29.1548,44940494
20230517,29.525,30.1388,29.3714,30.1179,43253541
20230518,30.3494,31.7646,30.2596,31.6149,74872501
20230519,31.4732,31.5171,30.8544,31.2017,47390765
20230522,30.8394,31.4572,30.6189,31.1139,37199967
20230523,30.9382,31.2257,30.57,30.6268,35625326
20230524,30.1498,30.546,29.7466,30.4771,72141851
20230525,38.4462,39.4013,36.562,37.9043,154391067
20230526,37.8145,39.0919,37.4752,38.8684,71439676
20230530,40.5141,41.8544,39.8694,40.0311,92340110
20230531,39.4093,40.2147,37.7466,37.7586,100258020
20230601,38.4123,39.9702,38.2636,39.6907,63587295
20230602,40.0171,40.4193,38.9802,39.2486,48273121
20230605,38.8315,39.4862,38.6299,39.0929,39609381
20230606,38.7526,39.082,38.072,38.577,38872914
20230607,38.8415,39.4244,37.2854,37.4042,51199789
20230608,37.6527,38.7906,37.4341,38.4372,41777240
20230609,38.9632,39.6359,38.4941,38.6967,42771747
20230612,39.1259,39.4553,38.545,39.4074,38967335
20230613,40.1101,41.0233,39.6649,40.9445,61320816
20230614,40.7468,42.9187,40.4754,42.9157,74046502
20230615,42.5215,43.2072,42.0673,42.5724,56862204
20230616,43.3679,43.6384,42.5799,42.6113,65570941
20230620,42.9167,43.9069,42.5933,43.7252,45115311
20230621,43.4188,43.5326,42.0005,42.9636,55160291
20230622,42.1731,43.3434,42.1542,42.9437,41773743
20230623,42.3837,42.7281,41.9356,42.1292,35813984
20230626,42.3808,42.6832,40.0242,40.5552,59432192
20230627,40.7219,41.8607,40.3716,41.7969,46217470
20230628,40.5832,41.7659,40.4414,41.0393,58263927
20230629,41.4795,41.5214,40.5233,40.7448,38051430
20230630,41.6012,42.4696,41.4226,42.2221,50114775
20230703,42.4366,42.8169,42.1222,42.3328,19820919
20230705,42.0554,43.0954,42.0055,42.237,32361756
20230706,41.7649,42.0993,41.2679,42.0234,30413879
20230707,42.242,43.1323,42.1003,42.4227,35588147
20230710,42.5764,42.7301,41.5703,42.1003,35390811
20230711,42.4007,42.6772,41.9875,42.3249,29824406
20230712,42.9517,43.852,42.6964,43.819,48127702
20230713,44.4339,46.0678,44.4079,45.8901,47820369
20230714,46.4948,47.9971,44.9748,45.3831,77207533
20230717,46.2015,46.4081,45.1769,46.3732,51048822
20230718,46.6127,47.8055,45.6476,47.4042,57019042
20230719,47.3743,47.7276,46.6537,46.988,42750179
20230720,46.4191,46.998,44.9768,45.434,53786451
20230721,45.7015,45.7793,44.0167,44.2253,96376863
20230724,44.6465,45.0237,43.9568,44.5277,38309974
20230725,44.8561,46.0952,44.8381,45.5927,34808091
20230726,45.934,45.966,44.5457,45.3661,36423726
20230727,46.4311,47.3054,45.6635,45.8133,45597552
20230728,46.5798,46.9381,46.2933,46.6616,33119424
20230731,46.6656,47.0409,46.4181,46.6407,25105528
20230801,46.3717,46.8114,45.94,46.4191,23927597
20230802,45.7444,45.7534,43.305,44.1853,53014157
20230803,43.7172,45.0327,43.7172,44.4309,32507660
20230804,44.9,45.5557,44.3091,44.5956,36266618
20230807,45.0257,45.4539,44.4792,45.3307,32215354
20230808,44.7682,45.1565,43.9727,44.5796,35384343
20230809,44.1903,44.2283,42.0544,42.4736,58644907
20230810,42.0803,43.4916,41.7559,42.3079,49270530
20230811,41.6721,41.9386,40.5622,40.7778,53308526
20230814,40.4095,43.7172,40.2348,43.6703,69028583
20230815,44.4758,45.1824,43.6274,43.857,67651151
20230816,44.4359,44.5906,43.324,43.4038,52745068
20230817,43.8869,43.9787,42.9197,43.2616,45239482
20230818,42.5544,43.4956,41.5813,43.2172,58376787
20230821,44.4099,46.9761,44.1384,46.8782,69257337
20230822,48.044,48.0959,45.2474,45.5817,75720691
20230823,45.7793,47.1108,45.1226,47.027,77904608
20230824,50.1211,50.171,47.0699,47.0739,115604409
20230825,46.9232,47.7147,44.9389,45.931,92534052
20230828,46.3942,46.8912,44.8032,46.7465,68519223
20230829,46.5778,48.9882,46.3033,48.6918,70139699
20230830,48.9513,49.8326,48.3335,49.1709,73520598
20230831,49.2867,49.65,48.8655,49.2617,52856977
20230901,49.668,49.7059,48.0506,48.4173,46383030
20230905,48.1319,48.7585,47.7695,48.4562,38265258
20230906,48.3534,48.4612,46.4958,46.9759,46866957
20230907,45.4427,46.2602,45.0704,46.1574,43332989
20230908,45.8589,46.5217,45.1891,45.4896,47389994
20230911,46.0646,46.0795,44.2319,45.0963,47396555
20230912,44.6571,45.5904,44.4505,44.7889,34925634
20230913,44.5194,45.847,44.4225,45.4028,39835535
20230914,45.8669,45.9038,45.0494,45.4986,37009720
20230915,45.259,45.5166,43.7288,43.8206,50683051
20230918,42.6707,44.162,41.9241,43.8865,50027079
20230919,43.7537,43.8865,42.9242,43.4413,37306424
20230920,43.5212,43.8236,42.1467,42.1626,36710769
20230921,41.5078,42.0239,40.9059,40.9428,45073596
20230922,41.4968,42.0389,41.1565,41.5348,47923631
20230925,41.5158,42.4591,41.1025,42.1457,41909096
20230926,41.9251,42.7426,41.5797,41.8352,40228209
20230927,42.2535,42.7945,41.5537,42.3912,44493520
20230928,42.3832,43.3678,42.0389,43.0111,42466279
20230929,43.7478,44.0642,43.2286,43.4204,39782993
20231002,43.9504,45.0933,43.7817,44.701,43329821
20231003,44.727,45.0484,43.1678,43.4383,47084954
20231004,43.6629,44.0632,43.2137,43.9614,36182086
20231005,43.9704,44.8188,43.8086,44.6072,39348309
20231006,44.1131,45.7062,43.9464,45.6793,43443602
20231009,44.7609,45.5225,44.2878,45.1911,40967472
20231010,45.2281,46.1754,45.0065,45.7152,36858208
20231011,46.1125,46.7743,45.9667,46.7214,37813689
20231012,46.6924,47.5229,46.2462,46.8601,48132500
20231013,46.8751,47.0308,45.1981,45.3788,47542599
20231016,44.9815,46.1414,44.8308,46.0117,37509924
20231017,43.9204,44.6731,42.4032,43.8586,81233267
20231018,42.514,43.1409,41.7494,42.1197,62729434
20231019,42.7336,43.2187,41.8063,42.0249,50123308
20231020,41.8143,42.3932,41.0037,41.3122,47726605
20231023,41.1545,43.1698,40.871,42.8973,47853049
20231024,42.9991,43.618,42.6138,43.5841,40146337
20231025,43.3195,43.5711,41.4799,41.7035,39837922
20231026,41.7773,42.1791,39.8081,40.2531,54100132
20231027,41.0556,41.1315,39.9427,40.4268,41678441
20231030,41.0127,41.6905,40.4078,41.0866,38802814
20231031,40.3769,40.8051,39.1591,40.7063,51796870
20231101,40.8101,42.3044,40.7951,42.2485,43759290
20231102,43.2497,43.8047,42.8164,43.4273,40917187
20231103,43.9404,45.2271,43.6439,44.9236,42460959
20231106,45.2026,45.8519,44.8178,45.6683,40073335
20231107,45.6363,46.1344,45.0759,45.8719,34316547
20231108,46.0166,46.7823,45.8849,46.4898,34671894
20231109,47.3812,48.1428,46.6655,46.8651,54049597
20231110,47.4141,48.3844,47.1975,48.2476,42244156
20231113,48.2326,49.0272,48.012,48.5321,38413570
20231114,49.5902,49.7439,48.9513,49.5662,41695387
20231115,49.8447,49.8697,48.1129,48.7996,47549735
20231116,48.591,49.4351,48.2426,49.3905,33975624
20231117,49.4345,49.6271,48.9184,49.2089,32589691
20231120,49.2228,50.4566,49.0921,50.3179,41614260
20231121,50.0354,50.4257,49.133,49.8537,56574687
20231122,49.7619,50.2439,47.6038,48.6279,90064233
20231124,48.3824,48.8325,47.6587,47.6896,29464464
20231127,47.7136,48.4423,47.5658,48.1548,39566190
20231128,48.1488,48.2355,47.3872,47.7345,40149085
20231129,48.2915,48.6738,47.7735,48.053,38200465
20231130,47.9372,48.023,46.3381,46.6854,52624663
20231201,46.4409,47.1147,46.1035,46.6804,36931701
20231204,45.9937,45.9937,44.9286,45.4277,43754344
20231205,45.3878,46.5198,45.1931,46.4859,37171762
20231206,47.1333,47.3055,45.3339,45.4247,38058955
20231207,45.6214,46.5488,45.5256,46.5158,35082255
20231208,46.5148,47.6587,46.4699,47.4243,35922370
20231211,47.4093,47.4492,45.7512,46.5468,50972809
20231212,45.9668,47.584,45.9668,47.575,37238686
20231213,47.5471,48.5104,47.5261,48.0053,44779186
20231214,48.3068,48.5863,47.3404,48.2668,39123174
20231215,48.1111,49.319,48.0372,48.8059,47994758
20231218,49.315,50.3462,49.0655,49.9909,41258717
20231219,49.339,49.6145,48.8109,49.5187,46444446
20231220,49.5696,49.913,48.0153,48.0282,39789439
20231221,48.727,49.0105,48.3357,48.9057,30042535
20231222,49.1104,49.2981,48.3836,48.746,25250676
20231226,48.8838,49.5147,48.8758,49.1942,24419952
20231227,49.4258,49.5945,49.0006,49.332,23364798
20231228,49.5576,49.7982,49.327,49.4368,24658748
20231229,49.7273,49.911,48.6671,49.4368,38929330
20240102,49.1593,49.2102,47.5131,48.0851,41125422
20240103,47.4033,48.1012,47.2386,47.4872,32089617
20240104,47.6848,48.4166,47.4263,47.9154,30653489
20240105,48.3786,49.4618,48.2229,49.0125,41503927
20240108,49.4268,52.1851,49.3939,52.1631,64250990
20240109,52.3109,54.2315,51.6011,53.0486,77310006
20240110,53.5238,54.5061,53.397,54.2565,53379576
20240111,54.9044,55.2508,53.4679,54.7277,59675877
20240112,54.526,54.8754,54.2366,54.6159,35299360
20240116,54.9234,56.7372,54.8056,56.285,44957973
20240117,56.2501,56.3735,54.6458,55.9566,47439444
20240118,57.1615,57.5009,56.0105,57.0088,49165036
20240119,57.8892,59.3976,57.1266,59.3887,54350148
20240122,59.9457,60.2272,58.9684,59.5514,45295463
20240123,59.4675,59.8069,58.4842,59.77,29465445
20240124,60.2003,62.7409,59.8349,61.2564,56027076
20240125,62.2427,62.6111,60.7453,61.511,48277684
20240126,60.8551,61.6767,60.4688,60.926,39030859
20240129,61.1267,62.3815,60.8022,62.3575,34873298
20240130,62.7918,63.3838,62.1529,62.666,41073530
20240131,61.3343,62.1619,60.5956,61.4212,45379487
20240201,61.9932,63.0823,61.5439,62.9186,36914579
20240202,63.864,66.4854,63.5804,66.0462,47657765
20240205,68.1076,69.3775,67.0894,69.2127,68007801
20240206,69.5102,69.634,66.1859,68.1056,68311136
20240207,68.2015,70.0992,67.4837,69.9784,49557455
20240208,69.9535,70.6722,69.3355,69.5212,41442211
20240209,70.4117,72.0608,70.0912,72.0089,43663689
20240212,72.4751,74.4827,71.1274,72.1237,61371018
20240213,70.2789,73.3237,69.5002,72.0039,60258015
20240214,73.0761,74.1083,71.8143,73.7729,50491742
20240215,73.7419,73.8477,72.2755,72.533,42012181
20240216,73.9725,74.274,72.3763,72.4881,49532662
20240220,71.8232,71.8322,67.6175,69.3325,70483310
20240221,67.889,68.7695,66.134,67.3559,69029813
20240222,74.8959,78.4398,74.0923,78.4029,86509974
20240223,80.651,82.2523,77.4366,78.6814,82938837
20240226,79.5629,80.5073,78.37,78.9559,50397273
20240227,79.2444,79.3433,77.0293,78.5656,39170524
20240228,77.4865,78.7972,76.9923,77.5294,39311040
20240229,78.9579,79.8524,78.2152,78.9759,50728898
20240301,79.8624,82.1584,79.2984,82.1375,47913510
20240304,83.9853,87.5441,83.575,85.0904,61561645
20240305,85.1273,85.9529,83.2774,85.8202,52063930
20240306,87.8747,89.5739,86.8844,88.5516,58252030
20240307,90.0071,92.6118,89.4521,92.5139,60811916
20240308,94.9787,97.237,86.3612,87.3815,114226906
20240311,86.2844,88.6484,84.0252,85.6305,67836412
20240312,87.9017,91.8061,86.0059,91.7592,66807515
20240313,90.9026,91.3509,88.287,90.7359,63571289
20240314,89.4271,90.4943,86.4551,87.7968,60231816
20240315,86.7845,89.3962,86.1127,87.6895,64208616
20240318,90.2368,92.2504,86.9393,88.307,66897593
20240319,86.5549,90.3925,84.8678,89.2484,67217127
20240320,89.6467,90.2587,88.0754,90.2208,47906279
20240321,92.1456,92.493,90.2537,91.282,48037231
20240322,90.9885,94.6194,90.682,94.1312,58671936
20240325,93.7838,96.6041,93.3535,94.843,55213608
20240326,95.6906,96.2137,92.3472,92.4061,51364758
20240327,92.9562,93.084,88.9739,90.099,58606723
20240328,89.8494,91.1472,89.0438,90.2048,43521227
20240401,90.1479,92.0707,89.0547,90.2118,45244149
20240402,88.3,89.9432,87.4734,89.3023,43306355
20240403,88.3359,90.2228,88.2521,88.8151,37006655
20240404,90.2547,90.4823,85.7363,85.7613,43496492
20240405,86.7206,88.3329,85.7822,87.8607,39967846
20240408,88.5516,88.6814,86.5869,86.9872,28322000
20240409,87.2957,87.4884,82.8831,85.2112,50354735
20240410,83.7856,87.2538,83.5689,86.8934,43192853
20240411,87.2737,90.5872,86.7805,90.4644,43163727
20240412,89.5489,90.0241,87.3835,88.0384,42680479
20240415,88.9489,90.4614,85.7852,85.8571,44307695
20240416,86.2879,87.9706,85.9199,87.2687,37045302
20240417,88.1922,88.6265,83.8095,83.8944,49539951
20240418,84.8278,86.0458,82.2641,84.5293,44726034
20240419,83.0109,84.1829,75.4795,76.0725,87519800
20240422,77.9733,79.939,76.2722,79.3849,59634051
20240423,80.6338,82.6305,80.1297,82.2851,43855937
20240424,83.8095,83.9413,79.0505,79.5437,51220753
20240425,78.736,83.1836,78.0921,82.4937,42464073
20240426,83.6777,88.1831,83.2475,87.5882,55101078
20240429,87.4484,87.8448,85.1233,87.6102,38897076
20240430,87.094,88.6704,86.1556,86.2574,36370870
20240501,84.9346,85.8561,81.1186,82.902,55986317
20240502,84.3077,86.0927,83.0608,85.6734,37789754
20240503,87.6421,89.1316,86.8944,88.6404,39834072
20240506,89.2404,92.0657,88.906,91.9858,37620255
20240507,90.9456,91.6274,88.8621,90.4025,43734161
20240508,89.3328,91.0414,89.2704,90.2607,32572102
20240509,90.3775,90.9196,88.0834,88.5985,37801268
20240510,90.1534,91.2481,89.0777,89.7276,33532541
20240513,90.3266,90.8457,88.3809,90.2477,28968017
20240514,89.4491,91.4976,88.7852,91.2031,29650708
20240515,92.3173,94.7033,91.4457,94.4717,41773545
20240516,94.7512,95.6587,93.9455,94.2011,32395182
20240517,94.2111,94.5815,91.6524,92.3243,35969103
20240520,93.5931,95.0407,93.2836,94.6214,31876446
20240521,93.4424,95.2404,93.0241,95.2264,32894646
20240522,95.2993,95.8593,93.093,94.7911,54864799
20240523,101.8573,106.1421,101.3501,103.6253,83506528
20240524,104.2742,106.2968,102.8277,106.2908,42949367
20240528,110.0595,114.7467,109.6991,113.7104,65272789
20240529,112.8608,115.2987,110.7154,114.6329,55744193
20240530,114.4582,115.6254,109.4795,110.3151,48735033
20240531,112.3317,112.5284,106.7611,109.4496,61326250
20240603,113.4309,114.8076,111.8156,114.8076,43839176
20240604,115.5224,116.4049,113.8542,116.2422,40332401
20240605,118.1729,122.2446,117.2714,122.2351,52840178
20240606,123.8404,125.3769,118.122,120.7955,66469619
20240607,119.5696,121.4881,117.8245,120.6857,41238580
20240610,120.1686,122.894,116.8142,121.5862,314162650
20240611,121.5762,122.6745,118.551,120.7176,222551158
20240612,122.8642,126.6781,122.3749,125.0008,299595001
20240613,129.1841,129.5934,126.9576,129.4037,260704537
20240614,129.7532,132.6286,128.1158,131.6701,309320376
20240617,132.7784,133.5172,129.3738,130.7716,288504444
20240618,130.9313,136.113,130.482,135.3642,294335054
20240620,139.5775,140.536,129.3139,130.5719,517768425
20240621,126.9177,130.4221,124.1022,126.3686,655484664
20240624,123.0439,124.2619,117.8521,117.922,476060866
20240625,121.0071,126.2987,119.1301,125.8893,425787456
20240626,125.9293,127.9161,122.4049,126.1988,362975918
20240627,123.9025,126.2088,122.7244,123.7927,252571693
20240628,124.3817,127.5068,122.5547,123.3434,315516740
20240701,123.2735,124.6413,118.6409,124.1022,284885534
20240702,120.9372,123.2136,120.8374,122.4748,218373969
20240703,121.4664,128.0759,121.1669,128.0759,215748955
20240705,127.1773,128.6449,125.48,125.6298,214176689
20240708,127.2871,130.5619,126.8378,127.996,237677322
20240709,130.1426,133.607,128.4453,131.1709,287020820
20240710,133.8167,134.885,132.2093,134.6953,248978569
20240711,135.534,135.9333,126.8478,127.1973,374782738
20240712,128.0559,131.7101,127.0175,129.0343,252680535
20240715,130.3522,131.1809,126.9776,128.2356,208326164
20240716,128.2356,128.8346,124.3817,126.1589,214769515
20240717,121.1569,121.6561,116.5342,117.8022,390086189
20240718,121.6561,122.2052,116.3745,120.8973,320979530
20240719,120.1585,121.4065,117.1832,117.7423,217223800
20240722,120.1585,123.8726,119.6693,123.3434,258068943
20240723,122.5846,124.4916,121.9057,122.3949,173910983
20240724,118.9803,119.7591,113.2595,114.0682,327776884
20240725,112.8601,116.4444,106.1308,112.1013,460067019
20240726,116.0051,116.0151,111.4024,112.8801,293399073
20240729,113.5091,116.0949,111.1229,111.4124,248152068
20240730,111.3425,111.8118,102.3768,103.5649,486833274
20240731,112.7203,118.1517,110.7035,116.8338,473174182
20240801,117.343,119.9688,106.6404,109.0362,523462326
20240802,103.5949,108.547,101.2087,107.0993,482027464
20240805,91.9135,103.2454,90.5457,100.2901,552842375
20240806,103.6747,107.5386,100.39,104.0841,409012089
20240807,107.6384,108.6269,98.5329,98.7526,411440423
20240808,101.8377,105.3321,97.3648,104.8029,391910023
20240809,105.4719,106.4304,103.2654,104.5833,290844157
20240812,106.1508,110.8932,106.0909,108.8465,325559870
20240813,112.2611,116.045,111.4024,115.9552,312646660
20240814,118.3414,118.4113,113.8885,117.8921,339246407
20240815,118.571,123.0439,117.2831,122.6645,318086673
20240816,121.7459,124.8011,120.9872,124.3817,302589872
20240819,124.0822,129.7931,123.2236,129.7931,318333577
20240820,128.1957,129.6733,125.6897,127.0475,300087415
20240821,127.1124,129.1441,126.4584,128.2955,257883572
20240822,129.8131,130.5419,122.9041,123.5431,376189076
20240823,125.6597,129.3938,125.0207,129.1641,323230332
20240826,129.3638,131.0511,124.1721,126.2587,331964672
20240827,124.851,128.9944,123.6829,128.0958,303134573
20240828,127.9161,128.1258,122.4448,125.4101,448101115
20240829,121.1619,124.232,116.5243,117.4029,453023305
20240830,119.3398,121.5562,117.0335,119.18,333751583
20240903,115.8254,116.0251,107.1193,107.8281,477155100
20240904,105.2422,113.0897,103.9543,106.041,372470291
20240905,104.8179,109.4755,104.5933,107.0394,306850696
20240906,107.8681,107.9779,100.7893,102.6664,413638098
20240909,104.7131,106.3804,103.525,106.3006,273912015
20240910,107.6384,109.2259,104.783,107.928,268283736
20240911,109.2159,117.0035,107.249,116.7239,441422370
20240912,116.6641,120.6081,115.2063,118.9606,367100496
20240913,118.9007,119.7744,117.4229,118.9207,238358328
20240916,116.6142,118.0021,114.1878,116.6042,248772308
20240917,117.9921,118.6211,114.6571,115.416,231925876
20240918,115.7155,117.5228,113.0495,113.1993,310318937
20240919,117.1733,119.4798,117.0735,117.6925,293506438
20240920,116.8838,118.4395,115.2164,115.8254,382462428
20240923,116.3745,116.8139,114.6871,116.085,206228490
20240924,116.3396,121.6166,115.2063,120.688,354966772
20240925,121.8363,124.7519,121.4269,123.324,284692948
20240926,126.6091,127.4728,121.6166,123.8533,302582868
20240927,123.7834,123.8433,119.0804,121.2172,271009175
20240930,118.1319,121.3171,117.9721,121.2572,227053651
20241001,121.5817,122.2508,115.6157,116.8238,302094485
20241002,116.2647,119.2003,114.9667,118.6711,221845887
20241003,120.7379,124.1728,120.1589,122.665,277117973
20241004,124.7519,124.8517,121.6466,124.7319,244465552
20241007,124.8018,130.4433,124.7619,127.5277,346250233
20241008,130.0639,133.279,129.2252,132.6899,285722485
20241009,133.9081,134.3175,131.1822,132.4503,246191612
20241010,131.7114,134.7967,130.8028,134.607,242311337
20241011,133.8082,135.5756,133.4588,134.5971,170209474
20241014,136.2645,139.3898,136.0948,137.8621,232347668
20241015,137.6624,138.3614,128.5462,131.4019,377831021
20241016,133.7783,136.4143,131.3819,135.5157,264879720
20241017,139.1302,140.6779,136.6639,136.7238,306435921
20241018,138.4562,138.6909,137.0733,137.7922,176090184
20241021,137.922,143.4936,137.7922,143.4936,264554514
20241022,142.6948,144.2026,141.5665,143.3738,226311589
20241023,141.8162,142.2156,137.253,139.3499,285930038
20241024,140.608,141.1372,138.2515,140.1986,172354888
20241025,140.7178,143.913,140.588,141.3269,205122109
20241028,142.7847,142.9245,139.8391,140.3084,173586745
20241029,140.0738,142.0456,138.6909,141.0373,157593634
20241030,139.3299,140.1187,136.604,139.1252,179418082
20241031,137.3928,137.4028,131.9117,132.5601,270039641
20241101,134.4972,137.1033,134.3674,135.1961,207127838
20241104,137.0034,138.7508,135.3659,135.8452,187528173
20241105,137.2431,140.1588,137.1232,139.6994,160537373
20241106,142.7448,146.2695,141.7463,145.3908,242043945
20241107,146.1696,148.7058,145.9499,148.6559,207323303
20241108,148.546,149.5445,146.0398,147.4077,175665830
20241111,148.4562,148.6259,143.3538,145.0413,182325620
20241112,146.559,149.4247,145.7902,148.0667,198634738
20241113,148.8456,149.1052,145.6803,146.0498,191903267
20241114,147.4177,148.7757,145.3309,146.539,194463301
20241115,144.6519,145.0213,139.8691,141.7662,250132869
20241118,139.29,141.3369,136.9435,139.939,221865993
20241119,141.1072,146.9085,140.7777,146.7887,227834912
20241120,147.1881,147.3378,142.5151,145.6704,309871654
20241121,149.1251,152.6598,140.4882,146.4492,400946570
20241122,145.7103,146.9384,140.8876,141.7363,236406154
20241125,141.7762,141.8361,135.6155,135.8152,344941875
20241126,137.4927,139.0903,135.4657,136.7139,190287654
20241127,134.8067,137.0134,131.6016,135.1362,226370912
20241129,136.5741,139.1402,135.8452,138.0419,141863156
20241202,138.621,140.2385,137.6175,138.4213,171682777
20241203,138.0518,140.3284,137.7423,140.0488,164413965
20241204,141.7812,145.5705,140.0788,144.9215,231224295
20241205,144.9015,146.3295,143.7432,144.8516,172621180
20241206,144.3923,145.4907,141.107,142.2354,188505573
20241209,138.7703,139.7489,136.933,138.6106,189308625
20241210,138.8103,141.6163,133.5978,134.876,210020888
20241211,137.1627,139.9686,135.0157,139.1099,184905192
20241212,136.8831,138.2411,135.6049,137.1427,159211393
20241213,138.7404,139.3994,132.3496,134.0571,231514881
20241216,133.9872,134.2069,130.2326,131.8104,237951130
20241217,128.9045,131.401,126.6777,130.2027,259410263
20241218,133.6677,136.5036,128.0957,128.7248,277444533
20241219,131.5707,133.8374,129.3639,130.4923,209719210
20241220,129.6235,135.0856,128.0358,134.5065,306528553
20241223,136.0842,139.5892,134.926,139.4693,176053506
20241224,139.7989,141.6961,138.4508,140.0186,105156989
20241226,139.4993,140.6476,137.5321,139.729,116519090
20241227,138.351,138.8203,134.5165,136.8132,170582603
20241230,134.6363,140.0685,133.8275,137.2925,167734700
20241231,137.8317,137.8716,133.6377,134.0971,155659211
20250102,135.8046,138.6805,134.4366,138.1113,198247166
20250103,139.8089,144.6918,139.5293,144.2624,229322478
20250106,148.3765,151.9374,147.6077,149.2153,265377359
20250107,152.8101,152.91,139.8089,139.9387,351782174
20250108,142.3752,143.7432,137.3624,139.9087,227349948
20250110,137.2525,139.719,134.0272,135.7147,207602514
20250113,129.8032,133.2982,129.3239,133.0386,204808914
20250114,135.8545,136.1841,129.8632,131.5707,195590485
20250115,133.458,136.254,131.1014,136.0443,185217338
20250116,138.4408,138.5507,133.2982,133.3781,209235583
20250117,136.4936,138.301,135.2703,137.5122,201188760
20250121,138.9601,141.6262,136.893,140.6277,197748985
20250122,144.4522,147.5777,143.4636,146.8587,237651395
20250123,144.8416,147.0185,143.5135,147.0085,155915549
20250124,148.1568,148.756,141.6762,142.4151,234657635
20250127,124.6207,128.2155,116.5323,118.2499,818830895
20250128,121.635,128.8147,116.083,128.8047,579666350
20250129,126.3183,126.7077,119.8775,123.5223,467120640
20250130,122.9231,124.8204,117.9303,124.4709,392925469
20250131,123.6022,127.6663,119.0188,119.8975,390372899
20250203,114.5851,118.3997,112.8476,116.4924,371235677
20250204,116.792,121.0259,116.5323,118.4795,256550040
20250205,121.5851,124.8204,120.5865,124.6507,263110629
20250206,127.2369,128.585,125.0301,128.4951,251483574
20250207,129.0344,130.1827,124.8204,129.6535,228186298
20250210,129.9031,134.8061,129.7733,133.3781,216989086
20250211,132.3895,134.2868,130.8318,132.6092,178902379
20250212,129.8332,132.05,128.8946,130.9516,160278552
20250213,131.366,136.3039,130.9816,135.0956,197429975
20250214,136.2839,139.0499,135.3053,138.6505,195479557
20250218,141.067,143.2339,137.7268,139.1997,219176627
20250219,139.3096,141.1569,137.0229,139.03,167536006
20250220,139.8288,140.4579,136.5936,139.9087,143903583
20250221,139.8388,141.2568,133.8374,134.2369,228217585
20250224,136.3638,138.3909,129.8931,130.0928,251381137
20250225,129.7933,130.0129,124.2612,126.4481,271428711
20250226,129.7983,133.5379,128.3054,131.0914,322553814
20250227,134.8061,134.816,119.8376,119.9774,443175846
20250228,117.8504,124.9103,116.2328,124.7405,389091145
20250303,123.3326,123.5223,112.1187,113.8961,411381373
20250304,110.486,119.1386,109.9518,115.8234,398163305
20250305,117.4111,118.1082,114.3455,117.1315,284337886
20250306,113.3669,115.1843,110.0617,110.4111,321181861
20250307,111.0902,113.317,107.4055,112.5281,341755468
20250310,109.7421,111.6893,105.3085,106.8263,366487363
20250311,106.8363,112.0748,104.6195,108.6037,354865692
20250312,113.9665,116.603,112.7282,115.5844,323857454
20250313,116.8726,117.6016,113.637,115.4246,299033131
20250314,118.4505,121.7161,117.9911,121.5064,277593455
20250317,122.5749,122.7247,117.8713,119.3693,255501481
20250318,117.8413,118.8599,114.386,115.2748,299686944
20250319,117.1123,120.283,115.5244,117.362,273426225
20250320,116.3933,120.0384,116.3134,118.3706,248829749
20250321,116.7827,117.8313,115.2648,117.5417,266498528
20250324,119.7188,122.0556,119.1795,121.2467,228452534
20250325,120.3829,121.1269,118.7601,120.5277,167447198
20250326,118.5703,118.6802,112.5584,113.607,296431667
20250327,111.2003,114.2961,110.5112,111.2802,236902055
20250328,111.3351,112.7182,108.9234,109.5225,229872549
20250331,104.9886,110.8058,103.5106,108.2343,299212653
20250401,108.3691,110.0518,106.3268,110.0019,222614034
20250402,107.1457,111.8294,106.6464,110.2715,220601243
20250403,103.3708,105.488,101.4634,101.6631,338769412
20250404,98.777,99.9953,91.9861,94.1832,532273810
20250407,87.3424,101.6132,86.5035,97.5087,611041347
20250408,103.6654,105.7077,94.333,96.1705,476243392
20250409,98.757,114.9452,97.3989,114.1763,612918336
20250410,109.2229,110.7109,99.0167,107.4253,437812353
20250411,108.3541,111.3999,107.3355,110.7808,313417265
20250414,113.9565,114.1363,108.9233,110.5611,264705049
20250415,110.8208,113.4622,110.3514,112.0491,228966900
20250416,104.4094,106.6464,100.3149,104.3495,397016870
20250417,104.3095,104.3295,99.9155,101.3535,292517465
20250421,98.6372,99.3063,94.9122,96.7797,288501136
20250422,98.6472,99.6768,97.1492,98.757,241004784
20250423,104.3794,104.6591,101.8828,102.5719,247525971
20250424,103.3358,106.3967,102.9713,106.2869,220815041
20250425,106.7063,111.7695,105.5878,110.8607,251064672
20250428,109.5425,110.2215,105.8774,108.5838,207708479
20250429,107.5252,110.0517,107.2955,108.8734,170444263
20250430,104.3295,108.7735,103.94,108.7735,235044611
20250501,112.9279,114.7854,111.1503,111.4599,236121507
20250502,114.0265,115.2448,113.2175,114.346,190194778
20250505,112.7532,114.5108,112.5085,113.6669,133163241
20250506,111.3301,114.5857,110.673,113.3873,158525621
20250507,112.893,117.5217,112.1308,116.9026,207827821
20250508,118.091,118.5204,115.6942,117.2122,198428122
20250509,117.1922,118.071,115.0551,116.4931,132972189
20250512,121.806,122.8346,120.1183,122.8346,225023345
20250513,124.8119,131.0424,124.3026,129.7553,330430105
20250514,133.0159,135.2529,131.5029,135.158,281180830
20250515,134.1144,136.1167,132.4816,134.6487,226632563
20250516,136.0368,136.1666,133.2805,135.2179,226542451
20250519,132.212,135.6873,132.212,135.3877,193154571
20250520,134.1094,134.399,132.4417,134.1993,161514247
20250521,132.8811,137.2152,130.4144,131.6228,270608738
20250522,132.0522,134.0695,131.3731,132.6514,187343954
20250523,129.8252,132.5016,128.9863,131.1134,198821324
20250527,133.9696,135.4776,133.1307,135.3178,192953613
20250528,135.8421,137.0654,134.6087,134.6287,304021146
20250529,142.0537,143.297,137.7245,139.0028,370615167
20250530,138.5285,139.4322,132.7413,134.9483,333170851
20250602,135.3078,137.9343,135.2179,137.1953,197663116
20250603,138.5934,141.809,137.7645,141.0301,225578783
20250604,141.9988,142.1985,139.3573,141.7291,167120819
20250605,141.9788,143.8064,138.6433,139.8017,232410759
20250606,142.3184,143.0773,141.3197,141.5294,153986153
20250609,142.9974,144.805,141.7491,142.4382,185114494
20250610,142.4981,144.096,141.3347,143.7664,155881897
20250611,144.4255,144.805,141.689,142.6478,167694044
20250612,141.7889,144.815,141.669,144.815,162364991
20250613,142.2982,143.3968,140.6753,141.7889,180820565
20250616,143.1621,145.9885,143.0174,144.5054,183133666
20250617,144.3057,145.0347,143.5966,143.9361,139108000
20250618,143.8213,145.4642,142.9374,145.2944,161494121
20250620,145.2644,146.0135,142.468,143.6665,242956157
20250623,142.3182,144.5953,141.8488,143.9861,154308941
20250624,145.3743,147.7712,145.3144,147.7113,187566121
20250625,149.0796,154.2529,149.0696,154.1131,269146471
20250626,155.776,156.5151,153.8035,154.8222,198145746
20250627,155.8409,158.5075,155.0569,157.5487,263234539
20250630,158.1979,158.4576,155.761,157.7884,194580316
20250701,156.0906,156.9994,151.2967,153.1044,213143621
20250702,152.7848,157.3989,152.7748,157.0494,171224111
20250703,158.1679,160.7746,157.5687,159.1367,143716055
20250707,157.9982,159.1067,157.1413,158.0381,140138975
20250708,159.1267,160.0156,158.1879,159.7959,138133025
20250709,161.0143,164.2102,160.9544,162.6722,183656443
20250710,164.1103,164.2901,161.4038,163.8906,167704075
20250711,163.5061,167.6758,163.2614,164.7096,193633263
20250714,165.159,165.2789,161.8133,163.8607,136975754
20250715,170.9716,172.18,168.9791,170.4822,230627350
20250716,170.8418,171.5309,168.6845,171.1514,158831509
20250717,171.8005,173.9378,170.612,172.7793,160841119
20250718,173.4185,174.0277,171.0415,172.19,146456416
20250721,172.5296,173.1588,170.7818,171.1613,123126136
20250722,171.1214,171.1713,164.37,166.8169,193114327
20250723,169.3137,171.0415,167.7557,170.5621,154082197
20250724,172.22,173.6082,171.0814,173.5183,128984628
20250725,173.3885,174.4971,172.7393,173.2786,122316792
20250728,173.798,176.7742,173.748,176.5245,140023521
20250729,177.7329,179.1511,174.7967,175.2861,154077512
20250730,176.2848,179.6605,175.8154,179.0413,174312208
20250731,182.6666,183.0661,175.7055,177.6431,221685446
20250801,173.8679,176.3148,170.672,173.4984,204528985
20250804,174.9365,179.9701,174.2973,179.7703,148174609
20250805,179.3908,180.03,175.6756,178.0326,156407621
20250806,176.1,179.6705,176.0251,179.1911,137192265
20250807,181.3383,183.6454,178.5669,180.5394,151878365
20250808,181.3184,183.0661,180.1698,182.4669,123396679
20250811,181.8177,183.6054,180.02,181.8277,138323191
20250812,182.7266,184.2446,179.231,182.9263,145729202
20250813,182.382,183.7353,179.1212,181.3583,179871724
20250814,179.5207,182.7865,179.231,181.7878,129553959
20250815,181.6479,181.6679,177.8145,180.2198,156602161
20250818,180.3696,182.7041,180.3596,181.7778,132007959
20250819,182.1972,182.2672,175.2661,175.4159,185229219
20250820,174.9415,175.7754,168.5856,175.1762,215142725
20250821,174.6269,176.6743,173.5882,174.7567,140040850
20250822,172.3898,178.3621,170.9816,177.7629,172789427
20250825,178.1224,181.6779,176.3447,179.5806,163012789
20250826,179.8253,182.1573,178.5819,181.5381,168688186
20250827,181.7478,182.2572,178.8715,181.3683,235518949
20250828,180.5893,184.2346,176.1849,179.9401,281787824
20250829,177.8828,177.9227,172.9241,173.9578,243257873
20250902,169.7831,172.1591,167.0066,170.5621,231164853
20250903,170.8418,172.19,168.6595,170.4023,164424873
20250904,170.3524,171.6407,169.1939,171.441,141670144
20250905,167.8156,168.8143,163.8607,166.8069,224441435
20250908,167.3362,170.7419,167.1365,168.0953,163769133
20250909,168.8743,170.7619,166.5274,170.5421,157548392
20250910,176.4146,179.0612,175.2461,177.1038,226852020
20250911,179.4608,180.0601,176.2647,176.9539,151159274
20250912,177.5531,178.3771,176.2347,177.6031,124911026
20250915,175.4557,178.6318,174.2971,177.5332,147061559
20250916,176.7841,177.2835,174.1673,174.6667,140737775
20250917,172.4294,172.9887,168.2046,170.0823,211843817
20250918,173.7678,176.8839,172.749,176.025,191763313
20250919,175.5556,177.8628,174.9663,176.4545,237182143
20250922,175.0861,184.3249,174.4922,183.386,269637001
20250923,181.748,182.1975,175.995,178.2123,192559552
20250924,179.5507,179.5607,175.186,176.7541,143564116
20250925,174.2671,180.0401,172.9138,177.4732,191586733
20250926,177.9526,179.5507,174.7166,177.9726,148573732
20250929,180.2049,183.7755,180.1,181.6282,193063455
20250930,181.8579,187.1214,181.2586,186.3524,236981032
20251001,185.014,187.9105,183.6757,187.0116,173844901
20251002,189.3687,190.8169,187.8306,188.6596,136805821
20251003,188.9592,190.1278,185.1538,187.3911,137596896
20251006,185.2737,187.0016,183.1063,185.3137,157678104
20251007,186.0028,188.8294,183.7755,184.8143,140088008
20251008,186.3424,189.3687,186.3124,188.8793,130168861
20251009,191.9905,195.0617,190.8269,192.3351,182997234
20251010,193.2689,195.3814,181.8279,182.9366,268774359
20251013,187.7357,189.878,185.7331,188.0903,153482755
20251014,184.5446,184.5746,179.4808,179.8104,205641380
20251015,184.5746,184.6445,177.0737,179.6106,214450482
20251016,182.0077,183.0564,179.5507,181.5882,179723309
20251017,179.9602,183.8754,179.5307,182.9965,173135217
20251020,182.9066,184.9741,181.5083,182.4172,128544711
20251021,182.562,182.562,179.5807,180.939,124240168
20251022,180.919,183.2162,176.5444,180.0601,162249552
20251023,180.1999,182.8067,179.5708,181.9378,111363718
20251024,183.6107,187.2413,183.2761,186.0328,131296677
20251027,189.7582,191.7658,188.2019,191.2564,153452704
20251028,192.8145,202.9022,191.6759,200.7848,297986180
20251029,207.7263,211.931,204.5252,206.7874,308829564
20251030,204.8997,205.9085,201.1643,202.6425,178864443
20251031,206.1981,207.7163,201.8235,202.243,179802178
20251103,207.8262,211.0772,205.3092,206.6276,180267285
20251104,202.7524,203.7211,197.6885,198.4476,188919320
20251105,198.5275,202.6725,194.4125,194.9719,171350332
20251106,196.1804,197.3789,186.1526,187.8506,223029778
20251107,184.6744,188.0903,178.6917,187.9205,264942255
20251110,194.872,199.6961,193.5536,198.8072,198897134
20251111,194.9169,195.1816,191.0666,192.9244,176483327
20251112,195.4812,195.651,190.8968,193.5636,154935263
20251113,190.8169,191.2065,183.6257,186.632,207423074
20251114,182.6369,190.777,180.3597,189.938,186591856
20251117,185.7381,188.7694,184.0951,186.3724,173628858
20251118,183.1513,184.5746,179.4308,181.1388,213598877
20251119,184.5646,187.6258,182.6071,186.2925,247246436
20251120,195.711,195.7609,179.6306,180.4196,343504849
20251121,181.0139,184.3348,172.719,178.6618,346926153
20251124,179.271,183.2761,176.2647,182.3273,256618335
20251125,174.6966,177.9427,169.3432,177.6031,320600271
20251126,181.4084,182.6869,178.0226,180.0401,183852010
20251128,178.7916,179.0713,176.2847,176.7841,121332776
20251201,174.5468,180.08,173.4681,179.7005,188130955
20251202,181.5383,185.4335,179.7804,181.2386,182632230
20251203,180.8591,182.2274,178.8916,179.3709,165138023
20251204,181.4086,184.3002,179.7505,183.1665,167364857
20251205,183.676,184.4451,180.6994,182.1977,143971098
20251208,182.4274,187.7812,182.1877,185.334,204378106
20251209,185.344,185.5005,183.1066,184.7547,144719705
20251210,184.7497,185.2641,181.8231,183.5661,162785370
20251211,180.0652,181.1089,176.4144,180.7194,182136641
20251212,180.8992,182.6072,174.4167,174.8163,204274918
20251215,177.7289,178.2073,174.8263,176.0848,164775636
20251216,176.0548,178.2822,174.6964,177.5131,148588098
20251217,175.895,175.925,170.1118,170.741,222775464
20251218,174.3268,175.945,171.62,173.9373,176096001
20251219,176.4594,181.2388,176.1347,180.7793,324925927
20251222,183.7059,183.9456,182.1377,183.4762,129064369
20251223,182.757,189.1096,182.6871,188.9898,174873621
20251224,187.7212,188.6901,186.3728,188.3905,65528545
20251226,189.6989,192.4657,187.7812,190.3082,139740292
20251229,187.4915,188.5353,185.6936,188.0009,120006103
20251230,188.0209,188.77,186.7124,187.3217,97687274
20251231,189.3493,190.3382,186.2729,186.2829,120100484
20260102,189.614,192.7053,188.0409,188.6302,148240462
20260105,191.5368,193.4046,185.9333,187.901,183529733
20260106,190.2982,191.9503,186.6025,187.0221,176862604
20260107,188.3505,191.1472,186.3428,188.8899,153543174
20260108,188.8899,189.3294,183.4962,184.8246,172457048
20260109,184.8646,186.1231,183.4563,184.6448,131327534
20260112,183.0067,186.9022,182.807,184.7247,137968453
20260113,184.7797,187.8909,183.1865,185.5937,160128939
20260114,184.1055,184.2453,180.5895,182.9268,159586135
20260115,186.2829,189.4792,186.1131,186.8323,206188642
20260116,188.8549,190.2183,185.8634,186.0132,187967169
20260120,181.6883,182.1663,177.4033,177.8627,223345257
20260121,178.8416,185.1632,178.1923,183.1066,200380959
20260122,184.535,185.9533,183.7159,184.6248,139636626
20260123,187.2817,189.3793,186.6058,187.4516,142748076
20260126,186.9421,188.8999,185.7735,186.2529,124799649
20260127,187.0221,189.7788,185.4838,188.3006,143711557
20260128,191.0474,192.1261,189.619,191.2971,148552677
20260129,191.1173,193.2548,185.8434,192.2859,171764375
20260130,190.9874,194.2636,189.2495,190.9075,179489463
20260202,186.9821,190.0785,184.6648,185.3939,165794054
20260203,186.0232,186.0532,176.0249,180.1301,204019589
20260204,179.2511,179.371,171.7099,173.9872,207014116
20260205,174.7214,176.6092,170.8309,171.6799,206312890
20260206,176.4843,186.7823,174.3968,185.1942,231346241
20260209,184.0455,193.4346,183.7359,189.8188,196387351
20260210,191.1572,192.256,187.901,188.3205,136764825
20260211,192.226,193.035,188.5503,189.8288,144192685
20260212,192.8053,193.3846,186.2929,186.7224,189932491
20260213,187.2568,187.2817,181.3786,182.5972,161888021
20260217,181.5384,186.9322,178.9714,184.7547,162276860
20260218,188.5303,190.1484,186.5426,187.7612,164749125
20260219,186.8373,188.2107,185.4439,187.6813,126554526
20260220,186.3528,190.1085,185.7214,189.599,178422337
20260223,191.1772,193.7242,189.3543,191.327,171584839
20260224,191.2671,193.5445,187.1819,192.6255,175123602
20260225,194.2237,197.3999,193.5644,195.3324,250637102
20260226,194.0439,194.0638,184.1005,184.6748,360807907
20260227,181.039,182.3775,176.1747,176.9838,311636494
20260302,174.8063,183.2465,174.4367,182.2676,209095331
20260303,178.2822,180.6894,176.7141,179.8404,178099430
20260304,180.23,184.485,179.8504,182.8269,177731198
20260305,180.9591,183.8458,177.6729,183.1266,198779729
20260306,179.6307,182.5434,176.6143,177.613,189021949
20260309,176.6242,182.6971,175.3556,182.4374,177213588
20260310,182.1877,186.223,181.7981,184.5549,179118528
20260311,185.6936,187.4016,184.2353,185.8135,145280386
20260312,183.8358,184.7247,181.5384,182.9268,155762663
20260313,184.7048,185.8734,179.7305,180.0402,160988424
20260316,182.757,188.6601,181.1988,183.0067,217307380
20260317,184.8446,185.1842,181.4689,181.7182,182497757
20260318,182.2676,183.1665,180.1201,180.19,156683136
20260319,177.8028,179.7705,175.5804,178.3522,170968527
20260320,177.7928,178.0525,171.5201,172.499,241323528
20260323,177.0487,178.1624,174.5566,175.4356,182836294
20260324,174.6265,176.0149,173.7775,174.9961,147667844
20260325,176.8939,181.0091,176.6441,178.472,162602054
20260326,175.8651,176.3045,170.9408,171.0407,186152232
20260327,169.8021,170.771,166.8156,167.325,196212684
20260330,168.5835,169.2528,164.0788,164.9777,185626992
20260331,166.7756,174.4167,166.7657,174.197,226181301
20260401,175.7951,177.1635,174.5466,175.5454,168132005
20260402,171.9796,177.2834,171.1705,177.1835,143143157
20260406,176.9488,177.5831,175.5554,177.4332,107564279
20260407,175.5205,178.0225,173.4579,177.8927,132534902
20260408,184.2852,185.0444,180.0901,181.8681,147732686
20260409,181.6283,183.8657,180.4098,183.6959,116428523
20260410,184.0955,189.7788,184.0855,188.4104,160459524
20260413,185.8135,189.4392,185.5238,189.0896,133648180
20260414,190.6179,196.2813,190.5479,196.2813,161307010
20260415,196.3112,200.1667,195.5122,198.6385,185338388
20260416,197.2002,199.6174,195.5821,198.1191,134012859
20260417,199.6673,201.4652,199.038,201.4452,160324416
20260420,199.7472,201.9347,197.6094,201.8248,119381388
20260421,201.8947,202.514,198.7684,199.6473,107945302
20260422,200.756,202.2643,198.7684,202.2643,107501042
20260423,202.2243,203.5917,196.991,199.4076,113561830
20260424,199.7272,210.7045,199.5774,208.0276,214134441
20260427,209.401,216.5726,207.1386,216.3579,187172421
20260428,209.2462,214.4801,207.9577,212.9219,180275363
20260429,212.4524,212.4724,207.3342,209.0064,123711821
20260430,209.6856,210.0552,198.4687,199.3377,225239156
20260501,201.0457,202.7637,196.8906,198.219,128646996
20260504,199.2678,201.4952,194.5133,198.249,125368092
20260505,199.068,200.0069,195.8018,196.2713,113406620
20260506,199.6573,208.0226,198.3788,207.5881,188362812
20260507,208.0975,213.9507,206.2596,211.2538,168307873
20260508,212.782,217.5465,212.6422,214.9495,136421361
20260511,213.7859,222.0412,213.641,219.1846,160685774
20260512,218.2906,223.4896,214.6698,220.523,159176619
20260513,224.6682,227.5748,221.3074,225.5671,150405386
20260514,229.5825,236.2647,229.0331,235.4656,180782857
20260515,229.4926,231.2305,223.979,225.0577,180977639
20260518,229.6024,229.7323,218.1158,222.0612,146280896
20260519,219.3644,224.2187,217.6564,220.3532,140948207
20260520,222.9202,225.8668,220.2383,223.2099,184201587
20260521,222.0313,227.1352,217.6763,219.2545,203381760
20260522,220.6469,220.7527,214.55,215.0794,169275710
20260526,216.2879,217.926,211.7532,214.6099,187202576
20260527,213.8708,213.9007,208.537,212.3525,167601172
20260528,211.0291,215.2682,210.9741,214.0006,143996048
20260529,214.3252,217.6063,210.8842,210.8942,289410623
20260601,215.4789,224.6083,215.4489,224.0988,212850685
20260602,226.9156,232.0096,221.0923,222.5606,193362903
20260603,221.4619,222.5606,214.2603,214.5,160907001
20260604,213.905,221.6,210.97,218.66,169022152
20260605,214.53,214.87,204.33,205.1,219655531
20260608,210.18,210.47,206.0,208.64,138372837
20260609,210.615,211.4,199.34,208.19,180962450
20260610,204.43,207.22,199.92,200.42,161746587
20260611,201.49,205.66,199.54,204.87,158643204
20260612,204.86,207.07,203.4385,205.19,112345314
20260615,208.92,212.7107,208.34,212.45,149936688
20260616,211.18,211.49,207.29,207.41,125694100
20260617,208.53,209.21,203.08,204.65,128363473
20260618,207.33,211.39,206.5,210.69,241272013
20260622,211.44,213.99,207.72,208.65,122041419
20260623,202.17,203.77,200.0,200.04,153496196
20260624,200.12,201.67,196.58,199.0,151810704
20260625,200.08,200.8,192.13,195.74,150205647
20260626,193.12,195.55,191.22,192.53,179304147
20260629,193.85,196.18,189.8,194.97,148835724
20260630,197.24,200.63,195.11,200.09,166476665
20260701,196.2,199.85,193.45,197.58,146147597
20260702,197.14,200.055,192.35,194.83,142385548
20260706,194.42,197.55,193.99,195.55,108999015
20260707,192.37,198.41,191.14,196.93,124154574
20260708,195.18,205.16,195.06,204.12,147419133
20260709,204.46,204.585,198.96,202.78,132037359
20260710,202.0,211.0,201.92,210.96,148421001
20260713,208.54,210.57,203.0,203.53,121411018
20260714,208.2,212.55,203.8,211.8,124379646
20260715,211.96,213.81,206.04,212.5,124797151
20260716,210.17,211.08,205.845,207.4,122986074
20260717,202.64,206.645,197.97,202.81,144281910
20260720,205.87,207.74,202.28,203.28,88701540
20260721,207.54,208.65,204.01,207.29,108685563
20260722,205.805,214.39,204.95,212.06,137645596
20260723,209.455,210.8687,205.96,208.76,110505328
20260724,207.45,211.9099,204.81,206.84,114836805
20260727,208.2,208.75,195.44,196.51,154353698
20260728,195.0,198.7,192.74,197.01,134111494
